request_id,true_type,risk_score,cache_hit_prob,tier_no_protection,tier_keyword_blocklist,tier_proposed_invention
req_000000,benign,0.000111460686,0.04198953309068646,full,full,full
req_000001,benign,7.665157e-05,0.891080907175058,full,full,full
req_000002,benign,7.915497e-05,0.8665218538091694,full,full,full
req_000003,benign,6.580353e-05,0.7848421384197819,full,full,full
req_000004,benign,4.9471855e-05,0.8952677933336559,full,full,full
req_000005,injection,0.99971795,0.8723187286182006,full,quarantine,quarantine
req_000006,exhaustion,0.9993366,0.0011403371985572522,full,full,quarantine
req_000007,benign,7.069111e-05,0.02511514273694345,full,full,full
req_000008,benign,6.0796738e-05,0.8682286198093038,full,full,full
req_000009,benign,8.225441e-05,0.059000780386294124,full,full,full
req_000010,benign,4.9710274e-05,0.8514211120657899,full,full,full
req_000011,benign,6.151199e-05,0.05585618658637986,full,full,full
req_000012,benign,6.0915947e-05,0.8131772956499166,full,full,full
req_000013,benign,5.6147575e-05,0.8418545026003473,full,full,full
req_000014,benign,7.4744225e-05,0.07358870144881381,full,full,full
req_000015,benign,6.496906e-05,0.01997844711395537,full,full,full
req_000016,benign,8.189678e-05,0.8519861053740829,full,full,full
req_000017,benign,5.6266785e-05,0.006385153158551121,full,full,full
req_000018,benign,6.92606e-05,0.07161892291527838,full,full,full
req_000019,benign,0.00022095442,0.05199825768354917,full,full,full
req_000020,benign,0.00015032291,0.8504071090259172,full,full,full
req_000021,benign,4.9471855e-05,0.01793540445799918,full,full,full
req_000022,benign,5.6147575e-05,0.9147031907199104,full,full,full
req_000023,benign,5.6624413e-05,0.9003362157652897,full,full,full
req_000024,benign,6.771088e-05,0.7144418760517015,full,full,full
req_000025,benign,8.165836e-05,0.0,full,full,full
req_000026,benign,5.6147575e-05,0.8412613953972419,full,full,full
req_000027,benign,0.00012111664,0.8288904794211823,full,full,full
req_000028,benign,4.9829483e-05,0.8606821498749305,full,full,full
req_000029,benign,4.9471855e-05,0.8608660965511281,full,full,full
req_000030,benign,5.6624413e-05,0.03300081523473725,full,full,full
req_000031,benign,0.0006352067,0.7943989618653859,full,full,full
req_000032,benign,5.6385994e-05,0.037709650146680464,full,full,full
req_000033,exhaustion,0.9993366,0.04217803057414661,full,full,quarantine
req_000034,benign,0.00010287762,0.8823351498100923,full,full,full
req_000035,benign,5.38826e-05,0.024383302102562895,full,full,full
req_000036,benign,5.018711e-05,0.8242996814156268,full,full,full
req_000037,benign,5.6266785e-05,0.7675962414572173,full,full,full
req_000038,benign,0.00010728836,0.858373237211137,full,full,full
req_000039,benign,5.6624413e-05,0.023053665235137348,full,full,full
req_000040,exhaustion,0.9993282,0.0,full,full,quarantine
req_000041,benign,4.9471855e-05,0.8158386669109718,full,full,full
req_000042,benign,5.686283e-05,0.8463978160136386,full,full,full
req_000043,benign,5.6147575e-05,0.8027624188469611,full,full,full
req_000044,benign,4.9710274e-05,0.010383920045420061,full,full,full
req_000045,benign,5.698204e-05,0.8547741513734727,full,full,full
req_000046,benign,6.496906e-05,0.8517793118527742,full,full,full
req_000047,benign,0.0005621314,0.04764321288051299,full,full,full
req_000048,benign,0.0005392432,0.8796874035892911,full,full,full
req_000049,injection,0.99942607,0.03382586176888875,full,quarantine,quarantine
req_000050,injection,0.9996217,0.028356714670470316,full,quarantine,quarantine
req_000051,benign,0.00033795834,0.8090884886304847,full,full,full
req_000052,benign,5.4240227e-05,0.03607887621966635,full,full,full
req_000053,benign,0.0006468892,0.02237133501400234,full,full,full
req_000054,benign,0.0003620386,0.8939580309143993,full,full,full
req_000055,benign,4.9471855e-05,0.01038063626726115,full,full,full
req_000056,benign,0.00011396408,0.895723360156439,full,full,full
req_000057,benign,9.250641e-05,0.020073083049024103,full,full,full
req_000058,benign,5.4001808e-05,0.0,full,full,full
req_000059,injection,0.99917555,0.027486820784022935,full,quarantine,quarantine
req_000060,benign,5.567074e-05,0.8527051139385772,full,full,full
req_000061,benign,4.9233437e-05,0.03898754739124358,full,full,full
req_000062,benign,5.567074e-05,0.8008905937529511,full,full,full
req_000063,benign,5.507469e-05,0.7946313476417404,full,full,full
req_000064,benign,6.198883e-05,0.859979226642354,full,full,full
req_000065,benign,5.4478645e-05,0.011624115189505284,full,full,full
req_000066,injection,0.99919945,0.01859019296707301,full,quarantine,quarantine
req_000067,benign,6.353855e-05,0.887975976123919,full,full,full
req_000068,benign,6.92606e-05,0.7675606316824526,full,full,full
req_000069,injection,0.99944323,0.008143730568133622,full,quarantine,quarantine
req_000070,benign,0.00011897087,0.009620405647162284,full,full,full
req_000071,benign,6.4730644e-05,0.03615570969734489,full,full,full
req_000072,benign,6.878376e-05,0.030686641036174852,full,full,full
req_000073,benign,8.249283e-05,0.8876121913589796,full,full,full
req_000074,benign,6.210804e-05,0.8626723258104071,full,full,full
req_000075,benign,0.0005518794,0.00732464988568492,full,full,full
req_000076,benign,0.00013804436,0.012905304508880753,full,full,full
req_000077,benign,5.6624413e-05,0.7759090863138894,full,full,full
req_000078,benign,0.00012648106,0.035568168160373274,full,full,full
req_000079,exhaustion,0.9993282,0.024261874239637125,full,full,quarantine
req_000080,benign,6.353855e-05,0.027372894712042663,full,full,full
req_000081,benign,4.9948692e-05,0.8596816424188577,full,full,full
req_000082,benign,0.00014054775,0.7684575383782449,full,full,full
req_000083,benign,0.00017082691,0.7902418459948399,full,full,full
req_000084,exhaustion,0.9993366,0.006091931768317311,full,full,quarantine
req_000085,benign,6.0796738e-05,0.045357280968464385,full,full,full
req_000086,benign,6.92606e-05,0.8179878317045756,full,full,full
req_000087,benign,0.00010728836,0.849947560171636,full,full,full
req_000088,exhaustion,0.9994018,0.00642740034918423,full,full,quarantine
req_000089,benign,0.00012028217,0.8734202167923639,full,full,full
req_000090,benign,0.00010883808,0.8938121098057175,full,full,full
req_000091,benign,4.9471855e-05,0.862824281361078,full,full,full
req_000092,benign,0.00048816204,0.8452585830515751,full,full,full
req_000093,benign,6.92606e-05,0.8370575967606076,full,full,full
req_000094,benign,6.4611435e-05,0.027068788319834374,full,full,full
req_000095,benign,5.698204e-05,0.0,full,full,full
req_000096,benign,0.00013744831,0.019458232181616717,full,full,full
req_000097,benign,6.878376e-05,0.046514217968219654,full,full,full
req_000098,benign,5.197525e-05,0.7787325519564906,full,full,full
req_000099,exhaustion,0.9993366,0.8666406806569024,full,full,quarantine
req_000100,benign,7.712841e-05,0.8174359493778303,full,full,full
req_000101,benign,5.6147575e-05,0.8931222398157873,full,full,full
req_000102,benign,0.0010147691,0.021706394215931568,full,full,full
req_000103,benign,6.735325e-05,0.8834576620394726,full,full,full
req_000104,exhaustion,0.9994476,0.05373547964932198,full,full,quarantine
req_000105,benign,4.9948692e-05,0.039319315843660156,full,full,full
req_000106,benign,0.00014090538,0.8062139428288577,full,full,full
req_000107,benign,0.00017166138,0.774284068414768,full,full,full
req_000108,benign,5.6028366e-05,0.9376692058758186,full,full,full
req_000109,benign,9.62019e-05,0.046260548459911704,full,full,full
req_000110,benign,0.00024992228,0.8155717526182839,full,full,full
req_000111,benign,0.00010573864,0.8572128544030412,full,full,full
req_000112,benign,0.000108122826,0.04162094035186173,full,full,full
req_000113,benign,0.000156641,0.8926071132106344,full,full,full
req_000114,benign,7.259846e-05,0.851696409121855,full,full,full
req_000115,benign,0.0017549992,0.010781686402069432,full,full,full
req_000116,injection,0.9994585,0.03429997804018941,full,quarantine,quarantine
req_000117,benign,4.9829483e-05,0.8734784049373746,full,full,full
req_000118,benign,5.6505203e-05,0.7983066638822509,full,full,full
req_000119,benign,0.0014842153,0.04261328997372858,full,full,full
req_000120,benign,6.496906e-05,0.9261968756495066,full,full,full
req_000121,benign,0.00013923645,0.0,full,full,full
req_000122,exhaustion,0.99931693,0.049038759406429974,full,full,quarantine
req_000123,benign,4.9114227e-05,0.880843937757716,full,full,full
req_000124,benign,5.6028366e-05,0.9773948907741563,full,full,full
req_000125,benign,6.16312e-05,0.7999537575564053,full,full,full
req_000126,benign,5.6147575e-05,0.7874652120599006,full,full,full
req_000127,benign,0.00012373924,0.8794484466890237,full,full,full
req_000128,benign,4.9471855e-05,0.03444601756365584,full,full,full
req_000129,benign,0.00023156404,0.8246987258031632,full,full,full
req_000130,benign,9.381771e-05,0.01770544490494428,full,full,full
req_000131,benign,5.6624413e-05,0.8766001043145899,full,full,full
req_000132,benign,9.191036e-05,0.04590680980385594,full,full,full
req_000133,benign,5.865097e-05,0.016243025529274896,full,full,full
req_000134,benign,6.9856644e-05,0.01816060362859189,full,full,full
req_000135,benign,4.9114227e-05,0.8077664448174198,full,full,full
req_000136,exhaustion,0.9993366,0.0,full,full,quarantine
req_000137,benign,5.018711e-05,0.8024800167416041,full,full,full
req_000138,benign,5.4597855e-05,0.8503257492934874,full,full,full
req_000139,injection,0.9993665,0.02980386391482559,full,quarantine,quarantine
req_000140,benign,4.9471855e-05,0.7953552815352378,full,full,full
req_000141,benign,6.878376e-05,0.0435769597220103,full,full,full
req_000142,benign,6.604195e-05,0.8473407889847329,full,full,full
req_000143,benign,0.0014731884,0.026015311018877326,full,full,full
req_000144,benign,7.4744225e-05,0.875576820995881,full,full,full
req_000145,benign,0.000115036964,0.012725294241494517,full,full,full
req_000146,benign,8.2969666e-05,0.01763346216069117,full,full,full
req_000147,benign,6.7830086e-05,0.021223548366173503,full,full,full
req_000148,benign,7.557869e-05,0.86412079211222,full,full,full
req_000149,benign,5.185604e-05,0.7920351636533784,full,full,full
req_000150,benign,6.830692e-05,0.016164028952131322,full,full,full
req_000151,benign,5.8412552e-05,0.8204782528355479,full,full,full
req_000152,benign,4.9471855e-05,0.04316171154255575,full,full,full
req_000153,benign,8.201599e-05,0.8049762465000474,full,full,full
req_000154,benign,0.00018435717,0.8304727327822339,full,full,full
req_000155,benign,7.843971e-05,0.9313650127311534,full,full,full
req_000156,benign,5.6147575e-05,0.022787400297761565,full,full,full
req_000157,benign,0.0001925826,0.858003794626717,full,full,full
req_000158,benign,4.9829483e-05,0.7431087820954712,full,full,full
req_000159,benign,0.00012648106,0.8499216533427402,full,full,full
req_000160,benign,5.018711e-05,0.8949783208738004,full,full,full
req_000161,benign,0.0005429387,0.8381668338969273,full,full,full
req_000162,benign,0.0013334751,0.8185322538058328,full,full,full
req_000163,benign,0.00011885166,0.02327335899112566,full,full,full
req_000164,benign,0.000116825104,0.0,full,full,full
req_000165,benign,8.058548e-05,0.8831828785508703,full,full,full
req_000166,benign,4.9233437e-05,0.0426513037712292,full,full,full
req_000167,benign,0.00011956692,0.8604583736168138,full,full,full
req_000168,benign,0.00010561943,0.0,full,full,full
req_000169,benign,6.0796738e-05,0.8437010405006679,full,full,full
req_000170,benign,4.9114227e-05,0.03294747558494343,full,full,full
req_000171,benign,5.6028366e-05,0.030242416754192758,full,full,full
req_000172,benign,5.6624413e-05,0.061434820255513195,full,full,full
req_000173,benign,4.9471855e-05,0.8586982969448101,full,full,full
req_000174,benign,0.00013267994,0.04555005633908049,full,full,full
req_000175,benign,5.6624413e-05,0.005014247701291781,full,full,full
req_000176,exhaustion,0.9994476,0.024969202892697426,full,full,quarantine
req_000177,benign,4.9471855e-05,0.05138672630637135,full,full,full
req_000178,benign,4.9471855e-05,0.8818875579820717,full,full,full
req_000179,benign,6.830692e-05,0.915866300369304,full,full,full
req_000180,benign,0.0001347065,0.8746514074749722,full,full,full
req_000181,benign,6.711483e-05,0.858057965692276,full,full,full
req_000182,benign,0.00014936924,0.8033889847314024,full,full,full
req_000183,benign,0.0005674958,0.9935783668906749,full,full,full
req_000184,benign,5.6624413e-05,0.8940129310330753,full,full,full
req_000185,benign,4.9114227e-05,0.05873923044922521,full,full,full
req_000186,benign,4.9114227e-05,0.024776958050088654,full,full,full
req_000187,benign,5.6028366e-05,0.03449481413011154,full,full,full
req_000188,benign,0.00014853477,0.06084769075599724,full,full,full
req_000189,benign,0.00070130825,0.8584315203505257,full,full,full
req_000190,exhaustion,0.9993366,0.0265816394184726,full,full,quarantine
req_000191,benign,4.9471855e-05,0.01982952346838027,full,full,full
req_000192,injection,0.99930954,0.05199551823745438,full,quarantine,quarantine
req_000193,benign,5.4955482e-05,0.0478865074196821,full,full,full
req_000194,benign,9.62019e-05,0.07080026912643411,full,full,full
req_000195,benign,5.6624413e-05,0.7691266250238156,full,full,full
req_000196,benign,4.9233437e-05,0.9054818999624261,full,full,full
req_000197,exhaustion,0.9993366,0.04518389509915434,full,full,quarantine
req_000198,benign,6.484985e-05,0.8774202726093498,full,full,full
req_000199,benign,6.759167e-05,0.796743763559835,full,full,full
req_000200,benign,6.878376e-05,0.941421511899775,full,full,full
req_000201,benign,0.00027912855,0.9510036683575223,full,full,full
req_000202,injection,0.99973243,0.0530670616434169,full,quarantine,quarantine
req_000203,benign,0.00012254715,0.009941899179106792,full,full,full
req_000204,injection,0.99944323,0.033714918610587084,full,quarantine,quarantine
req_000205,benign,5.6624413e-05,0.023533712526325176,full,full,full
req_000206,benign,0.00013768673,0.03952582627654634,full,full,full
req_000207,benign,6.1035156e-05,0.9433572757290309,full,full,full
req_000208,benign,0.00054234266,0.021820509177997494,full,full,full
req_000209,benign,4.9114227e-05,0.8351958092501253,full,full,full
req_000210,benign,5.6505203e-05,0.8750741465555261,full,full,full
req_000211,benign,0.00022000074,0.8176219660791936,full,full,full
req_000212,benign,5.018711e-05,0.8380343785133849,full,full,full
req_000213,injection,0.99947876,0.06002919271922684,full,quarantine,quarantine
req_000214,benign,0.00010752678,0.04083452343595669,full,full,full
req_000215,benign,6.92606e-05,0.7914728682449849,full,full,full
req_000216,benign,9.191036e-05,0.04588642999429521,full,full,full
req_000217,benign,4.9471855e-05,0.8396553537643877,full,full,full
req_000218,benign,0.00017923117,0.8333136998097932,full,full,full
req_000219,exhaustion,0.99931693,0.051545827922921506,full,full,quarantine
req_000220,benign,0.0001142025,0.020601652848909573,full,full,full
req_000221,injection,0.9991504,0.02210949034910062,full,quarantine,quarantine
req_000222,exhaustion,0.9993366,0.013437485310999333,full,full,quarantine
req_000223,benign,4.9114227e-05,0.8431675201852058,full,full,full
req_000224,benign,7.879734e-05,0.8167609332002074,full,full,full
req_000225,benign,5.507469e-05,0.04789849395299659,full,full,full
req_000226,benign,4.9471855e-05,0.024262818295950107,full,full,full
req_000227,benign,7.6413155e-05,0.0,full,full,full
req_000228,benign,0.00029426813,0.042000998058202434,full,full,full
req_000229,injection,0.99758697,0.03601262588204051,full,quarantine,quarantine
req_000230,benign,6.258488e-05,0.017705301923094,full,full,full
req_000231,benign,4.9829483e-05,0.004060962239030585,full,full,full
req_000232,benign,0.00012862682,0.8299942624497464,full,full,full
req_000233,benign,4.9114227e-05,0.055091747715117614,full,full,full
req_000234,benign,0.0001320839,0.0176641901531044,full,full,full
req_000235,injection,0.9979545,0.05413082867493754,full,quarantine,quarantine
req_000236,benign,5.6147575e-05,0.7793809392264112,full,full,full
req_000237,benign,7.557869e-05,0.8885161041397248,full,full,full
req_000238,benign,5.507469e-05,0.011439388739747036,full,full,full
req_000239,benign,0.00013196468,0.004655871892536866,full,full,full
req_000240,benign,6.2942505e-05,0.025946577329302452,full,full,full
req_000241,benign,5.543232e-05,0.8410764784300392,full,full,full
req_000242,benign,7.331371e-05,0.0030929376983652515,full,full,full
req_000243,benign,4.9471855e-05,0.769712597083778,full,full,full
req_000244,benign,6.92606e-05,0.9406115058136186,full,full,full
req_000245,benign,4.9471855e-05,0.03358058317016602,full,full,full
req_000246,benign,0.000104665756,0.7730170345751795,full,full,full
req_000247,benign,4.9829483e-05,0.8809421094283575,full,full,full
req_000248,benign,9.250641e-05,0.8322597934949412,full,full,full
req_000249,benign,8.010864e-05,0.02712379390381779,full,full,full
req_000250,benign,6.4492226e-05,0.8330195784687481,full,full,full
req_000251,injection,0.9995786,0.06789306050759991,full,quarantine,quarantine
req_000252,benign,0.00011396408,0.8622886421869317,full,full,full
req_000253,benign,8.773804e-05,0.812667355800855,full,full,full
req_000254,benign,5.018711e-05,0.8839369797929779,full,full,full
req_000255,benign,5.054474e-05,0.8265049950460228,full,full,full
req_000256,benign,5.6147575e-05,0.8065156427914764,full,full,full
req_000257,benign,5.6624413e-05,0.8538516210911251,full,full,full
req_000258,benign,6.759167e-05,0.018796791108116932,full,full,full
req_000259,benign,4.9471855e-05,0.06223396259384178,full,full,full
req_000260,benign,6.2823296e-05,0.8068740106460218,full,full,full
req_000261,benign,0.00017791986,0.0574917842891708,full,full,full
req_000262,benign,9.906292e-05,0.04440093257929478,full,full,full
req_000263,injection,0.9995603,0.021658051111746318,full,quarantine,quarantine
req_000264,injection,0.9992733,0.8519761445266691,full,quarantine,quarantine
req_000265,benign,8.237362e-05,0.7819470300847466,full,full,full
req_000266,benign,0.00022786856,0.8513997132124584,full,full,full
req_000267,benign,6.568432e-05,0.8472568440990768,full,full,full
req_000268,benign,4.9471855e-05,0.8949369894429084,full,full,full
req_000269,injection,0.9996003,0.0,full,quarantine,quarantine
req_000270,benign,0.0003540516,0.023826925580971083,full,full,full
req_000271,injection,0.9997182,0.030978163926195068,full,quarantine,quarantine
req_000272,benign,0.00018531084,0.04896777759295109,full,full,full
req_000273,benign,5.6147575e-05,1.0,full,full,full
req_000274,benign,6.1154366e-05,0.002760536957266104,full,full,full
req_000275,benign,6.0796738e-05,0.018629451111895817,full,full,full
req_000276,benign,7.927418e-05,0.02726856023779698,full,full,full
req_000277,injection,0.99933165,0.0201900304103173,full,quarantine,quarantine
req_000278,benign,0.0003207922,0.7610285690648204,full,full,full
req_000279,benign,9.250641e-05,0.04274315527460465,full,full,full
req_000280,benign,5.6624413e-05,0.8927688916999604,full,full,full
req_000281,benign,0.00012254715,0.8275026863262029,full,full,full
req_000282,benign,5.507469e-05,0.09417701563402074,full,full,full
req_000283,benign,0.00019389391,0.0063901630943716745,full,full,full
req_000284,benign,6.580353e-05,0.8045609875042775,full,full,full
req_000285,benign,5.567074e-05,0.8719194282103454,full,full,full
req_000286,benign,4.9114227e-05,0.04657762374064418,full,full,full
req_000287,benign,8.2969666e-05,0.8162533692112041,full,full,full
req_000288,exhaustion,0.9993282,0.7803949063094078,full,full,quarantine
req_000289,injection,0.99944323,0.026553734701964187,full,quarantine,quarantine
req_000290,benign,0.000297606,0.03255797588818652,full,full,full
req_000291,benign,0.0017465949,0.9000705112840082,full,full,full
req_000292,benign,0.0005429387,0.8572042684249961,full,full,full
req_000293,benign,5.0902367e-05,0.8891042261279948,full,full,full
req_000294,benign,0.000105023384,0.8567310967672229,full,full,full
req_000295,benign,4.9710274e-05,0.03099662362835671,full,full,full
req_000296,exhaustion,0.99930674,0.049158307441362334,full,full,quarantine
req_000297,benign,7.033348e-05,0.8834023713286072,full,full,full
req_000298,benign,0.00011897087,0.9392349137153512,full,full,full
req_000299,benign,0.00010538101,0.01727581119488281,full,full,full
req_000300,benign,0.00021868944,0.04621950964460861,full,full,full
req_000301,benign,0.0006288886,0.8421081648904823,full,full,full
req_000302,benign,0.00022739172,0.8259359858199438,full,full,full
req_000303,benign,4.9829483e-05,0.814926035067323,full,full,full
req_000304,benign,7.605553e-05,0.8569096821984084,full,full,full
req_000305,benign,9.250641e-05,0.8354541233474955,full,full,full
req_000306,benign,0.000104784966,0.016988623341150373,full,full,full
req_000307,benign,8.249283e-05,0.8500100821477562,full,full,full
req_000308,benign,7.545948e-05,0.8661955988815714,full,full,full
req_000309,benign,0.00015079975,0.04588779720413559,full,full,full
req_000310,benign,4.9471855e-05,0.8349622073747728,full,full,full
req_000311,benign,5.6624413e-05,0.007131532158473768,full,full,full
req_000312,benign,0.00022858381,0.8183652893739943,full,full,full
req_000313,benign,4.9114227e-05,0.8095836149056937,full,full,full
req_000314,benign,5.2571297e-05,0.040241007630543155,full,full,full
req_000315,benign,0.00020593405,0.011752183057938247,full,full,full
req_000316,benign,9.429455e-05,0.7799340899950474,full,full,full
req_000317,benign,9.191036e-05,0.8482452607935577,full,full,full
req_000318,exhaustion,0.9993366,0.017199341470802217,full,full,quarantine
req_000319,benign,6.92606e-05,0.034854862381755475,full,full,full
req_000320,benign,6.0081482e-05,0.8459501524296152,full,full,full
req_000321,benign,0.00010895729,0.8179021137652013,full,full,full
req_000322,benign,4.9114227e-05,0.009811661991837146,full,full,full
req_000323,benign,5.8293343e-05,0.8307784762895901,full,full,full
req_000324,benign,4.9829483e-05,0.8388460265784786,full,full,full
req_000325,benign,7.164478e-05,0.0,full,full,full
req_000326,benign,4.9710274e-05,0.8040102453088582,full,full,full
req_000327,benign,0.000108003616,0.032699970729299144,full,full,full
req_000328,benign,5.054474e-05,0.8239608126102179,full,full,full
req_000329,benign,7.927418e-05,0.896960655183916,full,full,full
req_000330,benign,5.8293343e-05,0.9068935187122762,full,full,full
req_000331,benign,5.6624413e-05,0.05065196992045275,full,full,full
req_000332,benign,6.520748e-05,0.8736799786027264,full,full,full
req_000333,benign,4.9829483e-05,0.783240581318744,full,full,full
req_000334,benign,5.6624413e-05,0.8818708854716307,full,full,full
req_000335,injection,0.9993785,0.010875590924328063,full,quarantine,quarantine
req_000336,benign,0.000121712685,0.026586652855028942,full,full,full
req_000337,benign,0.00010442734,0.041534652269785824,full,full,full
req_000338,benign,5.6147575e-05,0.03721020979281843,full,full,full
req_000339,injection,0.99912786,0.030817395597082176,full,quarantine,quarantine
req_000340,benign,0.0016044974,0.04723196941876351,full,full,full
req_000341,benign,6.7949295e-05,0.8796098345702243,full,full,full
req_000342,benign,0.00013804436,0.7843343281285766,full,full,full
req_000343,benign,7.70092e-05,0.011979300392177487,full,full,full
req_000344,benign,5.8293343e-05,0.8601366877880187,full,full,full
req_000345,benign,4.9471855e-05,0.8806754693217685,full,full,full
req_000346,benign,6.210804e-05,0.8537397044668286,full,full,full
req_000347,benign,5.6624413e-05,0.029200563211105163,full,full,full
req_000348,benign,7.8082085e-05,0.8223233891142295,full,full,full
req_000349,benign,7.772446e-05,0.04471416650392916,full,full,full
req_000350,benign,9.1671944e-05,0.849725019215673,full,full,full
req_000351,benign,4.9114227e-05,0.041065261850258994,full,full,full
req_000352,benign,6.341934e-05,0.8921831354134846,full,full,full
req_000353,benign,0.00013136864,0.8708124239856737,full,full,full
req_000354,benign,9.441376e-05,0.8936707772625974,full,full,full
req_000355,benign,6.16312e-05,0.0072443733069471015,full,full,full
req_000356,benign,4.9471855e-05,0.8914078259213305,full,full,full
req_000357,benign,5.6028366e-05,0.7969467539999162,full,full,full
req_000358,benign,4.9352646e-05,0.878499990543273,full,full,full
req_000359,benign,6.0796738e-05,0.8254809845185971,full,full,full
req_000360,exhaustion,0.99936694,0.035633121467607345,full,full,quarantine
req_000361,benign,6.198883e-05,0.9002822058208195,full,full,full
req_000362,benign,0.001187563,0.8132004923995735,full,full,full
req_000363,benign,0.00011444092,0.8474385260250628,full,full,full
req_000364,benign,0.00016117096,0.03697779959088625,full,full,full
req_000365,exhaustion,0.9993366,0.05951204972152825,full,full,quarantine
req_000366,exhaustion,0.9993366,0.020082895665404887,full,full,quarantine
req_000367,benign,7.259846e-05,0.789036122799477,full,full,full
req_000368,benign,7.510185e-05,0.8728804130354278,full,full,full
req_000369,benign,5.6624413e-05,0.887254460468957,full,full,full
req_000370,benign,0.00010037422,0.9561902947963872,full,full,full
req_000371,benign,0.00012135506,0.7660425451622904,full,full,full
req_000372,benign,5.6147575e-05,0.8231823850033004,full,full,full
req_000373,exhaustion,0.99852884,0.9166685594043668,full,full,quarantine
req_000374,benign,0.000104665756,0.7822464850696653,full,full,full
req_000375,benign,7.426739e-05,0.7900269708037637,full,full,full
req_000376,benign,5.6147575e-05,0.035537413546817116,full,full,full
req_000377,benign,5.9366226e-05,0.9009204330439391,full,full,full
req_000378,benign,4.9233437e-05,0.8165659756312222,full,full,full
req_000379,benign,7.414818e-05,0.02689769842262628,full,full,full
req_000380,benign,7.033348e-05,0.8558477634714974,full,full,full
req_000381,benign,6.830692e-05,0.9259374517009367,full,full,full
req_000382,benign,4.9471855e-05,0.8499240780145632,full,full,full
req_000383,benign,5.6147575e-05,0.8995123655984033,full,full,full
req_000384,exhaustion,0.9993366,0.01879586892464185,full,full,quarantine
req_000385,benign,6.4492226e-05,0.8407560575268989,full,full,full
req_000386,benign,0.00013768673,0.8451647773119091,full,full,full
req_000387,injection,0.9991504,0.03460254560533707,full,quarantine,quarantine
req_000388,benign,4.9829483e-05,0.8789806519760228,full,full,full
req_000389,benign,0.00041681528,0.8124123434353215,full,full,full
req_000390,benign,8.1419945e-05,0.05045829140552485,full,full,full
req_000391,benign,5.6743622e-05,0.8885315638213807,full,full,full
req_000392,benign,9.191036e-05,0.024465831507785564,full,full,full
req_000393,benign,5.6147575e-05,0.02377114258837953,full,full,full
req_000394,benign,7.522106e-05,0.05173216789937312,full,full,full
req_000395,benign,5.888939e-05,0.012295355831958836,full,full,full
req_000396,benign,5.018711e-05,0.8594371504062308,full,full,full
req_000397,benign,0.0007597208,0.861728896461364,full,full,full
req_000398,benign,0.00019842386,0.030207037954546403,full,full,full
req_000399,benign,4.9471855e-05,0.8871223124937534,full,full,full
req_000400,benign,0.000108003616,0.011639422822988275,full,full,full
req_000401,benign,5.8293343e-05,0.016517521772852498,full,full,full
req_000402,benign,0.0001039505,0.03015841506221565,full,full,full
req_000403,benign,0.00027030706,0.01251341757711227,full,full,full
req_000404,benign,4.9114227e-05,0.7700407968371059,full,full,full
req_000405,benign,7.772446e-05,0.8781315127603131,full,full,full
req_000406,benign,0.00015985966,0.8971061638794482,full,full,full
req_000407,benign,0.00019651651,0.03596089352258411,full,full,full
req_000408,exhaustion,0.9993282,0.03423985908095519,full,full,quarantine
req_000409,benign,5.6624413e-05,0.7998631156436788,full,full,full
req_000410,injection,0.9942299,0.022499639233026426,full,quarantine,quarantine
req_000411,benign,0.00010550022,0.8883408944485132,full,full,full
req_000412,benign,0.00035452843,0.7902085917664454,full,full,full
req_000413,benign,7.1167946e-05,0.8336800061727032,full,full,full
req_000414,benign,4.9471855e-05,0.7910577001287611,full,full,full
req_000415,benign,5.6147575e-05,0.01129382038597214,full,full,full
req_000416,benign,4.9471855e-05,0.032469085982919005,full,full,full
req_000417,benign,5.209446e-05,0.8139968169046503,full,full,full
req_000418,benign,0.0003193617,0.018057127902862395,full,full,full
req_000419,exhaustion,0.99931693,0.02177379437893477,full,full,quarantine
req_000420,benign,4.9471855e-05,0.025906627582771874,full,full,full
req_000421,injection,0.999453,0.033017033618850826,full,quarantine,quarantine
req_000422,injection,0.9991504,0.03460094861885863,full,quarantine,quarantine
req_000423,benign,4.9471855e-05,0.8807502631905484,full,full,full
req_000424,benign,5.6505203e-05,0.865517378522154,full,full,full
req_000425,benign,5.6624413e-05,0.0,full,full,full
req_000426,benign,5.4597855e-05,0.9003127872907779,full,full,full
req_000427,benign,5.698204e-05,0.043197767463019225,full,full,full
req_000428,benign,0.0005694032,0.8643466821533726,full,full,full
req_000429,benign,6.03199e-05,0.012715391198192764,full,full,full
req_000430,benign,0.000104665756,0.9239403529918265,full,full,full
req_000431,benign,4.9114227e-05,0.8247279318325516,full,full,full
req_000432,benign,5.6147575e-05,0.9371541223155203,full,full,full
req_000433,exhaustion,0.9993366,0.0629278808447852,full,full,quarantine
req_000434,benign,4.9352646e-05,0.8403011544673713,full,full,full
req_000435,benign,5.6624413e-05,0.03400929737271729,full,full,full
req_000436,benign,0.00015354156,0.8793146709527266,full,full,full
req_000437,benign,4.9233437e-05,0.852446762222119,full,full,full
req_000438,benign,0.00012362003,0.7948195367036107,full,full,full
req_000439,benign,6.9737434e-05,0.7936056411870681,full,full,full
req_000440,benign,5.6028366e-05,0.017916825275342475,full,full,full
req_000441,benign,6.7949295e-05,0.8161996998064416,full,full,full
req_000442,benign,5.1259995e-05,0.021831169121601362,full,full,full
req_000443,injection,0.99960375,0.9187769148985089,full,quarantine,quarantine
req_000444,injection,0.9994535,0.040825896752039265,full,quarantine,quarantine
req_000445,benign,5.6266785e-05,0.8678934445015531,full,full,full
req_000446,exhaustion,0.9993366,0.05666578808200587,full,full,quarantine
req_000447,benign,8.1181526e-05,0.8527241605460123,full,full,full
req_000448,injection,0.99938065,0.030154147929205056,full,quarantine,quarantine
req_000449,benign,5.9127808e-05,0.9565486116861657,full,full,full
req_000450,benign,0.0001783967,0.014035248991061896,full,full,full
req_000451,benign,6.1154366e-05,0.03537652447820355,full,full,full
req_000452,benign,0.00014674664,0.01954352257744605,full,full,full
req_000453,exhaustion,0.9993282,0.009208628443117036,full,full,quarantine
req_000454,benign,4.9471855e-05,0.8108800712025291,full,full,full
req_000455,benign,4.9471855e-05,0.03179133182657643,full,full,full
req_000456,benign,7.83205e-05,0.8597807346102557,full,full,full
req_000457,injection,0.9996807,0.9417950793338782,full,quarantine,quarantine
req_000458,benign,0.00029152632,0.07372191223330371,full,full,full
req_000459,exhaustion,0.9993083,0.02449272089336035,full,full,quarantine
req_000460,benign,5.507469e-05,0.05684580817392021,full,full,full
req_000461,benign,7.9870224e-05,0.8539403935129852,full,full,full
req_000462,benign,0.00042921305,0.9303899443808119,full,full,full
req_000463,exhaustion,0.9993282,0.046137303912044306,full,full,quarantine
req_000464,benign,6.592274e-05,0.8291232352520191,full,full,full
req_000465,benign,0.00010251999,0.8632590012424439,full,full,full
req_000466,benign,0.0001398325,0.8511438909022465,full,full,full
req_000467,benign,0.00013136864,0.8383830485027525,full,full,full
req_000468,benign,4.9114227e-05,0.8400609383502533,full,full,full
req_000469,benign,0.00015699863,0.8572104651736494,full,full,full
req_000470,benign,0.0010659099,0.029270463265109802,full,full,full
req_000471,benign,5.6505203e-05,0.8057559062420635,full,full,full
req_000472,benign,0.00022703409,0.004141392197558911,full,full,full
req_000473,benign,5.054474e-05,0.05766836535633518,full,full,full
req_000474,benign,5.507469e-05,0.8630397749640104,full,full,full
req_000475,benign,0.00010085106,0.041954866615563205,full,full,full
req_000476,benign,6.4730644e-05,0.8581977419179904,full,full,full
req_000477,benign,7.9512596e-05,0.8642926575959371,full,full,full
req_000478,benign,4.9114227e-05,0.014196146477693128,full,full,full
req_000479,exhaustion,0.99931693,0.04447046864127285,full,full,quarantine
req_000480,benign,6.854534e-05,0.027927035045361703,full,full,full
req_000481,benign,5.1021576e-05,0.021150721931286608,full,full,full
req_000482,exhaustion,0.9993083,0.011343620206810602,full,full,quarantine
req_000483,benign,5.6147575e-05,0.8697460700672626,full,full,full
req_000484,injection,0.9988699,0.04318556502435067,full,quarantine,quarantine
req_000485,benign,4.9114227e-05,0.8454319713907564,full,full,full
req_000486,benign,6.1154366e-05,0.8999830214677422,full,full,full
req_000487,benign,5.6505203e-05,0.9133363839125042,full,full,full
req_000488,benign,5.6624413e-05,0.8433115076829111,full,full,full
req_000489,benign,6.687641e-05,0.8089743558898629,full,full,full
req_000490,benign,6.9856644e-05,0.03357499473149967,full,full,full
req_000491,benign,0.000108003616,0.0312424746656287,full,full,full
req_000492,benign,0.0001718998,0.0,full,full,full
req_000493,benign,5.4717064e-05,0.05012124048468431,full,full,full
req_000494,injection,0.9992207,0.0012486593714690318,full,quarantine,quarantine
req_000495,benign,6.41346e-05,0.8310393058493647,full,full,full
req_000496,benign,4.9829483e-05,0.8780514866396785,full,full,full
req_000497,exhaustion,0.99942404,0.0,full,full,quarantine
req_000498,benign,0.000108003616,0.03185935929379527,full,full,full
req_000499,benign,0.000108003616,0.851406315477648,full,full,full
req_000500,benign,6.854534e-05,0.05752123114781993,full,full,full
req_000501,benign,5.2571297e-05,0.03341889007223873,full,full,full
req_000502,benign,4.9352646e-05,0.7806293384222707,full,full,full
req_000503,exhaustion,0.9993366,0.053978550718054366,full,full,quarantine
req_000504,injection,0.6175936,0.0,full,full,sandbox
req_000505,benign,5.6624413e-05,0.9055183900879343,full,full,full
req_000506,benign,5.6147575e-05,0.8055957569420404,full,full,full
req_000507,injection,0.99972284,0.0055105948941539876,full,quarantine,quarantine
req_000508,injection,0.9981351,0.04086160124223835,full,quarantine,quarantine
req_000509,benign,5.6624413e-05,0.008380383130311534,full,full,full
req_000510,benign,0.00012862682,0.7846210546671545,full,full,full
req_000511,exhaustion,0.9993366,0.0530790775609748,full,full,quarantine
req_000512,benign,5.054474e-05,0.028326340667655082,full,full,full
req_000513,benign,4.9114227e-05,0.785462280030869,full,full,full
req_000514,benign,4.9471855e-05,0.8084172519815781,full,full,full
req_000515,benign,6.03199e-05,0.020746770414461303,full,full,full
req_000516,exhaustion,0.9993366,0.016032878890938865,full,full,quarantine
req_000517,benign,6.055832e-05,0.011383942441888787,full,full,full
req_000518,benign,7.712841e-05,0.037874927124208396,full,full,full
req_000519,benign,6.258488e-05,0.03891914458168234,full,full,full
req_000520,benign,6.580353e-05,0.063234630050605,full,full,full
req_000521,benign,0.00010859966,0.03565520832080716,full,full,full
req_000522,benign,5.6147575e-05,0.02471405503813489,full,full,full
req_000523,benign,0.00010216236,0.039943649335924925,full,full,full
req_000524,benign,0.00014674664,0.9646198930087628,full,full,full
req_000525,benign,0.00018554926,0.8115711321426646,full,full,full
req_000526,benign,0.016601324,0.8527826408308351,full,full,full
req_000527,benign,5.3286552e-05,0.9198711291553772,full,full,full
req_000528,benign,6.902218e-05,0.7759379885286399,full,full,full
req_000529,benign,5.6147575e-05,0.7505069840465125,full,full,full
req_000530,benign,4.9471855e-05,0.7851527938900038,full,full,full
req_000531,benign,5.7458878e-05,0.8216466606821966,full,full,full
req_000532,benign,6.1154366e-05,0.8210778894007555,full,full,full
req_000533,benign,5.018711e-05,0.05718301716506498,full,full,full
req_000534,benign,0.0001039505,0.04373137783584701,full,full,full
req_000535,injection,0.9994511,0.05196520145667361,full,quarantine,quarantine
req_000536,injection,0.99946713,0.03721515503102313,full,quarantine,quarantine
req_000537,benign,5.6266785e-05,0.9437040670840602,full,full,full
req_000538,benign,0.000119924545,0.007155907074808891,full,full,full
req_000539,benign,0.000121474266,0.8995553723841772,full,full,full
req_000540,benign,6.16312e-05,0.03382482665917662,full,full,full
req_000541,benign,5.6028366e-05,0.8991815697322275,full,full,full
req_000542,benign,4.9471855e-05,0.043437869979109506,full,full,full
req_000543,benign,0.00013756752,0.8875507318501525,full,full,full
req_000544,benign,5.865097e-05,0.05365163242834403,full,full,full
req_000545,benign,6.496906e-05,0.9065452848939725,full,full,full
req_000546,benign,0.00064498186,0.021795789111977493,full,full,full
req_000547,benign,0.00010228157,0.7955060107143823,full,full,full
req_000548,benign,0.00012290478,0.0010658232880658182,full,full,full
req_000549,benign,0.00013911724,0.9109110734905893,full,full,full
req_000550,benign,0.00092589855,0.07096465532773669,full,full,full
req_000551,exhaustion,0.9993366,0.030346845152333702,full,full,quarantine
req_000552,benign,5.4597855e-05,0.04170138818655559,full,full,full
req_000553,exhaustion,0.9992951,0.02956995489012619,full,full,quarantine
req_000554,benign,0.00074511766,0.0,full,full,full
req_000555,benign,6.723404e-05,0.9155498651493014,full,full,full
req_000556,benign,7.688999e-05,0.024982075148886642,full,full,full
req_000557,benign,4.9471855e-05,0.8621285157718638,full,full,full
req_000558,benign,6.67572e-05,0.8473984307842771,full,full,full
req_000559,benign,5.6147575e-05,0.8619690150262328,full,full,full
req_000560,benign,5.6147575e-05,0.8134222041454461,full,full,full
req_000561,benign,4.9829483e-05,0.8946922800225836,full,full,full
req_000562,benign,7.021427e-05,0.9022746162019193,full,full,full
req_000563,benign,4.9471855e-05,0.8966271767001953,full,full,full
req_000564,benign,5.6624413e-05,0.8234525891140603,full,full,full
req_000565,benign,5.567074e-05,0.0430238977816486,full,full,full
req_000566,benign,9.3221664e-05,0.04781048807079544,full,full,full
req_000567,injection,0.9995323,0.0396113313350665,full,quarantine,quarantine
req_000568,benign,0.00017994642,0.858984810096128,full,full,full
req_000569,benign,4.9829483e-05,0.7558964553034802,full,full,full
req_000570,benign,0.0013018847,0.033667378581052954,full,full,full
req_000571,exhaustion,0.9993366,0.047913707189710594,full,full,quarantine
req_000572,benign,6.377697e-05,0.8842587858111283,full,full,full
req_000573,benign,5.733967e-05,0.8939739855023106,full,full,full
req_000574,benign,4.9114227e-05,0.06376503978431408,full,full,full
req_000575,benign,7.259846e-05,0.7514305256907408,full,full,full
req_000576,benign,5.8293343e-05,0.7594871122973532,full,full,full
req_000577,benign,5.6147575e-05,0.7877026112632057,full,full,full
req_000578,benign,0.0006994009,0.051699008819261094,full,full,full
req_000579,benign,4.9114227e-05,0.02350376802043192,full,full,full
req_000580,benign,5.1617622e-05,0.8844707076069761,full,full,full
req_000581,injection,0.9991504,0.8329770978617638,full,quarantine,quarantine
req_000582,benign,4.9114227e-05,0.017187029252627772,full,full,full
req_000583,benign,5.4597855e-05,0.0,full,full,full
req_000584,benign,5.6624413e-05,0.814775524232648,full,full,full
req_000585,benign,5.6147575e-05,0.01031617974363654,full,full,full
req_000586,benign,0.00010728836,0.04973192228332737,full,full,full
req_000587,exhaustion,0.99949896,0.037645961667477884,full,full,quarantine
req_000588,benign,5.6147575e-05,0.022627171227290015,full,full,full
req_000589,benign,4.9233437e-05,0.011116693743862167,full,full,full
req_000590,benign,7.224083e-05,0.01308263005142941,full,full,full
req_000591,injection,0.9994198,0.05946298103346456,full,quarantine,quarantine
req_000592,benign,5.7935715e-05,0.049382072681774,full,full,full
req_000593,benign,4.9471855e-05,0.778677201551536,full,full,full
req_000594,benign,5.6624413e-05,0.03656580240869841,full,full,full
req_000595,benign,0.000320673,0.8268769025950362,full,full,full
req_000596,benign,4.9471855e-05,0.026404530038640735,full,full,full
req_000597,benign,5.185604e-05,0.9129959254695819,full,full,full
req_000598,benign,4.9233437e-05,0.0633458183015143,full,full,full
req_000599,benign,5.9604645e-05,0.770957227724721,full,full,full
req_000600,benign,6.496906e-05,0.017850150663772373,full,full,full
req_000601,benign,4.9114227e-05,0.03067286586359672,full,full,full
req_000602,benign,5.1259995e-05,0.9447988384478951,full,full,full
req_000603,benign,0.0003540516,0.008434885627068692,full,full,full
req_000604,exhaustion,0.9993282,0.03461250687950209,full,full,quarantine
req_000605,benign,4.9471855e-05,0.9430376232086003,full,full,full
req_000606,benign,6.258488e-05,0.038728171178173086,full,full,full
req_000607,benign,7.1406364e-05,0.8345449520832633,full,full,full
req_000608,injection,0.99970174,0.06979944472272123,full,quarantine,quarantine
req_000609,benign,4.9114227e-05,0.8243491958886147,full,full,full
req_000610,benign,5.8293343e-05,0.9589356371299076,full,full,full
req_000611,benign,4.9471855e-05,0.01939861675432982,full,full,full
req_000612,benign,0.00031256676,0.8505595853406624,full,full,full
req_000613,benign,5.7816505e-05,0.7795836286023842,full,full,full
req_000614,benign,4.9471855e-05,0.8564237874025878,full,full,full
req_000615,benign,5.209446e-05,0.06816487412502847,full,full,full
req_000616,benign,0.00010621548,0.03612003984977842,full,full,full
req_000617,benign,4.9114227e-05,0.8865173635149748,full,full,full
req_000618,benign,5.698204e-05,0.004113621032679898,full,full,full
req_000619,benign,9.4771385e-05,0.0,full,full,full
req_000620,benign,0.0001039505,0.020086998696735005,full,full,full
req_000621,benign,0.00013744831,0.032388446519573996,full,full,full
req_000622,benign,5.6624413e-05,0.8347520216932842,full,full,full
req_000623,benign,0.01346612,0.01124116121843394,full,full,full
req_000624,benign,6.7830086e-05,0.045543431810737264,full,full,full
req_000625,benign,7.247925e-05,0.019040977566322975,full,full,full
req_000626,benign,5.6266785e-05,0.01869114199146949,full,full,full
req_000627,benign,5.7935715e-05,0.9864583519502148,full,full,full
req_000628,benign,6.6280365e-05,0.9421223802809078,full,full,full
req_000629,benign,4.9114227e-05,0.04767263520216525,full,full,full
req_000630,benign,0.00016093254,0.8335434372918505,full,full,full
req_000631,benign,5.6147575e-05,0.05125504452948129,full,full,full
req_000632,benign,0.00010728836,0.7558320109347506,full,full,full
req_000633,benign,4.9471855e-05,0.0,full,full,full
req_000634,benign,5.6147575e-05,0.04859931782479499,full,full,full
req_000635,benign,5.1021576e-05,0.8043951214540518,full,full,full
req_000636,benign,5.6624413e-05,0.05809766480229965,full,full,full
req_000637,benign,4.9114227e-05,0.8324429416952656,full,full,full
req_000638,injection,0.99756396,0.04686144861797574,full,quarantine,quarantine
req_000639,benign,5.6147575e-05,0.8568763442411564,full,full,full
req_000640,benign,5.1498413e-05,0.04300622973126337,full,full,full
req_000641,benign,0.0013720989,0.03345250388851631,full,full,full
req_000642,benign,0.00013804436,0.8514969114088566,full,full,full
req_000643,benign,5.733967e-05,0.041515144477027074,full,full,full
req_000644,benign,5.6624413e-05,0.8135520564447182,full,full,full
req_000645,exhaustion,0.9993366,0.00774358423494079,full,full,quarantine
req_000646,benign,7.247925e-05,0.04359112845712315,full,full,full
req_000647,benign,8.261204e-05,0.06448423174330828,full,full,full
req_000648,benign,6.389618e-05,0.039173838449662615,full,full,full
req_000649,benign,6.151199e-05,0.901502344662816,full,full,full
req_000650,benign,6.41346e-05,0.8587083378685988,full,full,full
req_000651,benign,7.557869e-05,0.8200726695232319,full,full,full
req_000652,benign,5.054474e-05,0.7965072203492168,full,full,full
req_000653,benign,7.867813e-05,0.015263430962630912,full,full,full
req_000654,injection,0.99944323,0.8298166807301781,full,quarantine,quarantine
req_000655,benign,7.6174736e-05,0.041523920216030547,full,full,full
req_000656,benign,0.00011897087,0.012691277777660201,full,full,full
req_000657,benign,9.441376e-05,0.8262096089438865,full,full,full
req_000658,benign,9.10759e-05,0.9008568066689538,full,full,full
req_000659,injection,0.9977897,0.018212427252786226,full,quarantine,quarantine
req_000660,benign,5.710125e-05,0.04631440089160739,full,full,full
req_000661,benign,6.2704086e-05,0.03893605866045451,full,full,full
req_000662,benign,0.00012242794,0.8591523805288951,full,full,full
req_000663,benign,7.843971e-05,0.04935178574132832,full,full,full
req_000664,benign,9.250641e-05,0.043842521154996435,full,full,full
req_000665,benign,5.865097e-05,0.030352088936047173,full,full,full
req_000666,benign,6.4611435e-05,0.9408702676776195,full,full,full
req_000667,benign,5.018711e-05,0.03939340727942574,full,full,full
req_000668,benign,5.543232e-05,0.04147190977972127,full,full,full
req_000669,benign,5.6624413e-05,0.040275994500001924,full,full,full
req_000670,benign,0.000106334686,0.7421204585918952,full,full,full
req_000671,benign,6.878376e-05,0.021585765903132974,full,full,full
req_000672,benign,5.185604e-05,0.060982432692873956,full,full,full
req_000673,benign,6.246567e-05,0.029537992576182476,full,full,full
req_000674,benign,7.200241e-05,0.02801065035126699,full,full,full
req_000675,benign,5.9247017e-05,0.057717626310493306,full,full,full
req_000676,benign,5.6624413e-05,0.8237295179640912,full,full,full
req_000677,benign,7.6532364e-05,0.0,full,full,full
req_000678,benign,0.00019103289,0.03150886577597992,full,full,full
req_000679,benign,9.1433525e-05,0.8821716169370049,full,full,full
req_000680,benign,0.00017780066,0.802976976537835,full,full,full
req_000681,benign,0.0011107326,0.0,full,full,full
req_000682,benign,0.000104665756,0.017506711524514072,full,full,full
req_000683,injection,0.9993602,0.016107223198195353,full,quarantine,quarantine
req_000684,benign,4.9114227e-05,0.8627153750007952,full,full,full
req_000685,benign,0.00013327599,0.9216437557996555,full,full,full
req_000686,benign,4.9471855e-05,0.8088777011240075,full,full,full
req_000687,benign,5.543232e-05,0.03090508442984681,full,full,full
req_000688,benign,5.8293343e-05,0.89198323992574,full,full,full
req_000689,benign,4.9710274e-05,0.7128141425845338,full,full,full
req_000690,benign,0.00010728836,0.0,full,full,full
req_000691,benign,0.00033903122,0.04244779099369831,full,full,full
req_000692,benign,0.00017106533,0.8732554661947187,full,full,full
req_000693,benign,6.878376e-05,0.0377212668544687,full,full,full
req_000694,benign,5.185604e-05,0.03146968124441579,full,full,full
req_000695,benign,5.1259995e-05,0.03440765670924235,full,full,full
req_000696,benign,0.00013792515,0.04491653000448992,full,full,full
req_000697,benign,4.9471855e-05,0.7814019816188802,full,full,full
req_000698,benign,5.686283e-05,0.765260251314169,full,full,full
req_000699,exhaustion,0.99935156,0.03157660759776196,full,full,quarantine
req_000700,benign,5.030632e-05,0.033418348326259124,full,full,full
req_000701,benign,0.0005429387,0.8185311301201644,full,full,full
req_000702,benign,5.6028366e-05,0.6725597514501032,full,full,full
req_000703,exhaustion,0.9993843,0.026926764177422687,full,full,quarantine
req_000704,benign,8.606911e-05,0.8233683755403273,full,full,full
req_000705,benign,0.000106573105,0.049519809707586945,full,full,full
req_000706,benign,5.6147575e-05,0.8210603687476477,full,full,full
req_000707,benign,0.00037443638,0.8061551399824648,full,full,full
req_000708,benign,6.92606e-05,0.04741467115539266,full,full,full
req_000709,benign,9.250641e-05,0.0356425876977477,full,full,full
req_000710,benign,0.0011029243,0.021472863587868686,full,full,full
req_000711,benign,5.6624413e-05,0.007931150934293498,full,full,full
req_000712,injection,0.99975926,0.006949231481668001,full,quarantine,quarantine
req_000713,benign,6.604195e-05,0.8636964532950466,full,full,full
req_000714,benign,5.6147575e-05,0.8213695297468661,full,full,full
req_000715,exhaustion,0.9993282,0.04454354306003845,full,full,quarantine
req_000716,benign,9.763241e-05,0.7923479012980322,full,full,full
req_000717,benign,5.698204e-05,0.8630365063348995,full,full,full
req_000718,benign,5.6624413e-05,0.8501476073924794,full,full,full
req_000719,benign,6.258488e-05,0.8765984133974131,full,full,full
req_000720,benign,5.8293343e-05,0.8975218424321891,full,full,full
req_000721,benign,5.209446e-05,0.9366419243706422,full,full,full
req_000722,benign,9.548664e-05,0.015060500289859809,full,full,full
req_000723,benign,4.9471855e-05,0.051577069043078724,full,full,full
req_000724,benign,0.000116467476,0.810416520968555,full,full,full
req_000725,injection,0.9991484,0.003666693620936856,full,quarantine,quarantine
req_000726,benign,5.6266785e-05,0.8190971782340312,full,full,full
req_000727,benign,5.6624413e-05,0.800901717210517,full,full,full
req_000728,benign,0.00029426813,0.015118277234433427,full,full,full
req_000729,benign,5.6147575e-05,0.8961620569230863,full,full,full
req_000730,benign,0.00057935715,0.9136155873519695,full,full,full
req_000731,injection,0.9991504,0.040102434199703996,full,quarantine,quarantine
req_000732,benign,4.9829483e-05,0.8637190798043639,full,full,full
req_000733,benign,6.1154366e-05,0.8210786500699966,full,full,full
req_000734,benign,6.210804e-05,0.7924519376075125,full,full,full
req_000735,benign,5.9962273e-05,0.8723509075265778,full,full,full
req_000736,benign,7.83205e-05,0.8634186555658268,full,full,full
req_000737,benign,6.9499016e-05,0.05058804223109764,full,full,full
req_000738,benign,5.6505203e-05,0.8792666233323303,full,full,full
req_000739,benign,4.9114227e-05,0.7629136328700136,full,full,full
req_000740,benign,5.733967e-05,0.8410500757937733,full,full,full
req_000741,benign,6.1392784e-05,0.8184843081442241,full,full,full
req_000742,benign,0.00021797419,0.8235361891888603,full,full,full
req_000743,exhaustion,0.9993366,0.04024267481173928,full,full,quarantine
req_000744,benign,6.759167e-05,0.0,full,full,full
req_000745,benign,6.842613e-05,0.01900680080201335,full,full,full
req_000746,benign,5.865097e-05,0.05953133376189064,full,full,full
req_000747,benign,9.191036e-05,0.0,full,full,full
req_000748,benign,0.000297606,0.06103006514495658,full,full,full
req_000749,benign,5.018711e-05,0.054454177214051186,full,full,full
req_000750,benign,0.00020641088,0.7904241097313227,full,full,full
req_000751,benign,5.9127808e-05,0.8723397582489966,full,full,full
req_000752,benign,4.9114227e-05,0.9099352964524127,full,full,full
req_000753,benign,5.4597855e-05,0.04411238422588274,full,full,full
req_000754,benign,4.9471855e-05,0.06437632055509915,full,full,full
req_000755,benign,5.6147575e-05,0.8308336438758289,full,full,full
req_000756,benign,4.9471855e-05,0.8595225001333322,full,full,full
req_000757,benign,6.9499016e-05,0.776982130322476,full,full,full
req_000758,benign,0.00010597706,0.8567301071629777,full,full,full
req_000759,benign,4.9829483e-05,0.0518674360738846,full,full,full
req_000760,benign,6.4492226e-05,0.017009971315433435,full,full,full
req_000761,benign,0.00028675795,0.03991717587904558,full,full,full
req_000762,benign,9.10759e-05,0.03569982235241651,full,full,full
req_000763,benign,5.6147575e-05,0.8080855576371906,full,full,full
req_000764,injection,0.9993648,0.04613291401978606,full,quarantine,quarantine
req_000765,injection,0.99967927,0.03986330214620657,full,quarantine,quarantine
req_000766,benign,6.258488e-05,0.8601685359769107,full,full,full
req_000767,benign,5.9962273e-05,0.9329331800407592,full,full,full
req_000768,exhaustion,0.9993366,0.04921114076492701,full,full,quarantine
req_000769,benign,0.00018435717,0.034742820392143506,full,full,full
req_000770,benign,5.698204e-05,0.0577075845479712,full,full,full
req_000771,benign,7.212162e-05,0.018855067578521123,full,full,full
req_000772,benign,5.4597855e-05,0.8118908336965888,full,full,full
req_000773,benign,4.9233437e-05,0.027666994641445196,full,full,full
req_000774,benign,0.00010728836,0.03971741769872189,full,full,full
req_000775,benign,4.9471855e-05,0.0,full,full,full
req_000776,benign,5.6624413e-05,0.8315517676670624,full,full,full
req_000777,benign,7.545948e-05,0.7394543899994108,full,full,full
req_000778,benign,0.0001039505,0.8366027118215819,full,full,full
req_000779,benign,5.6624413e-05,0.04846464481368894,full,full,full
req_000780,benign,7.402897e-05,0.018700997604210144,full,full,full
req_000781,injection,0.9996464,0.060775801868664305,full,quarantine,quarantine
req_000782,benign,4.9114227e-05,0.8349652387117105,full,full,full
req_000783,benign,0.00016117096,0.886761929093247,full,full,full
req_000784,benign,0.000119805336,0.05616193641964877,full,full,full
req_000785,benign,9.75132e-05,0.024419855613213616,full,full,full
req_000786,benign,7.331371e-05,0.06051096055442694,full,full,full
req_000787,benign,6.842613e-05,0.0069008881352706775,full,full,full
req_000788,benign,5.0902367e-05,0.8451510134709485,full,full,full
req_000789,benign,5.6624413e-05,0.9291159133889454,full,full,full
req_000790,benign,5.018711e-05,0.0,full,full,full
req_000791,exhaustion,0.9993366,0.055767175211193315,full,full,quarantine
req_000792,benign,0.00010573864,0.04426654912362348,full,full,full
req_000793,injection,0.99912786,0.02923912336946096,full,quarantine,quarantine
req_000794,benign,0.00030326843,0.0,full,full,full
req_000795,injection,0.99942017,0.018504308814520348,full,quarantine,quarantine
req_000796,benign,6.0796738e-05,0.7909858044075205,full,full,full
req_000797,benign,9.191036e-05,0.7608077260902291,full,full,full
req_000798,benign,4.9471855e-05,0.9144361584362256,full,full,full
req_000799,benign,0.000108003616,0.005917053618103043,full,full,full
req_000800,benign,4.9352646e-05,0.8151261542998146,full,full,full
req_000801,benign,5.2809715e-05,0.8449279996682155,full,full,full
req_000802,benign,0.000151515,0.0,full,full,full
req_000803,benign,6.2704086e-05,0.06047859030594559,full,full,full
req_000804,benign,7.4505806e-05,0.8941901143436355,full,full,full
req_000805,benign,5.722046e-05,0.03889073017762058,full,full,full
req_000806,benign,4.9829483e-05,0.8549039746546162,full,full,full
req_000807,benign,6.151199e-05,0.7973156544787832,full,full,full
req_000808,benign,5.352497e-05,0.8767672524436065,full,full,full
req_000809,benign,0.000104665756,0.9362952662766996,full,full,full
req_000810,benign,6.258488e-05,0.022887423532567383,full,full,full
req_000811,benign,5.030632e-05,0.023452177462327525,full,full,full
req_000812,benign,6.41346e-05,0.04941495877860926,full,full,full
req_000813,benign,5.6147575e-05,0.03416636368356574,full,full,full
req_000814,benign,4.9471855e-05,0.8480287393252582,full,full,full
req_000815,benign,5.8293343e-05,0.8399690022424325,full,full,full
req_000816,injection,0.9996117,0.03198746225134977,full,quarantine,quarantine
req_000817,benign,6.4611435e-05,0.04137349297277025,full,full,full
req_000818,benign,6.3061714e-05,0.05986679488068283,full,full,full
req_000819,benign,5.9247017e-05,0.04159373045094238,full,full,full
req_000820,benign,7.70092e-05,0.0477936600779601,full,full,full
req_000821,benign,4.9829483e-05,0.8800147759825714,full,full,full
req_000822,benign,5.6147575e-05,0.8181841334220388,full,full,full
req_000823,exhaustion,0.9993366,0.04946252729900044,full,full,quarantine
req_000824,injection,0.99921083,0.0393501828597697,full,quarantine,quarantine
req_000825,benign,0.000108003616,0.8363836402190155,full,full,full
req_000826,benign,9.393692e-05,0.8342017889748913,full,full,full
req_000827,benign,0.00015032291,0.890513507370383,full,full,full
req_000828,exhaustion,0.9993282,0.03642220090917383,full,full,quarantine
req_000829,benign,5.7458878e-05,0.02188060879334995,full,full,full
req_000830,benign,8.2969666e-05,0.8583097742583748,full,full,full
req_000831,exhaustion,0.99943703,0.022300635700310874,full,full,quarantine
req_000832,benign,0.0004144311,0.8704101824495298,full,full,full
req_000833,benign,0.00013744831,0.9136898983601802,full,full,full
req_000834,benign,0.00011944771,0.8764958222204141,full,full,full
req_000835,benign,4.9471855e-05,0.039898131008171925,full,full,full
req_000836,benign,5.6624413e-05,0.009848244189782938,full,full,full
req_000837,benign,6.9737434e-05,0.8023637540787194,full,full,full
req_000838,benign,4.9471855e-05,0.017607835585983077,full,full,full
req_000839,benign,4.9471855e-05,0.8541954860045519,full,full,full
req_000840,benign,4.9829483e-05,0.7881484738640212,full,full,full
req_000841,benign,4.9471855e-05,0.020247191436235108,full,full,full
req_000842,benign,5.567074e-05,0.8444169170681506,full,full,full
req_000843,benign,4.9114227e-05,0.8875203194970285,full,full,full
req_000844,benign,0.00016307831,0.053545358846967046,full,full,full
req_000845,benign,5.567074e-05,0.9151678335654588,full,full,full
req_000846,benign,5.853176e-05,0.9075884187140058,full,full,full
req_000847,benign,0.000119805336,0.04339813011982499,full,full,full
req_000848,benign,5.7458878e-05,0.8502405451482249,full,full,full
req_000849,benign,0.00033652782,0.7413797241678788,full,full,full
req_000850,exhaustion,0.9993366,0.031088314583261625,full,full,quarantine
req_000851,benign,4.9471855e-05,0.025563217328559856,full,full,full
req_000852,benign,4.9471855e-05,0.006138540483370709,full,full,full
req_000853,benign,7.200241e-05,0.9126912979107227,full,full,full
req_000854,benign,5.888939e-05,0.03579445968226277,full,full,full
req_000855,benign,0.00010216236,0.0,full,full,full
req_000856,benign,8.177757e-05,0.0,full,full,full
req_000857,benign,0.00010681152,0.9116843405887977,full,full,full
req_000858,benign,6.902218e-05,0.029324886226238817,full,full,full
req_000859,benign,0.00017154217,0.003060887472056812,full,full,full
req_000860,benign,6.9737434e-05,1.0,full,full,full
req_000861,benign,5.733967e-05,0.8481979632910307,full,full,full
req_000862,benign,5.8293343e-05,0.03053169995673996,full,full,full
req_000863,injection,0.9986347,0.06467286741938211,full,quarantine,quarantine
req_000864,exhaustion,0.9993282,0.032865038227851,full,full,quarantine
req_000865,benign,0.00011897087,0.8757807127381078,full,full,full
req_000866,benign,4.9114227e-05,0.018540026300027195,full,full,full
req_000867,benign,7.9751015e-05,0.9221900485758703,full,full,full
req_000868,benign,0.00043541193,0.03811684875278762,full,full,full
req_000869,benign,5.6147575e-05,0.9255235083341029,full,full,full
req_000870,benign,0.00016570091,0.9183280930757064,full,full,full
req_000871,benign,0.00024741888,0.0214381034699907,full,full,full
req_000872,benign,5.3167343e-05,0.013741676236969064,full,full,full
req_000873,benign,0.0016037822,0.021064773738468233,full,full,full
req_000874,benign,0.017275393,0.01158863616782662,full,quarantine,full
req_000875,benign,8.034706e-05,0.013466140009569763,full,full,full
req_000876,benign,5.6147575e-05,0.8623787619766995,full,full,full
req_000877,benign,5.722046e-05,0.8083644595308584,full,full,full
req_000878,benign,4.9829483e-05,0.8703573682957703,full,full,full
req_000879,benign,0.00010573864,0.02934039521361653,full,full,full
req_000880,benign,0.00011396408,0.782320264267713,full,full,full
req_000881,benign,5.185604e-05,0.8393102378176217,full,full,full
req_000882,benign,6.258488e-05,0.861550287725163,full,full,full
req_000883,benign,5.0902367e-05,0.03594533326439944,full,full,full
req_000884,benign,4.9471855e-05,0.03149389523726078,full,full,full
req_000885,benign,6.330013e-05,0.03845738646169271,full,full,full
req_000886,injection,0.9989408,0.05101695995063744,full,quarantine,quarantine
req_000887,exhaustion,0.99941564,0.01794569146569729,full,full,quarantine
req_000888,benign,0.00011765957,0.03266735686768911,full,full,full
req_000889,benign,6.9618225e-05,0.9612803359985926,full,full,full
req_000890,benign,7.8201294e-05,0.011716888885069422,full,full,full
req_000891,exhaustion,0.9993282,0.01811445016344602,full,full,quarantine
req_000892,benign,6.878376e-05,0.03291745175275992,full,full,full
req_000893,exhaustion,0.99930674,0.8247835690421149,full,full,quarantine
req_000894,benign,7.1525574e-05,0.009833345073344536,full,full,full
req_000895,benign,5.209446e-05,0.8595593487838371,full,full,full
req_000896,benign,4.9114227e-05,0.031735098513577295,full,full,full
req_000897,benign,5.2452087e-05,0.7416693920340877,full,full,full
req_000898,benign,0.00012052059,0.8861905126138632,full,full,full
req_000899,benign,0.00013303757,0.7964252021457404,full,full,full
req_000900,benign,5.185604e-05,0.022916454560328293,full,full,full
req_000901,benign,5.6147575e-05,0.8799778848982004,full,full,full
req_000902,benign,6.0081482e-05,0.02089438714458223,full,full,full
req_000903,benign,6.1154366e-05,0.8911417475252961,full,full,full
req_000904,benign,6.210804e-05,0.9054446543974247,full,full,full
req_000905,benign,4.9471855e-05,0.7598802539754561,full,full,full
req_000906,benign,8.237362e-05,0.8425444982565851,full,full,full
req_000907,injection,0.9997066,0.012106983864791476,full,quarantine,quarantine
req_000908,benign,4.9471855e-05,0.8462533008592621,full,full,full
req_000909,benign,6.663799e-05,0.8949598989253112,full,full,full
req_000910,injection,0.99939257,0.7811586317047388,full,quarantine,quarantine
req_000911,benign,7.712841e-05,0.9394579905369455,full,full,full
req_000912,benign,9.3221664e-05,0.8337679430560319,full,full,full
req_000913,benign,0.00010418892,0.044719582174086295,full,full,full
req_000914,benign,9.3221664e-05,0.051300189598926446,full,full,full
req_000915,benign,6.92606e-05,0.8888387363862451,full,full,full
req_000916,benign,5.352497e-05,0.04792123508444028,full,full,full
req_000917,benign,9.763241e-05,0.8492867019425853,full,full,full
req_000918,benign,5.51939e-05,0.780509375186361,full,full,full
req_000919,benign,5.8293343e-05,0.909377308576225,full,full,full
req_000920,benign,4.9114227e-05,0.8568936446416322,full,full,full
req_000921,benign,5.6624413e-05,0.8278657572843301,full,full,full
req_000922,benign,4.9352646e-05,0.009239916951377374,full,full,full
req_000923,benign,4.9471855e-05,0.035420227457628,full,full,full
req_000924,exhaustion,0.9993282,0.020734353692462966,full,full,quarantine
req_000925,benign,4.9114227e-05,0.026524791165342336,full,full,full
req_000926,exhaustion,0.9993282,0.8428466809767966,full,full,quarantine
req_000927,benign,0.00012755394,0.9168780465428706,full,full,full
req_000928,benign,4.9114227e-05,0.03559263072933874,full,full,full
req_000929,benign,5.7935715e-05,0.8140187519157633,full,full,full
req_000930,benign,9.250641e-05,0.00021878729442783781,full,full,full
req_000931,benign,0.00014150143,0.0056511799872767665,full,full,full
req_000932,benign,0.00039762259,0.8284993142178548,full,full,full
req_000933,benign,8.058548e-05,0.024946784285904952,full,full,full
req_000934,benign,0.00016319752,0.8098804160951425,full,full,full
req_000935,benign,5.6505203e-05,0.016208524923078158,full,full,full
req_000936,benign,0.0001655817,0.02943909723184001,full,full,full
req_000937,benign,6.830692e-05,0.013311738109881937,full,full,full
req_000938,benign,6.9737434e-05,0.021950137095759565,full,full,full
req_000939,benign,4.9471855e-05,0.03168334537438923,full,full,full
req_000940,benign,0.00029426813,0.053385471882155575,full,full,full
req_000941,benign,9.071827e-05,0.03601335896554588,full,full,full
req_000942,benign,6.484985e-05,0.05931307155907238,full,full,full
req_000943,benign,5.3286552e-05,0.8537917556224053,full,full,full
req_000944,benign,8.85725e-05,0.8896297405581539,full,full,full
req_000945,benign,7.259846e-05,0.8750210365591252,full,full,full
req_000946,benign,5.2809715e-05,0.048944540287878355,full,full,full
req_000947,injection,0.9996241,0.06857691685163847,full,quarantine,quarantine
req_000948,injection,0.999605,0.04821980819946093,full,quarantine,quarantine
req_000949,benign,5.054474e-05,0.03784541204883584,full,full,full
req_000950,benign,4.9114227e-05,0.0609397455697671,full,full,full
req_000951,benign,7.092953e-05,0.8109384213788426,full,full,full
req_000952,benign,6.389618e-05,0.050067184480813064,full,full,full
req_000953,benign,6.902218e-05,0.8254563589312773,full,full,full
req_000954,benign,4.9114227e-05,0.883219110415447,full,full,full
req_000955,benign,8.225441e-05,0.8888409052491711,full,full,full
req_000956,benign,0.00012040138,0.8513677805664579,full,full,full
req_000957,benign,0.00011789799,0.03683646796027539,full,full,full
req_000958,benign,0.000113248825,0.8002233529224262,full,full,full
req_000959,benign,0.00010728836,0.8955529166296913,full,full,full
req_000960,benign,6.854534e-05,0.8253706998273368,full,full,full
req_000961,benign,6.8068504e-05,0.048142418435644416,full,full,full
req_000962,benign,0.00011098385,0.8784407634962508,full,full,full
req_000963,benign,4.9471855e-05,0.8182193115324016,full,full,full
req_000964,benign,0.00011897087,0.8919644490858057,full,full,full
req_000965,benign,5.018711e-05,0.7906853156390888,full,full,full
req_000966,benign,5.018711e-05,0.01699793215464926,full,full,full
req_000967,benign,7.200241e-05,0.8068535038848244,full,full,full
req_000968,benign,4.9114227e-05,0.013436632076009335,full,full,full
req_000969,injection,0.999311,0.014954000564706594,full,quarantine,quarantine
req_000970,benign,4.9471855e-05,0.7926015309448324,full,full,full
req_000971,benign,4.9471855e-05,0.005719768816574742,full,full,full
req_000972,benign,7.081032e-05,0.009557676421141512,full,full,full
req_000973,benign,6.210804e-05,0.8000455216522037,full,full,full
req_000974,exhaustion,0.99942696,0.035351105004832156,full,full,quarantine
req_000975,benign,6.735325e-05,0.04448384064804593,full,full,full
req_000976,benign,4.9114227e-05,0.8824722637670389,full,full,full
req_000977,benign,4.9114227e-05,0.01253189488529369,full,full,full
req_000978,injection,0.9991745,0.009120649995213816,full,quarantine,quarantine
req_000979,benign,0.00011253357,0.7886297293769092,full,full,full
req_000980,exhaustion,0.9993282,0.0,full,full,quarantine
req_000981,benign,7.772446e-05,0.032613580313996776,full,full,full
req_000982,benign,5.6624413e-05,0.04296066710470341,full,full,full
req_000983,benign,8.273125e-05,0.8635504973462104,full,full,full
req_000984,benign,6.67572e-05,0.9046992966335825,full,full,full
req_000985,benign,8.010864e-05,0.8977881166126587,full,full,full
req_000986,injection,0.9996057,0.06723242690335623,full,quarantine,quarantine
req_000987,benign,6.9499016e-05,0.8082301665761347,full,full,full
req_000988,benign,4.9471855e-05,0.7995775017347434,full,full,full
req_000989,benign,7.522106e-05,0.9597836855813211,full,full,full
req_000990,benign,5.6624413e-05,0.0,full,full,full
req_000991,benign,5.1498413e-05,0.014608204978479766,full,full,full
req_000992,benign,5.6624413e-05,0.05272709817157019,full,full,full
req_000993,benign,4.9471855e-05,0.8393300914619187,full,full,full
req_000994,benign,6.878376e-05,0.049428386498761856,full,full,full
req_000995,benign,0.00010538101,0.0422887230573503,full,full,full
req_000996,benign,4.9471855e-05,0.05311825832820079,full,full,full
req_000997,benign,5.7697296e-05,0.8461900291684351,full,full,full
req_000998,benign,5.567074e-05,0.8301433166632938,full,full,full
req_000999,benign,7.557869e-05,0.8637478161633559,full,full,full
req_001000,benign,4.9114227e-05,0.8597419781584763,full,full,full
req_001001,benign,4.9471855e-05,0.891935899666275,full,full,full
req_001002,benign,0.00014650822,0.8486175359783699,full,full,full
req_001003,benign,6.341934e-05,0.014026995430232947,full,full,full
req_001004,benign,5.2452087e-05,0.039012675527736074,full,full,full
req_001005,benign,6.592274e-05,0.0025695180575983773,full,full,full
req_001006,benign,6.425381e-05,0.9355721398531299,full,full,full
req_001007,benign,7.6413155e-05,0.7883240551141001,full,full,full
req_001008,benign,4.9114227e-05,0.05367456407059473,full,full,full
req_001009,benign,6.723404e-05,0.01194591230724681,full,full,full
req_001010,benign,0.00025457144,0.8051640199294022,full,full,full
req_001011,exhaustion,0.9995117,0.035974487934677245,full,full,quarantine
req_001012,benign,6.4611435e-05,0.0201114964276701,full,full,full
req_001013,benign,6.318092e-05,0.024814412879883126,full,full,full
req_001014,benign,5.6624413e-05,0.7828273849359738,full,full,full
req_001015,benign,0.0001180172,0.7666066293001178,full,full,full
req_001016,benign,6.03199e-05,0.8484070312603114,full,full,full
req_001017,benign,0.000105023384,0.8334030333532725,full,full,full
req_001018,benign,4.9114227e-05,0.005988824344499721,full,full,full
req_001019,benign,4.9114227e-05,0.7975052764956782,full,full,full
req_001020,benign,0.00013363361,0.9764378685716154,full,full,full
req_001021,benign,4.9114227e-05,0.8445189585836235,full,full,full
req_001022,benign,0.000119805336,0.034091970228194074,full,full,full
req_001023,benign,9.23872e-05,0.039652905727513774,full,full,full
req_001024,benign,8.022785e-05,0.036175555025678964,full,full,full
req_001025,benign,7.200241e-05,0.03138076613993013,full,full,full
req_001026,benign,0.00016903877,0.03322578776545031,full,full,full
req_001027,benign,0.00010037422,0.8952388790043454,full,full,full
req_001028,benign,6.556511e-05,0.8825879526044521,full,full,full
req_001029,benign,0.00015723705,0.032296995806209976,full,full,full
req_001030,injection,0.9993531,0.019251628219505476,full,quarantine,quarantine
req_001031,benign,6.532669e-05,0.8105849144125222,full,full,full
req_001032,benign,5.722046e-05,0.9495583536500662,full,full,full
req_001033,benign,6.1273575e-05,0.837405511739905,full,full,full
req_001034,benign,7.83205e-05,0.8732846872976467,full,full,full
req_001035,benign,4.9114227e-05,0.8862960919437823,full,full,full
req_001036,exhaustion,0.9993366,0.03255752434117545,full,full,quarantine
req_001037,benign,5.6147575e-05,0.03608803667758288,full,full,full
req_001038,benign,4.9114227e-05,0.031325951322273296,full,full,full
req_001039,benign,5.6624413e-05,0.03371609482780495,full,full,full
req_001040,exhaustion,0.9993282,0.019755739580961246,full,full,quarantine
req_001041,benign,0.016971946,0.027161014283175845,full,full,full
req_001042,benign,5.6147575e-05,0.043970386095731936,full,full,full
req_001043,benign,5.2452087e-05,0.7047413366562256,full,full,full
req_001044,benign,5.567074e-05,0.043132511960641745,full,full,full
req_001045,benign,5.6624413e-05,0.8763423857635187,full,full,full
req_001046,benign,5.6147575e-05,0.05161106619922055,full,full,full
req_001047,benign,0.00010728836,0.01230701846256579,full,full,full
req_001048,injection,0.9991625,0.03703481728931376,full,quarantine,quarantine
req_001049,benign,5.6624413e-05,0.04818215018690561,full,full,full
req_001050,benign,4.9114227e-05,0.016376601051863796,full,full,full
req_001051,benign,0.0006210804,0.03449352286484752,full,full,full
req_001052,benign,4.9114227e-05,0.038315556281766916,full,full,full
req_001053,benign,6.842613e-05,0.8581754719172238,full,full,full
req_001054,benign,8.523464e-05,0.8908005352027467,full,full,full
req_001055,benign,0.00019568205,0.7444971977264361,full,full,full
req_001056,benign,0.00011467934,0.8225361481168738,full,full,full
req_001057,benign,0.0001513958,0.8946985825646168,full,full,full
req_001058,benign,6.258488e-05,0.8598097471382024,full,full,full
req_001059,benign,4.9471855e-05,0.08708520854621198,full,full,full
req_001060,benign,5.1259995e-05,0.00043701603718809476,full,full,full
req_001061,benign,8.2850456e-05,0.8974368706568553,full,full,full
req_001062,benign,0.00015282631,0.7715527912750914,full,full,full
req_001063,benign,5.4717064e-05,0.031133441529112703,full,full,full
req_001064,benign,6.8068504e-05,0.0,full,full,full
req_001065,benign,5.1259995e-05,0.9439675194923483,full,full,full
req_001066,benign,0.00017023087,0.01979821410696236,full,full,full
req_001067,injection,0.99912786,0.04493867809184818,full,quarantine,quarantine
req_001068,benign,4.9471855e-05,0.8196834182914121,full,full,full
req_001069,benign,5.6147575e-05,0.8259277933882041,full,full,full
req_001070,benign,0.0003105402,0.9084711685693786,full,full,full
req_001071,benign,0.000121593475,0.020895573559500596,full,full,full
req_001072,benign,4.9114227e-05,0.8436343088069501,full,full,full
req_001073,benign,4.9471855e-05,0.7794720949906464,full,full,full
req_001074,benign,9.381771e-05,0.009772986137525398,full,full,full
req_001075,benign,7.605553e-05,0.8822931703541319,full,full,full
req_001076,benign,5.6147575e-05,0.8102915262379777,full,full,full
req_001077,benign,4.9471855e-05,0.0316715468013689,full,full,full
req_001078,benign,0.00034177303,0.9290228298010447,full,full,full
req_001079,benign,8.404255e-05,0.8589133074574431,full,full,full
req_001080,benign,5.1498413e-05,0.8355703177207499,full,full,full
req_001081,benign,5.7935715e-05,0.7931508605330331,full,full,full
req_001082,benign,5.7578087e-05,0.8190210484359476,full,full,full
req_001083,benign,0.00011050701,0.8375001874479244,full,full,full
req_001084,benign,8.094311e-05,0.9184563925606859,full,full,full
req_001085,benign,5.6624413e-05,0.8194752650908876,full,full,full
req_001086,benign,5.8412552e-05,0.01819472148508526,full,full,full
req_001087,benign,9.191036e-05,0.8035656091524569,full,full,full
req_001088,exhaustion,0.9993366,0.025924069173298047,full,full,quarantine
req_001089,benign,5.8054924e-05,0.8921771823955459,full,full,full
req_001090,benign,5.888939e-05,0.8379902534432458,full,full,full
req_001091,benign,9.23872e-05,0.8084868978799696,full,full,full
req_001092,benign,4.9233437e-05,0.8434078294259163,full,full,full
req_001093,benign,5.6028366e-05,0.014843383815965333,full,full,full
req_001094,benign,4.9114227e-05,0.022653276067669013,full,full,full
req_001095,benign,0.00055092573,0.020304799956717266,full,full,full
req_001096,benign,0.0001090765,0.02689715174450815,full,full,full
req_001097,benign,0.0006430745,0.8298126120037167,full,full,full
req_001098,exhaustion,0.9994476,0.05024278912399309,full,full,quarantine
req_001099,benign,0.0010250807,0.8215723915242062,full,full,full
req_001100,benign,5.888939e-05,0.8317742575706832,full,full,full
req_001101,benign,0.00011444092,0.8518821293681264,full,full,full
req_001102,benign,6.6161156e-05,0.022555448581971855,full,full,full
req_001103,benign,0.00022011995,0.8389418691176145,full,full,full
req_001104,benign,6.663799e-05,0.040768200504629426,full,full,full
req_001105,benign,0.00012469292,0.8046140849988136,full,full,full
req_001106,benign,0.00010204315,0.9143257176167042,full,full,full
req_001107,exhaustion,0.9993366,0.03211501602742491,full,full,quarantine
req_001108,benign,8.6545944e-05,0.8418466759012062,full,full,full
req_001109,benign,5.6147575e-05,0.8682023092683774,full,full,full
req_001110,benign,6.2942505e-05,0.051307479288446575,full,full,full
req_001111,benign,0.00019901991,0.8947913073326547,full,full,full
req_001112,benign,4.9114227e-05,0.0392737524849304,full,full,full
req_001113,benign,0.000116705894,0.06663360475991273,full,full,full
req_001114,benign,5.4597855e-05,0.01965897459868223,full,full,full
req_001115,benign,5.185604e-05,0.03755198496673914,full,full,full
req_001116,benign,5.2452087e-05,0.05529334153777808,full,full,full
req_001117,benign,4.9471855e-05,0.8547235424016648,full,full,full
req_001118,benign,0.00015032291,0.8976833183631617,full,full,full
req_001119,benign,0.00010967255,0.8225130817926343,full,full,full
req_001120,exhaustion,0.9993366,0.05910519295970801,full,full,quarantine
req_001121,benign,7.390976e-05,0.8817274666417384,full,full,full
req_001122,exhaustion,0.9993253,0.015538132847380209,full,full,quarantine
req_001123,benign,5.6624413e-05,0.03553096274071427,full,full,full
req_001124,benign,4.9471855e-05,0.020647841019265856,full,full,full
req_001125,benign,9.191036e-05,0.016417848791679304,full,full,full
req_001126,injection,0.9993921,0.045911580918200585,full,quarantine,quarantine
req_001127,benign,0.00013327599,0.8748151986254429,full,full,full
req_001128,benign,5.7578087e-05,0.8324610879569704,full,full,full
req_001129,benign,5.698204e-05,0.02137259301553042,full,full,full
req_001130,exhaustion,0.9993282,0.011348420972781947,full,full,quarantine
req_001131,benign,6.92606e-05,0.044539873499869514,full,full,full
req_001132,benign,5.3286552e-05,0.8882605161827155,full,full,full
req_001133,benign,0.00016713142,0.8546496643039916,full,full,full
req_001134,benign,5.042553e-05,0.8929696405259122,full,full,full
req_001135,benign,5.1259995e-05,0.8656455241061336,full,full,full
req_001136,benign,4.9471855e-05,0.9181928315009659,full,full,full
req_001137,injection,0.99879396,0.030794680418031448,full,quarantine,quarantine
req_001138,exhaustion,0.9993282,0.04911573973597205,full,full,quarantine
req_001139,benign,0.00011050701,0.8716244114542785,full,full,full
req_001140,benign,5.185604e-05,0.05169357030095291,full,full,full
req_001141,benign,6.365776e-05,0.005237469048368321,full,full,full
req_001142,injection,0.9992395,0.02443216758473062,full,quarantine,quarantine
req_001143,benign,4.9352646e-05,0.036290586548749906,full,full,full
req_001144,benign,5.8174133e-05,0.872266930096731,full,full,full
req_001145,exhaustion,0.9993282,0.004148335853024928,full,full,quarantine
req_001146,benign,5.1498413e-05,0.8598523582123877,full,full,full
req_001147,exhaustion,0.99941564,0.0,full,full,quarantine
req_001148,benign,7.6293945e-05,0.02623137652060924,full,full,full
req_001149,exhaustion,0.9993282,0.02149751265896003,full,full,quarantine
req_001150,benign,0.00019711256,0.06023294342039872,full,full,full
req_001151,exhaustion,0.9993366,0.02460883585831839,full,full,quarantine
req_001152,benign,7.390976e-05,0.7637606536952299,full,full,full
req_001153,benign,7.867813e-05,0.016392130824715773,full,full,full
req_001154,exhaustion,0.9993282,0.013543334660919157,full,full,quarantine
req_001155,benign,7.772446e-05,0.7616440523169166,full,full,full
req_001156,benign,7.1287155e-05,0.8787464572327629,full,full,full
req_001157,benign,4.9471855e-05,0.8075887296967714,full,full,full
req_001158,exhaustion,0.99931693,0.004748324264592565,full,full,quarantine
req_001159,benign,0.00011694431,0.04152188503447671,full,full,full
req_001160,benign,0.000120043755,0.8049630713837326,full,full,full
req_001161,benign,0.00013196468,0.02425297573880583,full,full,full
req_001162,benign,0.00010573864,0.7805628579541743,full,full,full
req_001163,benign,0.00010728836,0.053976890965758056,full,full,full
req_001164,benign,5.209446e-05,0.04686027568776763,full,full,full
req_001165,benign,7.343292e-05,0.9509151149676196,full,full,full
req_001166,benign,8.237362e-05,0.048943221144620436,full,full,full
req_001167,benign,0.00011086464,0.059975892853617846,full,full,full
req_001168,exhaustion,0.99931693,0.003037587460474757,full,full,quarantine
req_001169,benign,0.0001424551,0.8356665791340857,full,full,full
req_001170,benign,5.6147575e-05,0.032036506244111605,full,full,full
req_001171,benign,6.151199e-05,0.9254720189793254,full,full,full
req_001172,benign,5.209446e-05,0.03661560370168772,full,full,full
req_001173,benign,9.191036e-05,0.8263292023688602,full,full,full
req_001174,benign,0.00014996529,0.017451657220364417,full,full,full
req_001175,benign,4.9114227e-05,0.040781417218954036,full,full,full
req_001176,benign,5.6147575e-05,0.016082990703131125,full,full,full
req_001177,benign,5.209446e-05,0.8483999157050888,full,full,full
req_001178,benign,6.496906e-05,0.8370710778965326,full,full,full
req_001179,injection,0.99964124,0.039413361215980866,full,quarantine,quarantine
req_001180,benign,4.9114227e-05,0.9752316687090459,full,full,full
req_001181,benign,5.38826e-05,0.7585056587240033,full,full,full
req_001182,benign,6.9499016e-05,0.8958211454992134,full,full,full
req_001183,benign,5.555153e-05,0.06067895160236805,full,full,full
req_001184,benign,5.6624413e-05,0.0045817194222398,full,full,full
req_001185,benign,5.7816505e-05,0.7945607738025406,full,full,full
req_001186,injection,0.99938065,0.03506774322949516,full,quarantine,quarantine
req_001187,benign,0.00010573864,0.026592093171284477,full,full,full
req_001188,exhaustion,0.99924934,0.030980019697956187,full,full,quarantine
req_001189,benign,7.772446e-05,0.03844729016171883,full,full,full
req_001190,benign,5.507469e-05,0.024445059707039064,full,full,full
req_001191,benign,7.510185e-05,0.07127023160092319,full,full,full
req_001192,benign,4.9471855e-05,0.07056709817296009,full,full,full
req_001193,benign,7.045269e-05,0.022002572627651137,full,full,full
req_001194,benign,8.7976456e-05,0.9270130540962345,full,full,full
req_001195,benign,6.043911e-05,0.048072455701512716,full,full,full
req_001196,benign,4.9114227e-05,0.7886998476147953,full,full,full
req_001197,benign,4.9471855e-05,0.7688096596757007,full,full,full
req_001198,benign,8.034706e-05,0.04169390885854163,full,full,full
req_001199,exhaustion,0.99931693,0.03469944050295789,full,full,quarantine
req_001200,benign,0.00010287762,0.02108156012176328,full,full,full
req_001201,benign,4.9114227e-05,0.8166213590461707,full,full,full
req_001202,benign,5.9604645e-05,0.8569141278902941,full,full,full
req_001203,benign,5.7935715e-05,0.05358425323731232,full,full,full
req_001204,benign,6.663799e-05,0.006076610967931006,full,full,full
req_001205,benign,4.9114227e-05,0.016189606378374376,full,full,full
req_001206,benign,0.00010848045,0.0,full,full,full
req_001207,benign,4.9114227e-05,0.8273381878954741,full,full,full
req_001208,benign,4.9114227e-05,0.8658817512658252,full,full,full
req_001209,benign,5.018711e-05,0.8207564398409595,full,full,full
req_001210,benign,5.6147575e-05,0.8156854476718662,full,full,full
req_001211,benign,5.698204e-05,0.8270094918733163,full,full,full
req_001212,benign,5.352497e-05,0.88013102945558,full,full,full
req_001213,benign,0.000108122826,0.017277503578247286,full,full,full
req_001214,exhaustion,0.9993282,0.006695420174074953,full,full,quarantine
req_001215,benign,0.00012540817,0.8348471542735396,full,full,full
req_001216,exhaustion,0.99943703,0.05053463064068775,full,full,quarantine
req_001217,benign,6.7949295e-05,0.9435375971578438,full,full,full
req_001218,benign,5.6147575e-05,0.024337350202699927,full,full,full
req_001219,benign,0.000629127,0.0510815223366816,full,full,full
req_001220,benign,5.0663948e-05,0.043019939352608484,full,full,full
req_001221,injection,0.99971086,0.08265746628992807,full,quarantine,quarantine
req_001222,benign,4.9829483e-05,0.0,full,full,full
req_001223,benign,5.1617622e-05,0.006920550243341907,full,full,full
req_001224,benign,0.00075024366,0.8759725451137305,full,full,full
req_001225,benign,4.9471855e-05,0.045619714832831074,full,full,full
req_001226,benign,0.0001039505,0.03734416437816719,full,full,full
req_001227,benign,0.00038075447,0.0273369210310028,full,full,full
req_001228,benign,7.70092e-05,0.8697471594712295,full,full,full
req_001229,benign,5.7935715e-05,0.06327949536804699,full,full,full
req_001230,benign,7.045269e-05,0.053330412206244425,full,full,full
req_001231,exhaustion,0.9993366,0.03766956870027916,full,full,quarantine
req_001232,benign,0.0005386472,0.8675112397886777,full,full,full
req_001233,benign,5.6147575e-05,0.06444514133588802,full,full,full
req_001234,benign,7.593632e-05,0.011274297916467557,full,full,full
req_001235,injection,0.9973647,0.008235511170732228,full,quarantine,quarantine
req_001236,benign,5.6147575e-05,0.028657456186385953,full,full,full
req_001237,benign,4.9471855e-05,0.7980716102831495,full,full,full
req_001238,benign,6.6399574e-05,0.048183725904557995,full,full,full
req_001239,benign,5.209446e-05,0.044915868253854394,full,full,full
req_001240,benign,5.9485435e-05,0.7916135809426665,full,full,full
req_001241,benign,7.355213e-05,0.026375528948843107,full,full,full
req_001242,benign,6.92606e-05,0.8610469272857776,full,full,full
req_001243,benign,6.258488e-05,0.03912029156932813,full,full,full
req_001244,benign,5.185604e-05,0.8466467083549518,full,full,full
req_001245,benign,5.6028366e-05,0.8611900395629264,full,full,full
req_001246,benign,5.7935715e-05,0.010642279930458656,full,full,full
req_001247,benign,0.00015079975,0.8413747565859482,full,full,full
req_001248,benign,7.164478e-05,0.030802660038138977,full,full,full
req_001249,benign,4.9114227e-05,0.7829019316995166,full,full,full
req_001250,benign,5.6028366e-05,0.880547478516138,full,full,full
req_001251,benign,0.00010573864,0.8147849554776653,full,full,full
req_001252,benign,4.9114227e-05,0.8772596629555852,full,full,full
req_001253,benign,4.9233437e-05,0.9117731949622829,full,full,full
req_001254,benign,0.00015580654,0.06702198569663298,full,full,full
req_001255,benign,7.8082085e-05,0.8641484890671542,full,full,full
req_001256,benign,5.6028366e-05,0.03864351095613417,full,full,full
req_001257,benign,7.2836876e-05,0.8847467821156773,full,full,full
req_001258,benign,0.0006543994,0.9420936915375668,full,full,full
req_001259,benign,0.0003273487,0.926670352695704,full,full,full
req_001260,benign,4.9114227e-05,0.006646680293758669,full,full,full
req_001261,benign,0.000104665756,0.02168036281245746,full,full,full
req_001262,benign,7.939339e-05,0.8079003233382225,full,full,full
req_001263,benign,5.6624413e-05,0.7944151005238816,full,full,full
req_001264,benign,6.568432e-05,0.019033114615763833,full,full,full
req_001265,benign,5.8054924e-05,0.8734091688337396,full,full,full
req_001266,benign,7.83205e-05,0.8412688895983649,full,full,full
req_001267,benign,0.000104665756,0.06037848193426314,full,full,full
req_001268,benign,6.54459e-05,0.8197731442828426,full,full,full
req_001269,benign,7.545948e-05,0.9055109534055594,full,full,full
req_001270,benign,0.00013422966,0.852000353239306,full,full,full
req_001271,exhaustion,0.9993366,0.018758293441568014,full,full,quarantine
req_001272,benign,4.9591064e-05,0.8499863351510267,full,full,full
req_001273,benign,0.0001335144,0.8450704361607738,full,full,full
req_001274,benign,7.426739e-05,0.974413214416436,full,full,full
req_001275,benign,7.045269e-05,0.0013817159324159209,full,full,full
req_001276,benign,6.508827e-05,0.006324517390850874,full,full,full
req_001277,benign,0.0001436472,0.9122053094669529,full,full,full
req_001278,benign,4.9233437e-05,0.8858756526286261,full,full,full
req_001279,benign,6.1154366e-05,0.013820873061254055,full,full,full
req_001280,benign,6.2942505e-05,0.032588575033801276,full,full,full
req_001281,benign,6.6280365e-05,0.0533141286072257,full,full,full
req_001282,benign,6.1273575e-05,0.05839943137320633,full,full,full
req_001283,benign,7.414818e-05,0.8784035281466205,full,full,full
req_001284,injection,0.9992892,0.7772765099383487,full,quarantine,quarantine
req_001285,benign,5.054474e-05,0.05502328065213841,full,full,full
req_001286,benign,5.8412552e-05,0.02410373490792724,full,full,full
req_001287,benign,0.000172019,0.023710288722228048,full,full,full
req_001288,benign,5.710125e-05,0.8866143431471725,full,full,full
req_001289,benign,8.189678e-05,0.037229978356137665,full,full,full
req_001290,injection,0.99946624,0.039812176296234826,full,quarantine,quarantine
req_001291,benign,5.6147575e-05,0.8017336710878775,full,full,full
req_001292,injection,0.9994257,0.024542041783695342,full,quarantine,quarantine
req_001293,benign,0.00011897087,0.8895512125752224,full,full,full
req_001294,benign,6.842613e-05,0.8871128036185109,full,full,full
req_001295,benign,6.1154366e-05,0.7525007629546683,full,full,full
req_001296,benign,9.250641e-05,0.8903651021994942,full,full,full
req_001297,benign,4.9471855e-05,0.0746208820639512,full,full,full
req_001298,benign,4.9114227e-05,0.9108131042823686,full,full,full
req_001299,benign,0.000108003616,0.01374297933714164,full,full,full
req_001300,benign,5.888939e-05,0.8499521415485167,full,full,full
req_001301,injection,0.99930954,0.02764340495526567,full,quarantine,quarantine
req_001302,benign,7.414818e-05,0.022607294653889415,full,full,full
req_001303,benign,0.00040882826,0.8691384677898681,full,full,full
req_001304,benign,0.0006478429,0.008147132487613597,full,full,full
req_001305,benign,4.9114227e-05,0.8345387626605492,full,full,full
req_001306,benign,4.9114227e-05,0.013081025898683745,full,full,full
req_001307,benign,6.2942505e-05,0.018844854076125545,full,full,full
req_001308,benign,7.8201294e-05,0.09496603376231859,full,full,full
req_001309,benign,4.9471855e-05,0.02147335220919437,full,full,full
req_001310,benign,5.6147575e-05,0.010403444206374811,full,full,full
req_001311,benign,0.00043302774,0.03384714054600138,full,full,full
req_001312,benign,5.4717064e-05,0.9122044420405134,full,full,full
req_001313,benign,4.9114227e-05,0.8877703590879247,full,full,full
req_001314,benign,0.0033407211,0.013387994392588358,full,full,full
req_001315,benign,6.258488e-05,0.06961622766282458,full,full,full
req_001316,benign,0.00017601252,0.8758348044787324,full,full,full
req_001317,benign,0.00016081333,0.013409940758788083,full,full,full
req_001318,benign,4.9471855e-05,0.015186091315983398,full,full,full
req_001319,benign,0.00012278557,0.8330240433174199,full,full,full
req_001320,benign,0.0007725954,0.8711940286361907,full,full,full
req_001321,benign,6.1154366e-05,0.8655083904055302,full,full,full
req_001322,benign,5.6266785e-05,0.0337075603516655,full,full,full
req_001323,benign,7.9631805e-05,0.7215054281612261,full,full,full
req_001324,benign,0.00034034252,0.05957077228228141,full,full,full
req_001325,benign,4.9471855e-05,0.873841797811975,full,full,full
req_001326,benign,4.9114227e-05,0.8763083922446162,full,full,full
req_001327,benign,6.92606e-05,0.8423267499612156,full,full,full
req_001328,benign,0.00010967255,0.009499056099834629,full,full,full
req_001329,benign,7.545948e-05,0.0,full,full,full
req_001330,benign,0.00034034252,0.011285286577779309,full,full,full
req_001331,benign,8.952618e-05,0.003957228082380717,full,full,full
req_001332,exhaustion,0.9993366,0.0006799556360862491,full,full,quarantine
req_001333,benign,0.0002889037,0.0253838574785568,full,full,full
req_001334,benign,6.41346e-05,0.014120195543675156,full,full,full
req_001335,benign,8.189678e-05,0.023168407070009566,full,full,full
req_001336,benign,8.845329e-05,0.03711399697051965,full,full,full
req_001337,benign,5.888939e-05,0.9124185987818191,full,full,full
req_001338,benign,0.0001373291,0.0007900050143952314,full,full,full
req_001339,benign,6.4492226e-05,0.8548679231363102,full,full,full
req_001340,injection,0.998681,0.046885544814643534,full,quarantine,quarantine
req_001341,benign,5.018711e-05,0.00821691136164195,full,full,full
req_001342,benign,6.830692e-05,0.8251094021691873,full,full,full
req_001343,benign,5.686283e-05,0.038271086487444754,full,full,full
req_001344,benign,0.00010025501,0.011124118319812942,full,full,full
req_001345,benign,6.92606e-05,0.011063952806119933,full,full,full
req_001346,benign,4.9233437e-05,0.034878750991091,full,full,full
req_001347,benign,0.00043278933,0.02716776124984894,full,full,full
req_001348,benign,5.8412552e-05,0.827023663440574,full,full,full
req_001349,benign,4.9471855e-05,0.8927661508255129,full,full,full
req_001350,benign,5.9247017e-05,0.051421986660333235,full,full,full
req_001351,benign,7.83205e-05,0.8290370672273856,full,full,full
req_001352,benign,6.03199e-05,0.01599872246056114,full,full,full
req_001353,benign,4.9471855e-05,0.8950726314475582,full,full,full
req_001354,benign,5.7458878e-05,0.06181241928804998,full,full,full
req_001355,exhaustion,0.99931693,0.02550558903109286,full,full,quarantine
req_001356,benign,0.00010216236,0.8741331737501757,full,full,full
req_001357,benign,7.9751015e-05,0.8237112290798446,full,full,full
req_001358,benign,5.6624413e-05,0.020007810496601657,full,full,full
req_001359,benign,0.00041276217,0.8551355511511315,full,full,full
req_001360,benign,6.6161156e-05,0.011253431197660885,full,full,full
req_001361,benign,5.9723854e-05,0.9661573904373386,full,full,full
req_001362,benign,4.9471855e-05,0.888426418882929,full,full,full
req_001363,benign,6.401539e-05,0.0270535826574629,full,full,full
req_001364,benign,5.853176e-05,0.8287146282304425,full,full,full
req_001365,benign,6.8068504e-05,0.8791277173189233,full,full,full
req_001366,benign,7.259846e-05,0.04075044522000595,full,full,full
req_001367,benign,4.9114227e-05,0.03293286197473842,full,full,full
req_001368,benign,9.262562e-05,0.012803516630401118,full,full,full
req_001369,benign,5.8293343e-05,0.051882080115281934,full,full,full
req_001370,benign,4.9114227e-05,0.967334918543065,full,full,full
req_001371,benign,9.250641e-05,0.718481630934603,full,full,full
req_001372,benign,0.00012600422,0.030692253578971554,full,full,full
req_001373,benign,0.00010728836,0.8394476408489162,full,full,full
req_001374,benign,6.842613e-05,0.04050895597998948,full,full,full
req_001375,benign,5.8293343e-05,0.0519609778077034,full,full,full
req_001376,benign,0.00012743473,0.048653045960893544,full,full,full
req_001377,benign,6.0796738e-05,0.03585255182541605,full,full,full
req_001378,benign,5.9366226e-05,0.7801474053248503,full,full,full
req_001379,injection,0.9995706,0.03337767857217687,full,quarantine,quarantine
req_001380,benign,4.9114227e-05,0.027469154304630983,full,full,full
req_001381,benign,8.547306e-05,0.8395148817121503,full,full,full
req_001382,benign,5.6028366e-05,0.8229862516320722,full,full,full
req_001383,benign,0.00010967255,0.014215944459765303,full,full,full
req_001384,benign,4.9471855e-05,0.7830266140801714,full,full,full
req_001385,benign,5.6624413e-05,0.865230728976053,full,full,full
req_001386,benign,5.7935715e-05,0.040402885719036906,full,full,full
req_001387,exhaustion,0.9993282,0.04131647397045389,full,full,quarantine
req_001388,benign,4.9114227e-05,0.01987373105745007,full,full,full
req_001389,benign,6.699562e-05,0.030167390361803676,full,full,full
req_001390,injection,0.99944323,0.04598213523542294,full,quarantine,quarantine
req_001391,benign,8.8095665e-05,0.7543523867378618,full,full,full
req_001392,benign,5.6624413e-05,0.7885263882294693,full,full,full
req_001393,benign,7.8201294e-05,0.033199751916637224,full,full,full
req_001394,benign,4.9471855e-05,0.849652607982998,full,full,full
req_001395,benign,5.00679e-05,0.7984012263506877,full,full,full
req_001396,benign,4.9471855e-05,0.7744877269610035,full,full,full
req_001397,exhaustion,0.99941564,0.0,full,full,quarantine
req_001398,benign,5.8174133e-05,0.9461951971396786,full,full,full
req_001399,benign,0.00060749054,0.001266784673900529,full,full,full
req_001400,benign,7.4863434e-05,0.8732126757724873,full,full,full
req_001401,benign,6.03199e-05,0.8539973415614732,full,full,full
req_001402,benign,4.9352646e-05,0.020727533430441474,full,full,full
req_001403,benign,5.6147575e-05,0.7550870920170261,full,full,full
req_001404,benign,4.9471855e-05,0.9047690823607489,full,full,full
req_001405,exhaustion,0.9993366,0.016490181430834513,full,full,quarantine
req_001406,benign,0.00014996529,0.8203792372989932,full,full,full
req_001407,benign,5.018711e-05,0.019551578694255847,full,full,full
req_001408,benign,6.0796738e-05,0.02607310501691189,full,full,full
req_001409,injection,0.9993771,0.018309626490426938,full,quarantine,quarantine
req_001410,benign,0.00028675795,0.03926624095702816,full,full,full
req_001411,benign,5.4717064e-05,0.9148681800170613,full,full,full
req_001412,benign,0.00014996529,0.038424248963737535,full,full,full
req_001413,benign,0.00013756752,0.008583980851445058,full,full,full
req_001414,benign,4.9471855e-05,0.8487979088527872,full,full,full
req_001415,benign,5.9604645e-05,0.8548494392790446,full,full,full
req_001416,exhaustion,0.9993366,0.042974163008134926,full,full,quarantine
req_001417,benign,6.7949295e-05,0.0,full,full,full
req_001418,benign,5.8293343e-05,0.05926348199658879,full,full,full
req_001419,benign,0.000161767,0.0227626489022355,full,full,full
req_001420,benign,0.000105023384,0.015789347820315085,full,full,full
req_001421,benign,9.250641e-05,0.8125634928322548,full,full,full
req_001422,benign,0.000108003616,0.7968224860666473,full,full,full
req_001423,benign,0.00019341707,0.8796354450084599,full,full,full
req_001424,exhaustion,0.9993366,0.03645725141120687,full,full,quarantine
req_001425,benign,6.341934e-05,0.8776602285713916,full,full,full
req_001426,benign,0.00057142973,0.8769098120907936,full,full,full
req_001427,benign,0.00016331673,0.06087942008424092,full,full,full
req_001428,benign,5.352497e-05,0.8603752547783518,full,full,full
req_001429,benign,0.00011587143,0.8876185658345032,full,full,full
req_001430,benign,6.1154366e-05,0.7898705086852593,full,full,full
req_001431,exhaustion,0.99931693,0.008389639110784896,full,full,quarantine
req_001432,benign,4.9471855e-05,0.8344131127097819,full,full,full
req_001433,benign,4.9829483e-05,0.05524777233986327,full,full,full
req_001434,benign,5.6505203e-05,0.8844796608895573,full,full,full
req_001435,benign,0.00034368038,0.783347360586284,full,full,full
req_001436,benign,7.271767e-05,0.8534191509367857,full,full,full
req_001437,benign,6.151199e-05,0.7270952189250199,full,full,full
req_001438,benign,5.6266785e-05,0.0,full,full,full
req_001439,injection,0.99960417,0.04128762297679542,full,quarantine,quarantine
req_001440,exhaustion,0.9993366,0.05248264044726083,full,full,quarantine
req_001441,benign,4.9471855e-05,0.7604177128316862,full,full,full
req_001442,benign,0.00011110306,0.8554334539546232,full,full,full
req_001443,benign,0.0007176995,0.02219183732565495,full,full,full
req_001444,benign,5.054474e-05,0.035474794036592115,full,full,full
req_001445,benign,0.00012075901,0.8170708467781046,full,full,full
req_001446,benign,6.151199e-05,0.0018053644937784767,full,full,full
req_001447,benign,5.6147575e-05,0.0054311011558909085,full,full,full
req_001448,benign,5.352497e-05,0.8814893997305979,full,full,full
req_001449,benign,0.00039428473,0.029753891852720846,full,full,full
req_001450,exhaustion,0.9985172,0.06578520747191598,full,full,quarantine
req_001451,benign,6.41346e-05,0.765109096652611,full,full,full
req_001452,benign,5.9127808e-05,0.024386536303023912,full,full,full
req_001453,benign,5.2571297e-05,0.8853884712053266,full,full,full
req_001454,benign,8.237362e-05,0.7138938075137453,full,full,full
req_001455,benign,6.353855e-05,0.04268043118640974,full,full,full
req_001456,benign,4.9471855e-05,0.958219348984042,full,full,full
req_001457,benign,0.0027868152,0.8910323804714844,full,full,full
req_001458,benign,0.00038433075,0.8775229400461227,full,full,full
req_001459,benign,0.0006210804,0.8701060638662533,full,full,full
req_001460,benign,5.6147575e-05,0.06428172993057338,full,full,full
req_001461,exhaustion,0.9993366,0.8029416373096527,full,full,quarantine
req_001462,exhaustion,0.99931544,0.0705340383578972,full,full,quarantine
req_001463,injection,0.9994585,0.011898491299961182,full,quarantine,quarantine
req_001464,benign,5.6147575e-05,0.8157335327754816,full,full,full
req_001465,benign,5.6624413e-05,0.03404008898028581,full,full,full
req_001466,exhaustion,0.9993366,0.027341132625661502,full,full,quarantine
req_001467,injection,0.9991403,0.04786692088183703,full,quarantine,quarantine
req_001468,benign,7.927418e-05,0.8923485706099917,full,full,full
req_001469,benign,5.698204e-05,0.8521838951048629,full,full,full
req_001470,benign,5.6505203e-05,0.8582211470574047,full,full,full
req_001471,benign,0.000108003616,0.005752191525029787,full,full,full
req_001472,benign,6.9618225e-05,0.02385433412257875,full,full,full
req_001473,benign,6.842613e-05,0.8043421671857389,full,full,full
req_001474,exhaustion,0.9993366,0.02281873696175852,full,full,quarantine
req_001475,benign,6.830692e-05,0.008177302325713776,full,full,full
req_001476,benign,4.9471855e-05,0.7994425039495814,full,full,full
req_001477,benign,6.556511e-05,0.8518524238594469,full,full,full
req_001478,benign,8.8214874e-05,0.026350740826533884,full,full,full
req_001479,benign,4.9829483e-05,0.7775425440172313,full,full,full
req_001480,benign,0.00010621548,0.03610054540353756,full,full,full
req_001481,benign,4.9471855e-05,0.04452107713715465,full,full,full
req_001482,benign,9.250641e-05,0.8465560591023228,full,full,full
req_001483,benign,5.698204e-05,0.8386331087832718,full,full,full
req_001484,benign,6.16312e-05,0.05161598188939159,full,full,full
req_001485,benign,5.7816505e-05,0.0014683115814814567,full,full,full
req_001486,benign,0.0011365414,0.8878056467791182,full,full,full
req_001487,benign,8.3208084e-05,0.03871716997782038,full,full,full
req_001488,benign,9.23872e-05,0.8205146126823064,full,full,full
req_001489,benign,6.508827e-05,0.05088343584240064,full,full,full
req_001490,benign,5.1259995e-05,0.017375002283832687,full,full,full
req_001491,benign,5.1498413e-05,0.7874434351894208,full,full,full
req_001492,benign,0.00012648106,0.032116071375973956,full,full,full
req_001493,benign,4.9233437e-05,0.07589553917950302,full,full,full
req_001494,benign,4.9471855e-05,0.00679962360004752,full,full,full
req_001495,benign,6.723404e-05,0.02840107410289798,full,full,full
req_001496,exhaustion,0.9993366,0.014356967346687535,full,full,quarantine
req_001497,benign,4.9352646e-05,0.86649258070799,full,full,full
req_001498,benign,5.0783157e-05,0.026362090032143095,full,full,full
req_001499,benign,6.401539e-05,0.028002857729393225,full,full,full
req_001500,benign,5.6624413e-05,0.03845402607819355,full,full,full
req_001501,benign,0.00012910366,0.02451877363441676,full,full,full
req_001502,benign,0.00034570694,0.9583496539536762,full,full,full
req_001503,benign,6.341934e-05,0.9924452062565463,full,full,full
req_001504,benign,5.7458878e-05,0.028494424273942543,full,full,full
req_001505,benign,4.9114227e-05,0.7920149839361686,full,full,full
req_001506,benign,5.38826e-05,0.8297900303499234,full,full,full
req_001507,benign,7.4505806e-05,0.037623960947533897,full,full,full
req_001508,benign,8.702278e-05,0.9534063751998156,full,full,full
req_001509,benign,8.058548e-05,0.8838310166298589,full,full,full
req_001510,benign,0.00017166138,0.9101686202301393,full,full,full
req_001511,benign,8.547306e-05,0.019531520642828183,full,full,full
req_001512,benign,0.000116586685,0.009865896619203667,full,full,full
req_001513,benign,0.0001718998,0.8859096127985115,full,full,full
req_001514,injection,0.9992319,0.041697430224870664,full,quarantine,quarantine
req_001515,benign,5.0902367e-05,0.06931129494908814,full,full,full
req_001516,benign,4.9471855e-05,0.0,full,full,full
req_001517,benign,6.258488e-05,0.8420817132622092,full,full,full
req_001518,benign,5.507469e-05,0.035058670097258965,full,full,full
req_001519,benign,0.00028043985,0.025528131561622647,full,full,full
req_001520,benign,0.000151515,0.01991194706161859,full,full,full
req_001521,benign,4.9471855e-05,0.017071824227919963,full,full,full
req_001522,benign,5.4597855e-05,0.834519135248678,full,full,full
req_001523,benign,6.0796738e-05,0.0,full,full,full
req_001524,exhaustion,0.9993282,0.07803696852544478,full,full,quarantine
req_001525,injection,0.9993873,0.022615893167927607,full,quarantine,quarantine
req_001526,benign,5.6624413e-05,0.025128826041952542,full,full,full
req_001527,benign,6.9499016e-05,0.048210312599894736,full,full,full
req_001528,injection,0.99881274,0.025904215456278145,full,quarantine,quarantine
req_001529,benign,5.2809715e-05,0.03607781851325345,full,full,full
req_001530,exhaustion,0.9993366,0.04370487828250186,full,full,quarantine
req_001531,benign,5.3286552e-05,0.790843081303659,full,full,full
req_001532,benign,5.6624413e-05,0.0404393642798522,full,full,full
req_001533,benign,5.888939e-05,0.9321080063475039,full,full,full
req_001534,benign,0.00030744076,0.05229949257521249,full,full,full
req_001535,benign,9.6321106e-05,0.8153291973817685,full,full,full
req_001536,benign,5.018711e-05,0.041510064849918975,full,full,full
req_001537,benign,8.165836e-05,0.020321210538564956,full,full,full
req_001538,benign,4.9471855e-05,0.9313794583298747,full,full,full
req_001539,benign,8.6307526e-05,0.8207153152331221,full,full,full
req_001540,benign,0.00011575222,0.8540858350180442,full,full,full
req_001541,benign,6.854534e-05,0.919240430812487,full,full,full
req_001542,benign,7.927418e-05,0.8086061620256849,full,full,full
req_001543,benign,0.00011956692,0.01952987044119021,full,full,full
req_001544,benign,4.9352646e-05,0.8091274330214281,full,full,full
req_001545,injection,0.9994488,0.056241188381515886,full,quarantine,quarantine
req_001546,benign,5.018711e-05,0.83521926535772,full,full,full
req_001547,benign,0.00010728836,0.8455747481698223,full,full,full
req_001548,benign,5.7458878e-05,0.8580045150014431,full,full,full
req_001549,injection,0.99958795,0.04517453036292839,full,quarantine,quarantine
req_001550,benign,0.00033390522,0.04242578295810343,full,full,full
req_001551,injection,0.99732655,0.010539286274217508,full,quarantine,quarantine
req_001552,benign,5.6624413e-05,0.035135466471239246,full,full,full
req_001553,benign,4.9471855e-05,0.029946753400954117,full,full,full
req_001554,benign,5.698204e-05,0.053192732584711064,full,full,full
req_001555,benign,0.000636518,0.04293256465407343,full,full,full
req_001556,exhaustion,0.9993366,0.9142755643274284,full,full,quarantine
req_001557,benign,5.6624413e-05,0.9148867336890248,full,full,full
req_001558,benign,8.094311e-05,0.8233878403221202,full,full,full
req_001559,benign,0.010354221,0.035555083644315796,full,full,full
req_001560,benign,4.9471855e-05,0.0197811459268932,full,full,full
req_001561,injection,0.999492,0.04901408561954915,full,quarantine,quarantine
req_001562,benign,6.4492226e-05,0.7810620325388273,full,full,full
req_001563,benign,5.9247017e-05,0.8320231736894995,full,full,full
req_001564,benign,0.00028282404,0.9896353532206172,full,full,full
req_001565,benign,0.00028675795,0.0019293205185201973,full,full,full
req_001566,exhaustion,0.9994552,0.02449994763548852,full,full,quarantine
req_001567,exhaustion,0.9993282,0.05364523652804981,full,full,quarantine
req_001568,benign,6.2942505e-05,0.0,full,full,full
req_001569,benign,5.8412552e-05,0.027286749064609615,full,full,full
req_001570,benign,5.9127808e-05,0.8547572059278418,full,full,full
req_001571,benign,5.865097e-05,0.02158030248547603,full,full,full
req_001572,injection,0.9996703,0.02223859007118731,full,quarantine,quarantine
req_001573,benign,5.8293343e-05,0.9207334818515716,full,full,full
req_001574,benign,9.250641e-05,0.8401315597326748,full,full,full
req_001575,benign,5.1379204e-05,0.8308652538547516,full,full,full
req_001576,benign,4.9471855e-05,0.9046795222957416,full,full,full
req_001577,benign,6.842613e-05,0.7866680686970262,full,full,full
req_001578,benign,5.6028366e-05,0.7877054909445713,full,full,full
req_001579,benign,5.698204e-05,0.0,full,full,full
req_001580,benign,5.7816505e-05,0.842131102156717,full,full,full
req_001581,exhaustion,0.9995117,0.04942163155804102,full,full,quarantine
req_001582,benign,5.9962273e-05,0.8454713527970065,full,full,full
req_001583,benign,8.523464e-05,0.8774888111649047,full,full,full
req_001584,benign,0.00029367208,0.8915373599981227,full,full,full
req_001585,injection,0.99954313,0.0054157899383996295,full,quarantine,quarantine
req_001586,benign,5.0902367e-05,0.8095673096729369,full,full,full
req_001587,benign,0.00012636185,0.8365956155431834,full,full,full
req_001588,benign,0.0003811121,0.9124123597605214,full,full,full
req_001589,benign,5.018711e-05,0.017406088599699415,full,full,full
req_001590,benign,5.6505203e-05,0.837328814775703,full,full,full
req_001591,benign,5.38826e-05,0.04781830563256253,full,full,full
req_001592,benign,6.4373016e-05,0.053807112904535076,full,full,full
req_001593,benign,0.0001206398,0.7962165754134042,full,full,full
req_001594,benign,7.8201294e-05,0.7825333248706344,full,full,full
req_001595,injection,0.9993207,0.01446795971753937,full,quarantine,quarantine
req_001596,benign,0.000116705894,0.009909772880875096,full,full,full
req_001597,benign,0.00022345781,0.8143691382511313,full,full,full
req_001598,benign,0.00054365396,0.8470517511779255,full,full,full
req_001599,benign,4.9471855e-05,0.8838354257646647,full,full,full
req_001600,benign,7.83205e-05,0.01296560257571049,full,full,full
req_001601,benign,7.355213e-05,0.8808261782976596,full,full,full
req_001602,benign,4.9114227e-05,0.03615845966817743,full,full,full
req_001603,benign,0.00012230873,0.8320735425090129,full,full,full
req_001604,benign,0.00017082691,0.06003140575799486,full,full,full
req_001605,benign,0.00028771162,0.8271252244621455,full,full,full
req_001606,injection,0.99971265,0.048547895004864214,full,quarantine,quarantine
req_001607,benign,6.997585e-05,0.0070733193469581165,full,full,full
req_001608,benign,5.5909157e-05,0.863081100786416,full,full,full
req_001609,benign,5.6624413e-05,0.8738098234247478,full,full,full
req_001610,benign,8.249283e-05,0.8003007495850825,full,full,full
req_001611,benign,7.069111e-05,0.8672123682798022,full,full,full
req_001612,benign,5.018711e-05,0.8607850293445111,full,full,full
req_001613,benign,4.9471855e-05,0.01367710946322313,full,full,full
req_001614,benign,0.00012278557,0.7399032347270371,full,full,full
req_001615,benign,5.6147575e-05,0.8738235292317973,full,full,full
req_001616,injection,0.9995307,0.023266389044781965,full,quarantine,quarantine
req_001617,benign,0.00014567375,0.9001103163921598,full,full,full
req_001618,benign,5.698204e-05,0.011714191044136405,full,full,full
req_001619,benign,5.6624413e-05,0.018176572597142154,full,full,full
req_001620,benign,0.000121712685,0.8155302621794679,full,full,full
req_001621,benign,0.00014722347,0.8494151937457871,full,full,full
req_001622,benign,0.00013804436,0.8837373338442687,full,full,full
req_001623,benign,0.00013053417,0.7932100393195101,full,full,full
req_001624,benign,0.002013564,0.9122735831304232,full,full,full
req_001625,benign,5.507469e-05,0.8995610788806455,full,full,full
req_001626,benign,7.426739e-05,0.8830553239170857,full,full,full
req_001627,benign,4.9471855e-05,0.02353266527694737,full,full,full
req_001628,benign,0.00023168325,0.8958151047922013,full,full,full
req_001629,benign,0.000108003616,0.04512601760377598,full,full,full
req_001630,benign,5.018711e-05,0.7899514550857527,full,full,full
req_001631,benign,5.6624413e-05,0.041034406724627284,full,full,full
req_001632,benign,4.9471855e-05,0.8349736333634348,full,full,full
req_001633,benign,4.9471855e-05,0.8684592987107818,full,full,full
req_001634,benign,4.9114227e-05,0.8237922281680303,full,full,full
req_001635,benign,6.9499016e-05,0.010463705143958384,full,full,full
req_001636,injection,0.9991526,0.030698161744829987,full,quarantine,quarantine
req_001637,exhaustion,0.9993462,0.03534597713980742,full,full,quarantine
req_001638,benign,5.698204e-05,0.026016070372729502,full,full,full
req_001639,benign,6.8068504e-05,0.059130921382866436,full,full,full
req_001640,benign,7.3075294e-05,0.018904487496942915,full,full,full
req_001641,benign,6.842613e-05,0.8120713636379375,full,full,full
req_001642,exhaustion,0.9993282,0.0034392234255209778,full,full,quarantine
req_001643,benign,8.869171e-05,0.0556976163238134,full,full,full
req_001644,exhaustion,0.9993083,0.022605763909588635,full,full,quarantine
req_001645,benign,5.054474e-05,0.7992600824425696,full,full,full
req_001646,benign,5.7458878e-05,0.0,full,full,full
req_001647,benign,5.6505203e-05,0.8246216273556888,full,full,full
req_001648,benign,0.00031864643,0.9182528517588975,full,full,full
req_001649,benign,0.00016891956,0.9763849247833748,full,full,full
req_001650,benign,0.00012278557,0.865171986791759,full,full,full
req_001651,benign,0.00030946732,0.9337095525725041,full,full,full
req_001652,benign,8.2969666e-05,0.8234897204280482,full,full,full
req_001653,benign,4.9352646e-05,0.03382336450274136,full,full,full
req_001654,benign,0.00015795231,0.05983774512969464,full,full,full
req_001655,benign,5.6743622e-05,0.042347694228014016,full,full,full
req_001656,benign,7.164478e-05,0.8022625338949629,full,full,full
req_001657,exhaustion,0.9993366,0.05558085542988547,full,full,quarantine
req_001658,benign,0.00013279915,0.9075051722613943,full,full,full
req_001659,benign,7.4863434e-05,0.032303489413068806,full,full,full
req_001660,benign,5.567074e-05,0.08073288242863993,full,full,full
req_001661,benign,5.733967e-05,0.8288131965083093,full,full,full
req_001662,benign,0.000106573105,0.8139043839889338,full,full,full
req_001663,benign,5.567074e-05,0.04421487642789855,full,full,full
req_001664,benign,0.00012981892,0.033425370692135886,full,full,full
req_001665,benign,7.70092e-05,0.03140348438933724,full,full,full
req_001666,benign,4.9352646e-05,0.023549402909550394,full,full,full
req_001667,injection,0.99936324,0.053139891759631304,full,quarantine,quarantine
req_001668,benign,4.9471855e-05,0.0,full,full,full
req_001669,benign,0.000108242035,0.7942380484447984,full,full,full
req_001670,benign,0.00012791157,0.00336906819233225,full,full,full
req_001671,benign,5.6624413e-05,0.9348366352649177,full,full,full
req_001672,benign,5.352497e-05,0.828636376411353,full,full,full
req_001673,injection,0.9991504,0.03802163558516397,full,quarantine,quarantine
req_001674,benign,6.842613e-05,0.9232119238287445,full,full,full
req_001675,benign,4.9114227e-05,0.8666681825501084,full,full,full
req_001676,benign,0.00012087822,0.8303604217677719,full,full,full
req_001677,benign,6.4730644e-05,0.07228468909261301,full,full,full
req_001678,benign,5.209446e-05,0.7988803657056367,full,full,full
req_001679,benign,6.1273575e-05,0.8653269447087979,full,full,full
req_001680,benign,0.00014436245,0.9064034899273588,full,full,full
req_001681,benign,5.0902367e-05,0.8784905705717991,full,full,full
req_001682,benign,5.352497e-05,0.8885658583731189,full,full,full
req_001683,benign,0.000110030174,0.8858840475685045,full,full,full
req_001684,benign,7.772446e-05,0.04778365984750745,full,full,full
req_001685,benign,7.224083e-05,0.03696484782553275,full,full,full
req_001686,benign,5.0663948e-05,0.05103130288412498,full,full,full
req_001687,benign,9.095669e-05,0.8852738018638311,full,full,full
req_001688,injection,0.99947816,0.04897034663939677,full,quarantine,quarantine
req_001689,benign,4.9114227e-05,0.042395743826260435,full,full,full
req_001690,benign,0.00011086464,0.8238829199741734,full,full,full
req_001691,exhaustion,0.9992173,0.0014962969156828501,full,full,quarantine
req_001692,benign,6.663799e-05,0.7985289842256824,full,full,full
req_001693,benign,4.9471855e-05,0.013962361533124485,full,full,full
req_001694,benign,4.9114227e-05,0.8609494758140463,full,full,full
req_001695,benign,0.00058209896,0.05170720515774627,full,full,full
req_001696,benign,5.7458878e-05,0.7682939752170154,full,full,full
req_001697,benign,5.6624413e-05,0.027458795958396974,full,full,full
req_001698,injection,0.9991636,0.056687094638171204,full,quarantine,quarantine
req_001699,exhaustion,0.9993282,0.02044661721582488,full,full,quarantine
req_001700,benign,9.191036e-05,0.023425006434109726,full,full,full
req_001701,injection,0.99931943,0.0038086931779198682,full,quarantine,quarantine
req_001702,exhaustion,0.9993282,0.07175956036025227,full,full,quarantine
req_001703,benign,5.7935715e-05,0.033438038967860656,full,full,full
req_001704,benign,0.00026267767,0.04552641441739744,full,full,full
req_001705,benign,9.191036e-05,0.0,full,full,full
req_001706,benign,5.054474e-05,0.8259310564638105,full,full,full
req_001707,benign,5.6266785e-05,0.0,full,full,full
req_001708,benign,6.7949295e-05,0.9200605492433251,full,full,full
req_001709,benign,8.606911e-05,0.04486105438455136,full,full,full
req_001710,benign,6.496906e-05,0.844160716096698,full,full,full
req_001711,benign,6.67572e-05,0.06354136534907646,full,full,full
req_001712,exhaustion,0.9993366,0.030881136486266045,full,full,quarantine
req_001713,benign,5.698204e-05,0.7569008814988232,full,full,full
req_001714,benign,4.9352646e-05,0.0391977853899793,full,full,full
req_001715,benign,8.392334e-05,0.8888746996534707,full,full,full
req_001716,benign,5.567074e-05,0.7553504764429654,full,full,full
req_001717,benign,0.000119805336,0.8474090388051887,full,full,full
req_001718,benign,4.9829483e-05,0.06670027412568454,full,full,full
req_001719,benign,4.9471855e-05,0.0446546112717919,full,full,full
req_001720,benign,0.0001039505,0.9189311558081834,full,full,full
req_001721,benign,0.0001039505,0.04119655198864437,full,full,full
req_001722,benign,5.38826e-05,0.8156632966467021,full,full,full
req_001723,benign,4.9114227e-05,0.02263961970225286,full,full,full
req_001724,injection,0.99933165,0.02024330382526089,full,quarantine,quarantine
req_001725,benign,5.7578087e-05,0.027048328589982008,full,full,full
req_001726,benign,6.735325e-05,0.8478876043668008,full,full,full
req_001727,benign,0.00014722347,0.9280405268190229,full,full,full
req_001728,benign,9.250641e-05,0.8563940769410551,full,full,full
req_001729,benign,5.6624413e-05,0.02225543187269451,full,full,full
req_001730,exhaustion,0.9993282,0.043270799520759476,full,full,quarantine
req_001731,benign,6.818771e-05,0.01604126485101068,full,full,full
req_001732,benign,4.9829483e-05,0.01108234572730928,full,full,full
req_001733,benign,5.733967e-05,0.06716668850794302,full,full,full
req_001734,exhaustion,0.9993366,0.020996925359399694,full,full,quarantine
req_001735,benign,0.00014007092,0.06630004510374979,full,full,full
req_001736,benign,9.381771e-05,0.0298992181091218,full,full,full
req_001737,benign,9.9778175e-05,0.8447846702120988,full,full,full
req_001738,benign,6.0796738e-05,0.7899118017872836,full,full,full
req_001739,benign,5.185604e-05,0.868890915666431,full,full,full
req_001740,injection,0.9979075,0.015611665847198962,full,quarantine,quarantine
req_001741,benign,7.70092e-05,0.032994200001028845,full,full,full
req_001742,exhaustion,0.9994312,0.030095868811496607,full,full,quarantine
req_001743,benign,5.6624413e-05,0.8060116660227044,full,full,full
req_001744,benign,4.9233437e-05,0.9418891749244491,full,full,full
req_001745,exhaustion,0.9993366,0.018102120397766777,full,full,quarantine
req_001746,benign,0.00014173985,0.035918283763059236,full,full,full
req_001747,benign,5.7935715e-05,0.8133756201285175,full,full,full
req_001748,benign,6.16312e-05,0.8347688129703786,full,full,full
req_001749,benign,5.6147575e-05,0.03699948448528697,full,full,full
req_001750,injection,0.9994585,0.023193238783866768,full,quarantine,quarantine
req_001751,benign,0.00010550022,0.004535035244635558,full,full,full
req_001752,benign,5.6624413e-05,0.04830052680706369,full,full,full
req_001753,benign,0.00013232231,0.02645149756286054,full,full,full
req_001754,benign,5.698204e-05,0.8850790411397228,full,full,full
req_001755,exhaustion,0.9993366,0.015634220517045314,full,full,quarantine
req_001756,benign,9.381771e-05,0.050716011606549316,full,full,full
req_001757,benign,4.9471855e-05,0.8698582200876251,full,full,full
req_001758,benign,7.83205e-05,0.01726280536085259,full,full,full
req_001759,benign,5.1498413e-05,0.03503268923533891,full,full,full
req_001760,benign,0.00012493134,0.7638815390780042,full,full,full
req_001761,benign,4.9114227e-05,0.8835658607059036,full,full,full
req_001762,benign,4.9471855e-05,0.03816571105374713,full,full,full
req_001763,benign,5.733967e-05,0.011494838721099198,full,full,full
req_001764,exhaustion,0.9993366,0.06667119072360947,full,full,quarantine
req_001765,benign,0.00010848045,0.7941741317999154,full,full,full
req_001766,benign,5.7578087e-05,0.7813903215477198,full,full,full
req_001767,benign,0.0004924536,0.9075489225120063,full,full,full
req_001768,benign,6.067753e-05,0.037195084089499286,full,full,full
req_001769,benign,4.9471855e-05,0.0680346115861257,full,full,full
req_001770,benign,4.9114227e-05,0.04362162028250233,full,full,full
req_001771,benign,8.070469e-05,0.053200187216426525,full,full,full
req_001772,exhaustion,0.9993282,0.04426025232364397,full,full,quarantine
req_001773,benign,0.000119805336,0.026981862894882316,full,full,full
req_001774,benign,6.2942505e-05,0.9167073585536921,full,full,full
req_001775,benign,0.00062036514,0.826947188110799,full,full,full
req_001776,benign,4.9114227e-05,0.833697418531252,full,full,full
req_001777,injection,0.9996329,0.9244756025704255,full,quarantine,quarantine
req_001778,benign,0.00014197826,0.012458666178697241,full,full,full
req_001779,benign,6.4730644e-05,0.8069660392074596,full,full,full
req_001780,benign,7.9870224e-05,0.022453542187961858,full,full,full
req_001781,benign,4.9471855e-05,0.011081767739617984,full,full,full
req_001782,benign,0.000533998,0.0322596976903327,full,full,full
req_001783,benign,0.00039297342,0.029600581953440876,full,full,full
req_001784,injection,0.9986712,0.007348051896084128,full,quarantine,quarantine
req_001785,benign,5.507469e-05,0.011518718448305557,full,full,full
req_001786,benign,5.6505203e-05,0.034147468318172655,full,full,full
req_001787,benign,0.0013585687,0.9181814806774167,full,full,full
req_001788,injection,0.9991504,0.8788932096765082,full,quarantine,quarantine
req_001789,benign,0.0002065301,0.0,full,full,full
req_001790,benign,5.6624413e-05,0.016572775931691857,full,full,full
req_001791,exhaustion,0.99941564,0.021962464655565214,full,full,quarantine
req_001792,benign,0.000101327896,0.7958705177066002,full,full,full
req_001793,exhaustion,0.9993366,0.0,full,full,quarantine
req_001794,benign,5.6624413e-05,0.036156887834072185,full,full,full
req_001795,benign,5.8293343e-05,0.7996345406790356,full,full,full
req_001796,benign,5.4240227e-05,0.8746731926455039,full,full,full
req_001797,benign,0.0011037588,0.01840791260165863,full,full,full
req_001798,benign,6.878376e-05,0.8764373619430074,full,full,full
req_001799,benign,5.9247017e-05,0.8281527624700179,full,full,full
req_001800,benign,5.567074e-05,0.0204479817890343,full,full,full
req_001801,benign,6.92606e-05,0.8518779192113254,full,full,full
req_001802,benign,0.00068318844,0.021047856971740726,full,full,full
req_001803,benign,0.000108361244,0.04539057302164169,full,full,full
req_001804,benign,0.00029426813,0.02609001802064441,full,full,full
req_001805,benign,0.00013661385,0.027252354071850792,full,full,full
req_001806,benign,5.054474e-05,0.04319628280667127,full,full,full
req_001807,benign,0.00012123585,0.02586263940263661,full,full,full
req_001808,benign,5.6147575e-05,0.8219708574855049,full,full,full
req_001809,benign,6.4492226e-05,0.9042558677365782,full,full,full
req_001810,benign,5.4717064e-05,0.033063442891578594,full,full,full
req_001811,benign,0.000119805336,0.03224712582868417,full,full,full
req_001812,benign,4.9471855e-05,0.018843196289210228,full,full,full
req_001813,injection,0.99933296,0.020551862863162487,full,quarantine,quarantine
req_001814,benign,5.6147575e-05,0.7631027659674569,full,full,full
req_001815,benign,5.054474e-05,0.054650003156864135,full,full,full
req_001816,benign,5.6624413e-05,0.02871455136872379,full,full,full
req_001817,benign,4.9471855e-05,0.017536990841222715,full,full,full
req_001818,benign,0.00020366907,0.7721974627636493,full,full,full
req_001819,benign,9.381771e-05,0.012386804776743233,full,full,full
req_001820,benign,4.9352646e-05,0.7990439639464098,full,full,full
req_001821,benign,5.6147575e-05,0.9182278523789097,full,full,full
req_001822,benign,5.865097e-05,0.9070715353957662,full,full,full
req_001823,benign,0.00013923645,0.01663680261322706,full,full,full
req_001824,benign,8.165836e-05,0.8340382356236609,full,full,full
req_001825,benign,0.00042575598,0.7770611470016537,full,full,full
req_001826,benign,6.6399574e-05,0.9057142054569324,full,full,full
req_001827,benign,4.9471855e-05,0.03346909795920603,full,full,full
req_001828,injection,0.99949235,0.020144925443440022,full,quarantine,quarantine
req_001829,benign,5.185604e-05,0.035740865752127766,full,full,full
req_001830,benign,4.9114227e-05,0.8876356770886296,full,full,full
req_001831,benign,0.000104665756,0.7887374356961967,full,full,full
req_001832,benign,5.6624413e-05,0.8355549383118018,full,full,full
req_001833,benign,4.9114227e-05,0.8308150178805211,full,full,full
req_001834,benign,8.404255e-05,0.04816277232162212,full,full,full
req_001835,injection,0.99961865,0.015264705904972193,full,quarantine,quarantine
req_001836,injection,0.99954766,0.8183007744115802,full,quarantine,quarantine
req_001837,benign,7.1287155e-05,0.8432090510827455,full,full,full
req_001838,exhaustion,0.9993083,0.02523467454863766,full,full,quarantine
req_001839,benign,0.09188998,0.051674774813986926,full,full,full
req_001840,benign,5.9604645e-05,0.8395383381428424,full,full,full
req_001841,injection,0.9991504,0.018450401357659033,full,quarantine,quarantine
req_001842,benign,5.9604645e-05,0.8480257096664596,full,full,full
req_001843,benign,0.0028818846,0.019143861027562138,full,full,full
req_001844,benign,6.890297e-05,0.0125544023776718,full,full,full
req_001845,benign,4.9114227e-05,0.017449805552965013,full,full,full
req_001846,benign,5.6028366e-05,0.8583304281731841,full,full,full
req_001847,benign,4.9471855e-05,0.0,full,full,full
req_001848,benign,5.209446e-05,0.03531727728906922,full,full,full
req_001849,benign,0.00030863285,0.014861661446017183,full,full,full
req_001850,exhaustion,0.99931693,0.025089436211394846,full,full,quarantine
req_001851,benign,0.001791358,0.05479915097070874,full,full,full
req_001852,benign,4.9114227e-05,0.03918321437009177,full,full,full
req_001853,benign,5.9604645e-05,0.9431066042121155,full,full,full
req_001854,benign,7.8082085e-05,0.877595336722067,full,full,full
req_001855,benign,0.0006068945,0.8132114805326326,full,full,full
req_001856,benign,0.00029879808,0.031328884237021105,full,full,full
req_001857,benign,5.340576e-05,0.04911072705232168,full,full,full
req_001858,benign,4.9471855e-05,0.004312926406399624,full,full,full
req_001859,benign,4.9114227e-05,0.039737596130346164,full,full,full
req_001860,benign,4.9233437e-05,0.8788800374740625,full,full,full
req_001861,benign,6.389618e-05,0.7972927433903032,full,full,full
req_001862,benign,5.507469e-05,0.04758335442382161,full,full,full
req_001863,benign,0.00012278557,0.957993010250361,full,full,full
req_001864,benign,6.92606e-05,0.0007396112424085909,full,full,full
req_001865,benign,5.6624413e-05,0.8513518581287083,full,full,full
req_001866,benign,0.00015795231,0.06306162639520348,full,full,full
req_001867,benign,0.00013744831,0.8056992300916761,full,full,full
req_001868,benign,5.6505203e-05,0.8626676355778483,full,full,full
req_001869,benign,9.191036e-05,0.02617199700574719,full,full,full
req_001870,benign,0.00023835897,0.8555888934150239,full,full,full
req_001871,benign,4.9471855e-05,0.03268286020964827,full,full,full
req_001872,benign,0.000104665756,0.8118567195196912,full,full,full
req_001873,benign,6.0796738e-05,0.8824334571112815,full,full,full
req_001874,benign,4.9114227e-05,0.7789328146583793,full,full,full
req_001875,benign,0.00013160706,0.04545704427424818,full,full,full
req_001876,benign,7.867813e-05,0.0,full,full,full
req_001877,benign,0.00022405386,0.0,full,full,full
req_001878,benign,5.6147575e-05,0.07223700316520135,full,full,full
req_001879,benign,4.9471855e-05,0.8957912508334416,full,full,full
req_001880,benign,4.9114227e-05,0.020985019398685717,full,full,full
req_001881,benign,5.6624413e-05,0.0071182136169466,full,full,full
req_001882,benign,7.009506e-05,0.05287116884973398,full,full,full
req_001883,benign,4.9114227e-05,0.832173904132929,full,full,full
req_001884,benign,6.1035156e-05,0.808654675802929,full,full,full
req_001885,benign,6.210804e-05,0.8598111044158361,full,full,full
req_001886,benign,7.867813e-05,0.04787950672564504,full,full,full
req_001887,benign,0.00011777878,0.038438078208055525,full,full,full
req_001888,benign,4.9114227e-05,0.02652709329519404,full,full,full
req_001889,benign,4.9471855e-05,0.05013661328966358,full,full,full
req_001890,benign,0.00012052059,0.034756457768366875,full,full,full
req_001891,benign,6.353855e-05,0.019284961698040635,full,full,full
req_001892,benign,7.164478e-05,0.8151416393062069,full,full,full
req_001893,benign,0.00012803078,0.8385609181643929,full,full,full
req_001894,injection,0.9992355,0.03290280619009682,full,quarantine,quarantine
req_001895,benign,7.021427e-05,0.01667434847973317,full,full,full
req_001896,exhaustion,0.9993366,0.00034349151310434506,full,full,quarantine
req_001897,benign,5.6028366e-05,0.7976637100181084,full,full,full
req_001898,benign,6.03199e-05,0.8856660614229341,full,full,full
req_001899,benign,5.6147575e-05,0.8831263617142792,full,full,full
req_001900,benign,4.9114227e-05,0.04212775746972062,full,full,full
req_001901,benign,0.00010037422,0.8582650751069293,full,full,full
req_001902,benign,7.009506e-05,0.002092772006145431,full,full,full
req_001903,benign,0.00010550022,0.023278189952151897,full,full,full
req_001904,benign,5.7458878e-05,0.016485379064909794,full,full,full
req_001905,benign,0.000105023384,0.03466767651412433,full,full,full
req_001906,benign,5.4717064e-05,0.8157546083035722,full,full,full
req_001907,benign,6.0081482e-05,0.8676104112876271,full,full,full
req_001908,benign,5.185604e-05,0.03729154326571558,full,full,full
req_001909,benign,5.507469e-05,0.8541730728140946,full,full,full
req_001910,benign,0.00020200014,0.8335589874288075,full,full,full
req_001911,benign,7.867813e-05,0.8323324967054234,full,full,full
req_001912,benign,5.6385994e-05,0.8224252355493278,full,full,full
req_001913,benign,4.9471855e-05,0.015672584497797758,full,full,full
req_001914,benign,5.853176e-05,0.02881657762780665,full,full,full
req_001915,benign,4.9114227e-05,0.9326668259872226,full,full,full
req_001916,benign,5.054474e-05,0.04220233410439521,full,full,full
req_001917,benign,5.722046e-05,0.7810703524161482,full,full,full
req_001918,benign,6.2704086e-05,0.8797706804331442,full,full,full
req_001919,benign,5.4121017e-05,0.031134672654036154,full,full,full
req_001920,benign,0.00010728836,0.8717615563795634,full,full,full
req_001921,benign,4.9114227e-05,0.8323194487397424,full,full,full
req_001922,benign,4.9829483e-05,0.8818921562734876,full,full,full
req_001923,benign,0.00022381544,0.8917743071871245,full,full,full
req_001924,benign,5.9127808e-05,0.009384958575430133,full,full,full
req_001925,benign,0.0003683567,0.8274350785930471,full,full,full
req_001926,benign,0.00011360645,0.837596393203682,full,full,full
req_001927,benign,5.185604e-05,0.8514931752638711,full,full,full
req_001928,benign,4.9471855e-05,0.7813279528774839,full,full,full
req_001929,benign,5.6624413e-05,0.03590121141795974,full,full,full
req_001930,benign,4.9114227e-05,0.8584354164536553,full,full,full
req_001931,benign,0.00016820431,0.7849338745262764,full,full,full
req_001932,benign,6.735325e-05,0.9124580535291273,full,full,full
req_001933,benign,0.00013744831,0.024012604789163793,full,full,full
req_001934,benign,5.6624413e-05,0.044989076389008814,full,full,full
req_001935,benign,4.9114227e-05,0.880476504174289,full,full,full
req_001936,benign,4.9114227e-05,0.9143834208347976,full,full,full
req_001937,benign,6.663799e-05,0.8938245863214919,full,full,full
req_001938,benign,6.41346e-05,0.06333777495451934,full,full,full
req_001939,benign,0.00010216236,0.04638661026945745,full,full,full
req_001940,benign,4.9471855e-05,0.8459664871506621,full,full,full
req_001941,exhaustion,0.999583,0.8269051980541544,full,full,quarantine
req_001942,injection,0.99956995,0.0,full,quarantine,quarantine
req_001943,benign,4.9114227e-05,0.8465110764154811,full,full,full
req_001944,benign,5.018711e-05,0.8780002998823151,full,full,full
req_001945,benign,4.9114227e-05,0.8235715831254444,full,full,full
req_001946,benign,0.0001039505,0.8434830231921078,full,full,full
req_001947,benign,6.3061714e-05,0.9999531782249826,full,full,full
req_001948,injection,0.87866664,0.8450284288480231,full,quarantine,quarantine
req_001949,injection,0.99946713,0.033070592807672806,full,quarantine,quarantine
req_001950,benign,4.9114227e-05,0.05676167419015109,full,full,full
req_001951,benign,6.9737434e-05,0.03133039148248452,full,full,full
req_001952,benign,5.054474e-05,0.02208021325553574,full,full,full
req_001953,benign,9.250641e-05,0.8777143925016991,full,full,full
req_001954,benign,4.9114227e-05,0.8487553938292495,full,full,full
req_001955,benign,0.00027674437,0.03925168312946403,full,full,full
req_001956,benign,0.00019437075,0.01001477500956251,full,full,full
req_001957,benign,9.5009804e-05,0.8604932803726936,full,full,full
req_001958,injection,0.9993873,0.0444346287601831,full,quarantine,quarantine
req_001959,benign,0.0001232624,0.8000512656638735,full,full,full
req_001960,benign,7.009506e-05,0.8570542648361693,full,full,full
req_001961,injection,0.99211043,0.0,full,quarantine,quarantine
req_001962,benign,5.054474e-05,0.01807339394119651,full,full,full
req_001963,benign,5.9843063e-05,0.03768084577907828,full,full,full
req_001964,benign,0.0001757741,0.861480216080977,full,full,full
req_001965,benign,8.9645386e-05,0.8419157696092955,full,full,full
req_001966,benign,6.16312e-05,0.8391117566724969,full,full,full
req_001967,benign,6.556511e-05,0.8325006704730513,full,full,full
req_001968,benign,0.000104665756,0.950458293456556,full,full,full
req_001969,benign,0.0001039505,0.8075690905068167,full,full,full
req_001970,benign,5.567074e-05,0.8304679378323501,full,full,full
req_001971,benign,4.9114227e-05,0.8225879817802193,full,full,full
req_001972,benign,0.00013005733,0.007860344674632314,full,full,full
req_001973,benign,0.0001039505,0.8371512932656641,full,full,full
req_001974,benign,4.9471855e-05,0.9163062974872034,full,full,full
req_001975,exhaustion,0.9993282,0.8594110003516459,full,full,quarantine
req_001976,benign,5.6624413e-05,0.8499127255835154,full,full,full
req_001977,benign,0.0002284646,0.06143560615321604,full,full,full
req_001978,benign,4.9114227e-05,0.9116415695881687,full,full,full
req_001979,benign,0.0001039505,0.8781167083365258,full,full,full
req_001980,benign,4.9471855e-05,0.8713169061844093,full,full,full
req_001981,benign,5.6624413e-05,0.8451911819072191,full,full,full
req_001982,benign,9.8228455e-05,0.8302265652967593,full,full,full
req_001983,benign,4.9471855e-05,0.7876556141473616,full,full,full
req_001984,benign,5.6266785e-05,0.8983465089726902,full,full,full
req_001985,benign,4.9114227e-05,0.8645059867992412,full,full,full
req_001986,benign,5.877018e-05,0.8331028907991193,full,full,full
req_001987,injection,0.9996044,0.05243062628994788,full,quarantine,quarantine
req_001988,benign,5.38826e-05,0.85686168221145,full,full,full
req_001989,benign,7.6532364e-05,0.8465169204853795,full,full,full
req_001990,benign,7.6174736e-05,0.9332054953587609,full,full,full
req_001991,benign,4.9471855e-05,0.03611341769248591,full,full,full
req_001992,benign,4.9471855e-05,0.8212636265858149,full,full,full
req_001993,benign,5.2928925e-05,0.7957902649737636,full,full,full
req_001994,benign,6.9499016e-05,0.8392771387582925,full,full,full
req_001995,benign,9.191036e-05,0.8054977188623309,full,full,full
req_001996,benign,0.00011897087,0.8548871034033303,full,full,full
req_001997,benign,5.6505203e-05,0.009558571871025875,full,full,full
req_001998,benign,5.054474e-05,0.017744857330676985,full,full,full
req_001999,benign,9.441376e-05,0.8719546819015878,full,full,full
req_002000,benign,0.00026983023,0.01939204117050903,full,full,full
req_002001,benign,6.1273575e-05,0.02126424219678242,full,full,full
req_002002,benign,4.9829483e-05,0.04001151159197914,full,full,full
req_002003,benign,5.6624413e-05,0.8473588010798679,full,full,full
req_002004,benign,0.00055903196,0.8919308223752531,full,full,full
req_002005,benign,0.00051140785,0.014128454478334818,full,full,full
req_002006,benign,5.543232e-05,0.04029774025470869,full,full,full
req_002007,benign,5.6147575e-05,0.7936341293334893,full,full,full
req_002008,injection,0.9992572,0.04196186415413359,full,quarantine,quarantine
req_002009,benign,4.9471855e-05,0.9416529595521819,full,full,full
req_002010,benign,6.055832e-05,0.7739895241228429,full,full,full
req_002011,exhaustion,0.9993366,0.01352529504901271,full,full,quarantine
req_002012,benign,0.0001565218,0.028255157449581035,full,full,full
req_002013,benign,4.9471855e-05,0.026493703608534744,full,full,full
req_002014,injection,0.99963033,0.01717111730224745,full,quarantine,quarantine
req_002015,benign,5.6147575e-05,0.8266523840731765,full,full,full
req_002016,benign,5.6624413e-05,0.8885727618457727,full,full,full
req_002017,benign,9.274483e-05,1.0,full,full,full
req_002018,benign,0.0001039505,0.8498285891229537,full,full,full
req_002019,injection,0.9996139,0.8723403305870202,full,quarantine,quarantine
req_002020,benign,0.000106573105,0.015149500427683725,full,full,full
req_002021,benign,5.6147575e-05,0.02117321917719529,full,full,full
req_002022,exhaustion,0.9993366,0.02085276750914128,full,full,quarantine
req_002023,benign,5.00679e-05,0.028194161969629077,full,full,full
req_002024,benign,7.605553e-05,0.806726263093745,full,full,full
req_002025,benign,0.00011456013,0.039888031143472336,full,full,full
req_002026,benign,6.842613e-05,0.001232326809472998,full,full,full
req_002027,exhaustion,0.9993366,0.023087471230169125,full,full,quarantine
req_002028,benign,6.508827e-05,0.009743679063964422,full,full,full
req_002029,benign,0.00012409687,0.03561133903985014,full,full,full
req_002030,benign,6.92606e-05,0.8205946477699687,full,full,full
req_002031,benign,4.9471855e-05,0.050495707152156025,full,full,full
req_002032,benign,9.191036e-05,0.9076321169920228,full,full,full
req_002033,injection,0.9996809,0.02341725120918769,full,quarantine,quarantine
req_002034,benign,0.00010728836,0.8348371219631864,full,full,full
req_002035,benign,5.6028366e-05,0.04449531848644584,full,full,full
req_002036,exhaustion,0.99931693,0.015855555463669214,full,full,quarantine
req_002037,benign,4.9114227e-05,0.00044505107097387794,full,full,full
req_002038,benign,5.030632e-05,0.038728482365287635,full,full,full
req_002039,benign,5.888939e-05,0.7872822739372849,full,full,full
req_002040,benign,5.507469e-05,0.8350042695595216,full,full,full
req_002041,benign,0.00011014938,0.02750198627453421,full,full,full
req_002042,benign,0.00015497208,0.01903010612604457,full,full,full
req_002043,benign,0.00011563301,0.016394978197358735,full,full,full
req_002044,benign,4.9471855e-05,0.02954368659174541,full,full,full
req_002045,exhaustion,0.9993366,0.00043594113503631765,full,full,quarantine
req_002046,benign,0.00029426813,0.8529162359894995,full,full,full
req_002047,benign,4.9471855e-05,0.05340437637142914,full,full,full
req_002048,benign,4.9471855e-05,0.041262283223214104,full,full,full
req_002049,benign,6.2823296e-05,0.9064344772850227,full,full,full
req_002050,benign,4.9471855e-05,0.9183762245916762,full,full,full
req_002051,benign,0.000104665756,0.9439417281673723,full,full,full
req_002052,benign,4.9114227e-05,0.8740636961323445,full,full,full
req_002053,benign,0.00014460087,0.7744891864164993,full,full,full
req_002054,benign,5.2928925e-05,0.862036477893468,full,full,full
req_002055,benign,0.000108003616,0.04081825008876237,full,full,full
req_002056,benign,5.6624413e-05,0.8548432812009551,full,full,full
req_002057,benign,5.185604e-05,0.041274757986762584,full,full,full
req_002058,benign,4.9114227e-05,0.06359534843172342,full,full,full
req_002059,benign,5.2452087e-05,0.8912163162064862,full,full,full
req_002060,benign,0.00010573864,0.013968683900805065,full,full,full
req_002061,benign,6.2942505e-05,0.7955056224768124,full,full,full
req_002062,benign,7.8201294e-05,0.8783751519340236,full,full,full
req_002063,benign,4.9114227e-05,0.015583112657498415,full,full,full
req_002064,benign,7.8201294e-05,0.03346937068876801,full,full,full
req_002065,benign,0.0006169081,0.8856047898113856,full,full,full
req_002066,benign,4.9233437e-05,0.8488194912703815,full,full,full
req_002067,benign,4.9471855e-05,0.823655223993634,full,full,full
req_002068,benign,5.2452087e-05,0.8541330486656143,full,full,full
req_002069,benign,0.00011897087,0.7514824632353091,full,full,full
req_002070,benign,5.543232e-05,0.8216610048133554,full,full,full
req_002071,benign,7.724762e-05,0.8292486584641071,full,full,full
req_002072,exhaustion,0.99924934,0.0,full,full,quarantine
req_002073,benign,5.9485435e-05,0.8599826914617109,full,full,full
req_002074,benign,6.1154366e-05,0.047087826645214916,full,full,full
req_002075,benign,5.6624413e-05,0.06922185333647636,full,full,full
req_002076,exhaustion,0.9993366,0.011091791794242415,full,full,quarantine
req_002077,benign,9.7990036e-05,0.8845245907289094,full,full,full
req_002078,benign,4.9114227e-05,0.9038088415019796,full,full,full
req_002079,benign,6.210804e-05,0.8127697969205665,full,full,full
req_002080,benign,4.9829483e-05,0.8676788170348257,full,full,full
req_002081,benign,5.7458878e-05,0.9025383043813683,full,full,full
req_002082,benign,5.888939e-05,0.8491198188500679,full,full,full
req_002083,benign,4.9829483e-05,0.013267316527816302,full,full,full
req_002084,benign,6.759167e-05,0.8121846714984704,full,full,full
req_002085,benign,0.000116825104,0.8343561967394508,full,full,full
req_002086,benign,7.557869e-05,0.7987664201069714,full,full,full
req_002087,benign,6.9737434e-05,0.03227745231551331,full,full,full
req_002088,benign,9.679794e-05,0.8218202871598104,full,full,full
req_002089,benign,0.000119924545,0.030955500101607622,full,full,full
req_002090,benign,7.6532364e-05,0.8593984266358318,full,full,full
req_002091,benign,5.6505203e-05,0.8820498741896381,full,full,full
req_002092,benign,5.2928925e-05,0.8308941171458122,full,full,full
req_002093,benign,5.018711e-05,0.7851759789042595,full,full,full
req_002094,benign,0.000359416,0.05084739576087924,full,full,full
req_002095,benign,6.4492226e-05,0.04211638120517501,full,full,full
req_002096,benign,5.6147575e-05,0.8558499071934589,full,full,full
req_002097,benign,5.7935715e-05,0.8600180115277515,full,full,full
req_002098,benign,0.00014412403,0.040632463058762516,full,full,full
req_002099,benign,4.9471855e-05,0.010015810422603934,full,full,full
req_002100,benign,0.00033521652,0.016650403156391082,full,full,full
req_002101,benign,7.7843666e-05,0.8911416424209757,full,full,full
req_002102,benign,7.200241e-05,0.8576923350247697,full,full,full
req_002103,benign,4.9710274e-05,0.02107961449354638,full,full,full
req_002104,benign,5.567074e-05,0.8129117428022619,full,full,full
req_002105,benign,8.022785e-05,0.7531421675425107,full,full,full
req_002106,benign,5.888939e-05,0.015580297119363309,full,full,full
req_002107,benign,0.0001373291,0.056042296230414554,full,full,full
req_002108,benign,5.6624413e-05,0.9794319766270704,full,full,full
req_002109,benign,4.9471855e-05,0.02607842165059008,full,full,full
req_002110,benign,4.9471855e-05,0.9086092835372526,full,full,full
req_002111,benign,0.00013828278,0.023297223642074837,full,full,full
req_002112,benign,5.9127808e-05,0.9530158634030317,full,full,full
req_002113,benign,5.8293343e-05,0.00501800952399907,full,full,full
req_002114,benign,4.9829483e-05,0.7896555128248128,full,full,full
req_002115,benign,5.6624413e-05,0.06062388362298722,full,full,full
req_002116,benign,0.000121593475,0.04265284594906212,full,full,full
req_002117,benign,4.9114227e-05,0.8567035939847686,full,full,full
req_002118,benign,0.00022286177,0.8597703566335136,full,full,full
req_002119,benign,6.16312e-05,0.06794906073358734,full,full,full
req_002120,benign,5.185604e-05,0.006520107290780414,full,full,full
req_002121,exhaustion,0.9994431,0.04928851715955429,full,full,quarantine
req_002122,benign,5.9962273e-05,0.04072779991115557,full,full,full
req_002123,benign,4.9114227e-05,0.8427170581148141,full,full,full
req_002124,benign,5.0663948e-05,0.8157588903612235,full,full,full
req_002125,injection,0.9993785,0.04544302431037695,full,quarantine,quarantine
req_002126,injection,0.9993926,0.011697236903209875,full,quarantine,quarantine
req_002127,benign,5.0663948e-05,0.0317961208344963,full,full,full
req_002128,benign,4.9471855e-05,0.05705720525959751,full,full,full
req_002129,benign,0.000119805336,0.02676752795660675,full,full,full
req_002130,benign,9.250641e-05,0.7817643540562533,full,full,full
req_002131,injection,0.9995956,0.047765109213433674,full,quarantine,quarantine
req_002132,benign,0.000105023384,0.7976307834656191,full,full,full
req_002133,benign,6.4373016e-05,0.8668476107332999,full,full,full
req_002134,benign,0.00023192167,0.8294912691227172,full,full,full
req_002135,benign,0.00012254715,0.8124857304960772,full,full,full
req_002136,benign,6.496906e-05,0.7834215166651629,full,full,full
req_002137,benign,5.567074e-05,0.021401062298934362,full,full,full
req_002138,benign,5.221367e-05,0.03136751221080634,full,full,full
req_002139,benign,5.352497e-05,0.8194232616225352,full,full,full
req_002140,benign,0.00043016672,0.818204826845543,full,full,full
req_002141,benign,6.210804e-05,0.8593839349186985,full,full,full
req_002142,benign,0.00063055754,0.8574614823197492,full,full,full
req_002143,benign,0.00014996529,5.376834557070664e-07,full,full,full
req_002144,benign,6.043911e-05,0.8419755086626914,full,full,full
req_002145,benign,0.000119805336,0.8699366422288028,full,full,full
req_002146,benign,6.3061714e-05,0.020820785772717884,full,full,full
req_002147,exhaustion,0.9993366,0.07886946843899308,full,full,quarantine
req_002148,exhaustion,0.99934894,0.017375196205921664,full,full,quarantine
req_002149,exhaustion,0.99933785,0.007133888992801228,full,full,quarantine
req_002150,benign,5.698204e-05,0.8115030109186457,full,full,full
req_002151,benign,0.00013291836,0.8957274427358013,full,full,full
req_002152,benign,0.0005880594,0.02303744523929994,full,full,full
req_002153,exhaustion,0.9993366,0.0494635868992957,full,full,quarantine
req_002154,injection,0.99938065,0.05000191725806549,full,quarantine,quarantine
req_002155,benign,5.888939e-05,0.05025164582393454,full,full,full
req_002156,benign,5.507469e-05,0.04347485250882696,full,full,full
req_002157,exhaustion,0.99931544,0.011567756917904896,full,full,quarantine
req_002158,benign,6.0081482e-05,0.01742141861216949,full,full,full
req_002159,benign,5.8412552e-05,0.021106058197079974,full,full,full
req_002160,benign,6.0796738e-05,0.8244770301650457,full,full,full
req_002161,benign,0.00012862682,0.8703654232508297,full,full,full
req_002162,benign,0.00013577938,0.8041158131180258,full,full,full
req_002163,benign,5.6624413e-05,0.03586268696630161,full,full,full
req_002164,benign,6.210804e-05,0.037559149563881095,full,full,full
req_002165,benign,4.9233437e-05,0.0,full,full,full
req_002166,exhaustion,0.99936694,0.03421693152688799,full,full,quarantine
req_002167,benign,5.018711e-05,0.01042496197612294,full,full,full
req_002168,injection,0.9991504,0.04882732599232964,full,quarantine,quarantine
req_002169,benign,0.0002349019,0.027770984535032926,full,full,full
req_002170,benign,5.7935715e-05,0.8053821410746433,full,full,full
req_002171,benign,5.1259995e-05,0.8149907932629039,full,full,full
req_002172,benign,0.00012362003,0.9568668010024306,full,full,full
req_002173,benign,6.0796738e-05,0.01705936346053126,full,full,full
req_002174,injection,0.9973647,0.8412774420814414,full,quarantine,quarantine
req_002175,benign,0.00010621548,0.7783282265314218,full,full,full
req_002176,benign,0.00012111664,0.7850902107089098,full,full,full
req_002177,benign,4.9471855e-05,0.8680598037653438,full,full,full
req_002178,benign,6.7949295e-05,0.9034674408101324,full,full,full
req_002179,benign,6.6280365e-05,0.8355742534352067,full,full,full
req_002180,benign,6.0796738e-05,0.8567549834215482,full,full,full
req_002181,benign,0.0025334358,0.8627402866085955,full,full,full
req_002182,benign,5.209446e-05,0.9033096595658399,full,full,full
req_002183,benign,5.185604e-05,0.7559764325088164,full,full,full
req_002184,benign,0.00032687187,0.8577976142089048,full,full,full
req_002185,benign,0.0017302036,0.0068346175085015545,full,full,full
req_002186,benign,0.0003026724,0.0,full,full,full
req_002187,benign,7.331371e-05,0.8698068996519087,full,full,full
req_002188,benign,6.496906e-05,0.7949651553622511,full,full,full
req_002189,injection,0.9996006,0.03598341974071383,full,quarantine,quarantine
req_002190,benign,0.00010550022,0.7737908703300256,full,full,full
req_002191,injection,0.99959415,0.046140894085106285,full,quarantine,quarantine
req_002192,benign,5.364418e-05,0.8596180017185326,full,full,full
req_002193,benign,9.191036e-05,0.8755915809781238,full,full,full
req_002194,benign,5.6147575e-05,0.0,full,full,full
req_002195,benign,0.00013256073,0.7929884658781334,full,full,full
req_002196,benign,4.9471855e-05,0.9262799278422623,full,full,full
req_002197,benign,5.1259995e-05,0.8591091050335286,full,full,full
req_002198,benign,4.9114227e-05,0.0666651767200461,full,full,full
req_002199,benign,5.6147575e-05,0.056666936439747975,full,full,full
req_002200,benign,0.00015604496,0.7769146422555675,full,full,full
req_002201,benign,5.865097e-05,0.02652066575691149,full,full,full
req_002202,benign,0.00010538101,0.9117565165063957,full,full,full
req_002203,benign,7.6174736e-05,0.8274638282037483,full,full,full
req_002204,benign,4.9471855e-05,0.7537670675228011,full,full,full
req_002205,benign,4.9471855e-05,0.8832620687582,full,full,full
req_002206,injection,0.99927825,0.8429823714054188,full,quarantine,quarantine
req_002207,benign,5.4717064e-05,0.8638796502508388,full,full,full
req_002208,benign,0.0001770854,0.037392688017106365,full,full,full
req_002209,benign,5.4717064e-05,0.8728562531348953,full,full,full
req_002210,benign,5.8412552e-05,0.712474209660081,full,full,full
req_002211,benign,6.1154366e-05,0.8066296832497363,full,full,full
req_002212,benign,0.00010728836,0.8942950706965004,full,full,full
req_002213,benign,5.1259995e-05,0.012974534235589995,full,full,full
req_002214,benign,6.6399574e-05,0.7568098646431837,full,full,full
req_002215,benign,0.00014925003,0.8275110503323811,full,full,full
req_002216,benign,7.545948e-05,0.9323330039334226,full,full,full
req_002217,benign,5.6028366e-05,0.012196839239757562,full,full,full
req_002218,benign,0.00014817715,0.07920790704707709,full,full,full
req_002219,benign,5.6624413e-05,0.8999761363862411,full,full,full
req_002220,benign,0.00021094084,0.025952773886168616,full,full,full
req_002221,benign,4.9471855e-05,0.8630490826291893,full,full,full
req_002222,benign,4.9471855e-05,0.04106144408288426,full,full,full
req_002223,benign,0.00011575222,0.8136945585835904,full,full,full
req_002224,benign,4.9471855e-05,0.01733113786069562,full,full,full
req_002225,benign,4.9352646e-05,0.9029984071177024,full,full,full
req_002226,benign,5.7935715e-05,0.9849955516068947,full,full,full
req_002227,benign,0.0003130436,0.03253858946482282,full,full,full
req_002228,benign,7.200241e-05,0.7272640132938557,full,full,full
req_002229,benign,0.000119805336,0.029213266177339513,full,full,full
req_002230,benign,6.842613e-05,0.8665052335151749,full,full,full
req_002231,benign,0.00029867887,0.8532534560446178,full,full,full
req_002232,benign,0.00011956692,0.01593807278337602,full,full,full
req_002233,benign,5.6505203e-05,0.8428016679284289,full,full,full
req_002234,benign,6.389618e-05,0.8318642023794799,full,full,full
req_002235,benign,0.00035381317,0.8472860645551248,full,full,full
req_002236,benign,0.000108003616,0.8436367228630558,full,full,full
req_002237,benign,7.867813e-05,0.06429276003307463,full,full,full
req_002238,benign,6.1392784e-05,0.9229751936932324,full,full,full
req_002239,benign,0.00012052059,0.034511668634167526,full,full,full
req_002240,benign,9.763241e-05,0.7942351614364929,full,full,full
req_002241,benign,5.51939e-05,0.8065911518773705,full,full,full
req_002242,benign,0.00015795231,0.8166527522987637,full,full,full
req_002243,exhaustion,0.9993571,0.08328651868046616,full,full,quarantine
req_002244,benign,0.00037956238,0.01816064319599482,full,full,full
req_002245,benign,4.9829483e-05,0.03523863297188551,full,full,full
req_002246,benign,4.9471855e-05,0.8036569065543898,full,full,full
req_002247,benign,0.0003039837,0.8972460638501586,full,full,full
req_002248,benign,4.9471855e-05,0.06977881232559226,full,full,full
req_002249,benign,0.00016844273,0.8975200785192647,full,full,full
req_002250,benign,4.9114227e-05,0.8457819109031678,full,full,full
req_002251,benign,6.842613e-05,0.8725439220743676,full,full,full
req_002252,benign,6.520748e-05,0.8042497727621238,full,full,full
req_002253,benign,7.998943e-05,0.7992163585535154,full,full,full
req_002254,benign,7.903576e-05,0.05376685473835556,full,full,full
req_002255,benign,4.9829483e-05,0.03895911185056803,full,full,full
req_002256,injection,0.9995489,0.04423498766665685,full,quarantine,quarantine
req_002257,benign,0.00012540817,0.7927270636823803,full,full,full
req_002258,benign,9.191036e-05,0.01616130218952995,full,full,full
req_002259,benign,0.00040704012,0.03351750734965553,full,full,full
req_002260,benign,4.9471855e-05,0.012671298933775419,full,full,full
req_002261,benign,6.03199e-05,0.00959334688950541,full,full,full
req_002262,benign,8.189678e-05,0.04082701082638984,full,full,full
req_002263,benign,5.6266785e-05,0.8288052548542344,full,full,full
req_002264,benign,0.00011897087,0.06121679264187942,full,full,full
req_002265,benign,0.00013935566,0.03538783339948806,full,full,full
req_002266,exhaustion,0.9993761,0.0037110493480879414,full,full,quarantine
req_002267,benign,0.0007290244,0.01925076745420948,full,full,full
req_002268,benign,0.00014817715,0.00892931192831567,full,full,full
req_002269,benign,7.426739e-05,0.050046594377605155,full,full,full
req_002270,benign,5.018711e-05,0.829920793295648,full,full,full
req_002271,benign,0.00014019012,0.8344986547454071,full,full,full
req_002272,benign,0.00050997734,0.06449987276974489,full,full,full
req_002273,benign,5.6147575e-05,0.031930965127110175,full,full,full
req_002274,benign,0.00011110306,0.7117340317939348,full,full,full
req_002275,benign,0.00010728836,0.012340338514554405,full,full,full
req_002276,benign,4.9352646e-05,0.7503755285081952,full,full,full
req_002277,benign,4.9471855e-05,0.03875275133924383,full,full,full
req_002278,benign,9.9658966e-05,0.047438931285941996,full,full,full
req_002279,benign,6.41346e-05,0.8044529495014878,full,full,full
req_002280,benign,4.9114227e-05,0.7358566119934051,full,full,full
req_002281,benign,5.865097e-05,0.032180076643826154,full,full,full
req_002282,benign,5.6624413e-05,0.9252911199005855,full,full,full
req_002283,benign,5.6147575e-05,0.8749288528784537,full,full,full
req_002284,benign,0.00029331446,0.054429406965346636,full,full,full
req_002285,injection,0.999661,0.027317551087127467,full,quarantine,quarantine
req_002286,benign,0.00013744831,0.013721197938913212,full,full,full
req_002287,benign,6.830692e-05,0.0,full,full,full
req_002288,benign,4.9114227e-05,0.008787615477752808,full,full,full
req_002289,benign,7.6174736e-05,0.0390662502226435,full,full,full
req_002290,benign,6.1154366e-05,0.01037404094565315,full,full,full
req_002291,benign,4.9710274e-05,0.9065973773880212,full,full,full
req_002292,benign,6.6280365e-05,0.022542844548054414,full,full,full
req_002293,benign,5.6028366e-05,0.0,full,full,full
req_002294,benign,0.000105023384,0.033792626449850094,full,full,full
req_002295,benign,6.92606e-05,0.020263431799292367,full,full,full
req_002296,injection,0.9992592,0.06803390102498327,full,quarantine,quarantine
req_002297,benign,5.9723854e-05,0.8962726248112667,full,full,full
req_002298,benign,4.9233437e-05,0.8872967257593596,full,full,full
req_002299,benign,5.686283e-05,0.8246075901124548,full,full,full
req_002300,benign,9.62019e-05,0.8916737309983458,full,full,full
req_002301,exhaustion,0.9993798,0.0,full,full,quarantine
req_002302,injection,0.9995478,0.02850393660645463,full,quarantine,quarantine
req_002303,benign,6.41346e-05,0.7653369361507176,full,full,full
req_002304,benign,4.9114227e-05,0.019993308151364207,full,full,full
req_002305,benign,4.9114227e-05,0.8721528051661951,full,full,full
req_002306,benign,6.3061714e-05,0.0,full,full,full
req_002307,benign,7.1525574e-05,0.854237720062278,full,full,full
req_002308,benign,6.03199e-05,0.8795974988374391,full,full,full
req_002309,injection,0.9994488,0.0,full,quarantine,quarantine
req_002310,benign,0.00010895729,0.805680782424893,full,full,full
req_002311,benign,4.9233437e-05,0.8536715891380322,full,full,full
req_002312,benign,5.8412552e-05,0.05387142097891302,full,full,full
req_002313,benign,4.9352646e-05,0.0,full,full,full
req_002314,benign,4.9114227e-05,0.8437725780119714,full,full,full
req_002315,injection,0.99929124,0.02422137012274483,full,quarantine,quarantine
req_002316,injection,0.99969393,0.06073040944094174,full,quarantine,quarantine
req_002317,benign,8.392334e-05,0.8332869715751491,full,full,full
req_002318,benign,6.0796738e-05,0.861749113629812,full,full,full
req_002319,benign,7.021427e-05,0.9531612667927707,full,full,full
req_002320,benign,0.0017139316,0.8091508776000693,full,full,full
req_002321,benign,9.191036e-05,0.8760958679714428,full,full,full
req_002322,benign,6.0915947e-05,0.776933562316223,full,full,full
req_002323,benign,0.00013256073,0.018713919754412965,full,full,full
req_002324,benign,4.9233437e-05,0.014630716339421822,full,full,full
req_002325,benign,0.0003540516,0.028748072808205696,full,full,full
req_002326,benign,7.259846e-05,0.9138709591226527,full,full,full
req_002327,benign,7.6174736e-05,0.058881138047988696,full,full,full
req_002328,benign,6.7830086e-05,0.01892858856014828,full,full,full
req_002329,benign,5.9247017e-05,0.017711792199914762,full,full,full
req_002330,exhaustion,0.9993366,0.04154402451351115,full,full,quarantine
req_002331,benign,4.9471855e-05,0.8809561774272671,full,full,full
req_002332,benign,4.9471855e-05,0.8576192193850912,full,full,full
req_002333,exhaustion,0.9993366,0.02248539820213096,full,full,quarantine
req_002334,benign,0.0018565655,0.0021408858899851675,full,full,full
req_002335,benign,8.511543e-05,0.8430072834187139,full,full,full
req_002336,benign,7.009506e-05,0.908848949443787,full,full,full
req_002337,benign,5.6028366e-05,0.015927278001332944,full,full,full
req_002338,benign,0.000105023384,0.02120853352132608,full,full,full
req_002339,benign,5.6147575e-05,0.8022200494321344,full,full,full
req_002340,benign,0.00045639277,0.03037862180828746,full,full,full
req_002341,benign,6.723404e-05,0.8285028634802017,full,full,full
req_002342,benign,0.00021451712,0.03503344385217666,full,full,full
req_002343,benign,5.8293343e-05,0.07203875747054071,full,full,full
req_002344,benign,5.6147575e-05,0.032145920390953764,full,full,full
req_002345,exhaustion,0.99931544,0.0,full,full,quarantine
req_002346,injection,0.9991504,0.028525078768298007,full,quarantine,quarantine
req_002347,benign,4.9829483e-05,0.8654152454761821,full,full,full
req_002348,benign,0.00010418892,0.8201823590137292,full,full,full
req_002349,benign,6.592274e-05,0.024924660989192403,full,full,full
req_002350,benign,0.00010752678,0.8177711765378433,full,full,full
req_002351,benign,5.018711e-05,0.9339520451757625,full,full,full
req_002352,benign,6.842613e-05,0.01496931151268687,full,full,full
req_002353,benign,7.009506e-05,0.869386982002379,full,full,full
req_002354,benign,5.6028366e-05,0.02244378725316722,full,full,full
req_002355,benign,0.00011968613,0.029577745116597783,full,full,full
req_002356,benign,5.567074e-05,0.8060710230106872,full,full,full
req_002357,benign,6.830692e-05,0.0042347587027866465,full,full,full
req_002358,benign,0.0001810193,0.7649784888704156,full,full,full
req_002359,benign,4.9471855e-05,0.8649985140549181,full,full,full
req_002360,benign,6.1035156e-05,0.03370441597072694,full,full,full
req_002361,benign,0.00019615889,0.8372188852004806,full,full,full
req_002362,benign,8.237362e-05,0.7716796235942596,full,full,full
req_002363,benign,5.018711e-05,0.04799969029861168,full,full,full
req_002364,benign,6.878376e-05,0.014722428323817439,full,full,full
req_002365,benign,4.9114227e-05,0.815313350714564,full,full,full
req_002366,injection,0.9996329,0.026477553389320688,full,quarantine,quarantine
req_002367,injection,0.99927825,0.057721908746920625,full,quarantine,quarantine
req_002368,benign,5.9604645e-05,0.8789691843055846,full,full,full
req_002369,benign,4.9233437e-05,0.8880745744324009,full,full,full
req_002370,benign,0.0005129576,0.7894866708800596,full,full,full
req_002371,exhaustion,0.9993366,0.05326995554312983,full,full,quarantine
req_002372,benign,7.867813e-05,0.8839300394914851,full,full,full
req_002373,benign,5.6505203e-05,0.03977272485864246,full,full,full
req_002374,benign,4.9471855e-05,0.933230013849922,full,full,full
req_002375,benign,5.507469e-05,0.8220180789612697,full,full,full
req_002376,benign,5.018711e-05,0.8467844331215455,full,full,full
req_002377,benign,6.03199e-05,0.798743702106064,full,full,full
req_002378,benign,6.92606e-05,0.015519372835455129,full,full,full
req_002379,benign,0.0001757741,0.8133096500993746,full,full,full
req_002380,benign,4.9471855e-05,0.010692012063074886,full,full,full
req_002381,injection,0.9993904,0.044112378468480457,full,quarantine,quarantine
req_002382,benign,8.714199e-05,0.9095878362976806,full,full,full
req_002383,benign,4.9471855e-05,0.025347756908039674,full,full,full
req_002384,benign,4.9114227e-05,0.872555958520164,full,full,full
req_002385,benign,0.00011014938,0.020561696264256253,full,full,full
req_002386,benign,5.698204e-05,0.0,full,full,full
req_002387,injection,0.9986794,0.04235167262056003,full,quarantine,quarantine
req_002388,benign,5.6624413e-05,0.9016870389840328,full,full,full
req_002389,benign,8.022785e-05,0.8982193568826378,full,full,full
req_002390,benign,5.6624413e-05,0.8579790725380058,full,full,full
req_002391,benign,9.071827e-05,0.01354763953519712,full,full,full
req_002392,exhaustion,0.9993366,0.028685698888636025,full,full,quarantine
req_002393,benign,0.00012338161,0.8821525228893238,full,full,full
req_002394,benign,6.92606e-05,0.8089400426705976,full,full,full
req_002395,exhaustion,0.9993462,0.0,full,full,quarantine
req_002396,benign,0.00010216236,0.8703163223621174,full,full,full
req_002397,benign,4.9233437e-05,0.017128036386655818,full,full,full
req_002398,benign,4.9471855e-05,0.04369388549142424,full,full,full
req_002399,benign,5.6624413e-05,0.04462908556752186,full,full,full
req_002400,benign,5.6147575e-05,0.009263407682097043,full,full,full
req_002401,benign,0.0011440516,0.9109025444924629,full,full,full
req_002402,benign,9.191036e-05,0.009160257186073148,full,full,full
req_002403,injection,0.99925166,0.015949343895831025,full,quarantine,quarantine
req_002404,benign,0.000156641,0.7820100785065011,full,full,full
req_002405,benign,5.7578087e-05,0.8455868158846982,full,full,full
req_002406,benign,6.496906e-05,0.8208081059210094,full,full,full
req_002407,benign,4.9829483e-05,0.06086874350024271,full,full,full
req_002408,benign,0.00018399954,0.8439791657171376,full,full,full
req_002409,benign,7.402897e-05,0.037580418806489185,full,full,full
req_002410,benign,5.865097e-05,0.02959158345791111,full,full,full
req_002411,benign,0.000106453896,0.7975468673050332,full,full,full
req_002412,benign,0.00011765957,0.018417628982857294,full,full,full
req_002413,benign,6.4492226e-05,0.7950966149940993,full,full,full
req_002414,benign,7.3075294e-05,0.04319567078627781,full,full,full
req_002415,benign,5.1259995e-05,0.04084394806960337,full,full,full
req_002416,benign,5.7458878e-05,0.8224824523722144,full,full,full
req_002417,benign,0.00036263466,0.9056785468897576,full,full,full
req_002418,benign,4.9114227e-05,0.8655511278125109,full,full,full
req_002419,benign,5.6624413e-05,0.809678987784537,full,full,full
req_002420,benign,9.596348e-05,0.8609652643024656,full,full,full
req_002421,benign,0.00011897087,0.9147757497069624,full,full,full
req_002422,benign,6.92606e-05,0.8405643210178695,full,full,full
req_002423,benign,4.9471855e-05,0.7969434639414955,full,full,full
req_002424,benign,5.6624413e-05,0.8169271133581731,full,full,full
req_002425,benign,0.0026233196,0.025157653085661872,full,full,full
req_002426,benign,4.9471855e-05,0.7909506042611889,full,full,full
req_002427,benign,0.00012290478,0.7853757656096901,full,full,full
req_002428,benign,0.00011909008,0.871118982489729,full,full,full
req_002429,benign,0.00020927191,0.041184304643077395,full,full,full
req_002430,exhaustion,0.9993366,0.06999303717949149,full,full,quarantine
req_002431,benign,6.997585e-05,0.8893291136109847,full,full,full
req_002432,benign,6.2942505e-05,0.03649338389319151,full,full,full
req_002433,injection,0.99955565,0.03872597577597348,full,quarantine,quarantine
req_002434,benign,0.00020033121,0.8406825953802725,full,full,full
req_002435,benign,0.000104665756,0.00624813603676886,full,full,full
req_002436,benign,5.6505203e-05,0.8710623054259575,full,full,full
req_002437,benign,0.0007737875,0.03108740501500287,full,full,full
req_002438,benign,5.1498413e-05,0.8651018535145268,full,full,full
req_002439,benign,8.761883e-05,0.03543017650992006,full,full,full
req_002440,benign,6.3061714e-05,0.8285364519670998,full,full,full
req_002441,benign,5.6624413e-05,0.8608269048771411,full,full,full
req_002442,benign,0.00022858381,0.8009380342888046,full,full,full
req_002443,benign,6.401539e-05,0.8420281669939415,full,full,full
req_002444,benign,6.9856644e-05,0.011123116928335893,full,full,full
req_002445,benign,5.1498413e-05,0.03548970608339961,full,full,full
req_002446,benign,5.7816505e-05,0.8390142645818544,full,full,full
req_002447,benign,5.6624413e-05,0.007938482549031688,full,full,full
req_002448,benign,9.250641e-05,0.0,full,full,full
req_002449,benign,7.402897e-05,0.009557552434111372,full,full,full
req_002450,benign,5.030632e-05,0.04380842391452587,full,full,full
req_002451,benign,4.9114227e-05,0.9001679279879918,full,full,full
req_002452,benign,4.9471855e-05,0.7386821472325988,full,full,full
req_002453,injection,0.9988091,0.04240677049484529,full,quarantine,quarantine
req_002454,benign,0.00013148785,0.8855146988604049,full,full,full
req_002455,injection,0.99806553,0.023044647243486576,full,quarantine,quarantine
req_002456,benign,8.583069e-05,0.8385450165884544,full,full,full
req_002457,benign,6.759167e-05,0.04732773913375244,full,full,full
req_002458,benign,0.00010097027,0.02137023900706762,full,full,full
req_002459,benign,4.9114227e-05,0.010488900275798227,full,full,full
req_002460,benign,0.0007157922,0.8014397031923508,full,full,full
req_002461,benign,7.021427e-05,0.7531503686748452,full,full,full
req_002462,benign,5.733967e-05,0.012757538380682096,full,full,full
req_002463,benign,7.83205e-05,0.04065639865038306,full,full,full
req_002464,benign,0.00010573864,0.9095788635695412,full,full,full
req_002465,benign,8.4757805e-05,0.03453748343638208,full,full,full
req_002466,benign,5.0663948e-05,0.02236047875571777,full,full,full
req_002467,benign,5.054474e-05,0.013324627888962597,full,full,full
req_002468,benign,0.00017827749,0.9109206459152,full,full,full
req_002469,benign,5.4717064e-05,0.8811657064308582,full,full,full
req_002470,benign,7.4744225e-05,0.029990915726852686,full,full,full
req_002471,benign,7.4625015e-05,0.04159904455947573,full,full,full
req_002472,benign,0.00019556284,0.0,full,full,full
req_002473,benign,4.9114227e-05,0.9040906502906286,full,full,full
req_002474,benign,5.698204e-05,0.9125430165913532,full,full,full
req_002475,injection,0.9995274,0.035937887439093485,full,quarantine,quarantine
req_002476,benign,0.0003619194,0.07140846551334198,full,full,full
req_002477,benign,0.0001500845,0.8320071750560047,full,full,full
req_002478,benign,9.393692e-05,0.033280826160860075,full,full,full
req_002479,benign,5.6743622e-05,0.861002757747098,full,full,full
req_002480,benign,0.00011754036,0.8882110598249415,full,full,full
req_002481,benign,5.51939e-05,0.03950443265548757,full,full,full
req_002482,benign,5.6624413e-05,0.03647260991051673,full,full,full
req_002483,benign,5.8293343e-05,0.8492105508795832,full,full,full
req_002484,benign,6.389618e-05,0.8323041914698004,full,full,full
req_002485,benign,7.259846e-05,0.03992867133567588,full,full,full
req_002486,benign,0.00028675795,0.7683829979328998,full,full,full
req_002487,benign,0.00018030405,0.931555208502456,full,full,full
req_002488,benign,4.9471855e-05,0.017314685236284856,full,full,full
req_002489,benign,0.00010418892,0.777334710444254,full,full,full
req_002490,injection,0.99963796,0.04557248505982928,full,quarantine,quarantine
req_002491,benign,0.00085246563,0.011534501513831723,full,full,full
req_002492,benign,6.1154366e-05,0.886191102901335,full,full,full
req_002493,benign,8.2969666e-05,0.8407918927265985,full,full,full
req_002494,benign,4.9829483e-05,0.006447525119235475,full,full,full
req_002495,benign,0.000121712685,0.8126324963544871,full,full,full
req_002496,benign,7.9870224e-05,0.8678015645382828,full,full,full
req_002497,benign,0.000110030174,0.8894095809257309,full,full,full
req_002498,benign,0.00015449524,0.04235930812395458,full,full,full
req_002499,benign,4.9471855e-05,0.8830403354208446,full,full,full
req_002500,benign,0.00010597706,0.05155350107333988,full,full,full
req_002501,benign,6.03199e-05,0.05887536620619345,full,full,full
req_002502,benign,4.9471855e-05,0.9012056716077547,full,full,full
req_002503,benign,0.000184834,0.906473805942651,full,full,full
req_002504,benign,0.00015795231,0.8658311768113954,full,full,full
req_002505,benign,5.6743622e-05,0.847499774495275,full,full,full
req_002506,benign,9.357929e-05,0.8296554234625633,full,full,full
req_002507,benign,0.00023752451,0.7913233778353168,full,full,full
req_002508,benign,6.16312e-05,0.7736913795930269,full,full,full
req_002509,benign,0.00015079975,0.9172798970415971,full,full,full
req_002510,benign,7.545948e-05,0.8510480715149666,full,full,full
req_002511,benign,8.046627e-05,0.03146644869845436,full,full,full
req_002512,benign,0.00012683868,0.004927512303991504,full,full,full
req_002513,benign,5.6028366e-05,0.0006958295672146383,full,full,full
req_002514,benign,8.3088875e-05,0.8549526095330464,full,full,full
req_002515,benign,5.6624413e-05,0.03916782891303765,full,full,full
req_002516,exhaustion,0.99931693,0.008967364546700527,full,full,quarantine
req_002517,benign,4.9114227e-05,0.039537606284001325,full,full,full
req_002518,benign,5.221367e-05,0.010019569412908439,full,full,full
req_002519,benign,5.1259995e-05,0.0047778881261932755,full,full,full
req_002520,benign,5.865097e-05,0.04730064619663289,full,full,full
req_002521,benign,6.020069e-05,0.03226928890225622,full,full,full
req_002522,benign,4.9114227e-05,0.0,full,full,full
req_002523,exhaustion,0.99942994,0.0,full,full,quarantine
req_002524,benign,5.6028366e-05,0.8319350462040125,full,full,full
req_002525,benign,0.00015699863,0.9467215795075135,full,full,full
req_002526,benign,4.9471855e-05,0.011868652624560213,full,full,full
req_002527,benign,6.0796738e-05,0.0010763907682375395,full,full,full
req_002528,benign,0.00011765957,0.8606063167783142,full,full,full
req_002529,benign,9.727478e-05,0.9681337395164598,full,full,full
req_002530,benign,7.259846e-05,0.0,full,full,full
req_002531,benign,0.00024360418,0.062096143525267586,full,full,full
req_002532,benign,9.1671944e-05,0.011201712343823625,full,full,full
req_002533,benign,9.250641e-05,0.8273161755802647,full,full,full
req_002534,benign,5.877018e-05,0.9155920805936266,full,full,full
req_002535,injection,0.9994302,0.02393425409834023,full,quarantine,quarantine
req_002536,benign,0.0001039505,0.023229450424645984,full,full,full
req_002537,benign,5.6624413e-05,0.8797813151412006,full,full,full
req_002538,benign,7.200241e-05,0.06861121253786631,full,full,full
req_002539,benign,0.00075143576,0.03646543333644597,full,full,full
req_002540,benign,7.426739e-05,0.007288095225405137,full,full,full
req_002541,exhaustion,0.99931693,0.0069447273702690215,full,full,quarantine
req_002542,benign,0.00012254715,0.0264640641657568,full,full,full
req_002543,benign,0.00015735626,0.8675614725492116,full,full,full
req_002544,benign,4.9471855e-05,0.7717802823260016,full,full,full
req_002545,benign,9.191036e-05,0.9181627893911997,full,full,full
req_002546,benign,5.6147575e-05,0.8681415297647127,full,full,full
req_002547,injection,0.99919,0.0,full,quarantine,quarantine
req_002548,benign,5.6505203e-05,0.8878173959538391,full,full,full
req_002549,benign,4.9471855e-05,0.8369712799837067,full,full,full
req_002550,benign,7.545948e-05,0.028870409838369363,full,full,full
req_002551,exhaustion,0.9993253,0.037076974755861365,full,full,quarantine
req_002552,benign,0.013215125,0.022808548181680783,full,full,full
req_002553,benign,5.888939e-05,0.007085055574397935,full,full,full
req_002554,exhaustion,0.99931693,0.0,full,full,quarantine
req_002555,benign,4.9471855e-05,0.8753773584145795,full,full,full
req_002556,benign,6.0796738e-05,0.00437778328631231,full,full,full
req_002557,benign,7.939339e-05,0.8236928167604197,full,full,full
req_002558,exhaustion,0.9993282,0.0,full,full,quarantine
req_002559,benign,7.867813e-05,0.9122041537612684,full,full,full
req_002560,benign,0.0017188787,0.8945926567214986,full,full,full
req_002561,benign,8.1181526e-05,0.021268197772011707,full,full,full
req_002562,benign,5.6624413e-05,0.03708700464350916,full,full,full
req_002563,benign,7.1167946e-05,0.014167855076514434,full,full,full
req_002564,benign,8.070469e-05,0.9334350844463021,full,full,full
req_002565,benign,0.0002283454,0.8647820446950876,full,full,full
req_002566,benign,5.018711e-05,0.029224099135556375,full,full,full
req_002567,benign,5.6147575e-05,0.885503801940806,full,full,full
req_002568,benign,7.915497e-05,0.0317903558316675,full,full,full
req_002569,benign,6.4373016e-05,0.8512583572525722,full,full,full
req_002570,benign,6.1392784e-05,0.877083251857094,full,full,full
req_002571,benign,8.761883e-05,0.8938392965005009,full,full,full
req_002572,benign,0.00019437075,0.048918430766542474,full,full,full
req_002573,benign,5.6624413e-05,0.9048130114629284,full,full,full
req_002574,benign,0.00090932846,0.8240050444271838,full,full,full
req_002575,benign,7.510185e-05,0.8471377538734348,full,full,full
req_002576,benign,0.00011968613,0.9400350204376584,full,full,full
req_002577,benign,4.9829483e-05,0.007843679857933272,full,full,full
req_002578,exhaustion,0.9995117,0.026596832080902598,full,full,quarantine
req_002579,benign,6.92606e-05,0.0,full,full,full
req_002580,benign,6.41346e-05,0.8509905008274735,full,full,full
req_002581,benign,4.9352646e-05,0.8287318650320682,full,full,full
req_002582,exhaustion,0.9993366,0.03314316547920725,full,full,quarantine
req_002583,benign,0.0010838509,0.8017097322926118,full,full,full
req_002584,benign,0.0010589957,0.051782742259641135,full,full,full
req_002585,benign,7.843971e-05,0.8789846186232335,full,full,full
req_002586,benign,6.234646e-05,0.03404487948750847,full,full,full
req_002587,benign,0.00013506413,0.04658785453054834,full,full,full
req_002588,benign,0.00013768673,0.8557376957588803,full,full,full
req_002589,injection,0.9996752,0.05179745941112622,full,quarantine,quarantine
req_002590,benign,5.8293343e-05,0.8372428612248162,full,full,full
req_002591,benign,4.9114227e-05,0.8494307191474888,full,full,full
req_002592,benign,5.9604645e-05,0.8767016087746627,full,full,full
req_002593,benign,6.401539e-05,0.03745688604141886,full,full,full
req_002594,benign,0.0003414154,0.8435490161660901,full,full,full
req_002595,benign,5.567074e-05,0.7823578497008002,full,full,full
req_002596,benign,8.571148e-05,0.04014732582792499,full,full,full
req_002597,benign,5.7816505e-05,0.0029149077082458764,full,full,full
req_002598,injection,0.9991526,0.8512568154303882,full,quarantine,quarantine
req_002599,benign,6.830692e-05,0.8306650283450338,full,full,full
req_002600,benign,4.9471855e-05,0.056098980257694,full,full,full
req_002601,benign,6.711483e-05,0.06526085573657206,full,full,full
req_002602,benign,7.9870224e-05,0.8455532698115793,full,full,full
req_002603,benign,7.092953e-05,0.9003130514159486,full,full,full
req_002604,benign,7.927418e-05,0.028509202337646606,full,full,full
req_002605,benign,5.209446e-05,0.7953731303179301,full,full,full
req_002606,benign,5.9723854e-05,0.033548696142225484,full,full,full
req_002607,benign,6.759167e-05,0.0,full,full,full
req_002608,benign,0.00010967255,0.04216642913526779,full,full,full
req_002609,benign,0.0020911694,0.7545825994862027,full,full,full
req_002610,benign,6.16312e-05,0.055267937439076625,full,full,full
req_002611,injection,0.9994585,0.053954588919965726,full,quarantine,quarantine
req_002612,benign,0.00034093857,0.03154650564211604,full,full,full
req_002613,benign,6.0796738e-05,0.8914355662306161,full,full,full
req_002614,benign,0.00012099743,0.04107698275327901,full,full,full
req_002615,benign,6.258488e-05,0.840900543817508,full,full,full
req_002616,benign,6.03199e-05,0.8535488583633657,full,full,full
req_002617,benign,6.03199e-05,0.890828240145973,full,full,full
req_002618,benign,0.004733801,0.8716083408711859,full,full,full
req_002619,benign,4.9114227e-05,0.8627703627289579,full,full,full
req_002620,benign,6.1154366e-05,0.8793909571769162,full,full,full
req_002621,benign,5.6147575e-05,0.03391447780722951,full,full,full
req_002622,benign,0.105751395,0.9254414884002646,full,full,full
req_002623,benign,5.352497e-05,0.8345030857394599,full,full,full
req_002624,benign,0.000108003616,0.8911684185520133,full,full,full
req_002625,benign,5.6624413e-05,0.8512675015310999,full,full,full
req_002626,benign,7.247925e-05,0.8391279633442283,full,full,full
req_002627,benign,6.341934e-05,0.880675516021466,full,full,full
req_002628,exhaustion,0.9993282,0.033300919170945735,full,full,quarantine
req_002629,benign,8.010864e-05,0.9185071594772803,full,full,full
req_002630,benign,5.888939e-05,0.010566998445666775,full,full,full
req_002631,benign,4.9471855e-05,0.8229877327000992,full,full,full
req_002632,benign,6.1035156e-05,0.8764004285945887,full,full,full
req_002633,benign,5.8293343e-05,0.006402319185882809,full,full,full
req_002634,injection,0.99921143,0.010618404295288947,full,quarantine,quarantine
req_002635,benign,0.00010418892,0.7963423864656451,full,full,full
req_002636,injection,0.9995222,0.07515204501396489,full,quarantine,quarantine
req_002637,benign,6.580353e-05,0.03259564281885068,full,full,full
req_002638,benign,8.058548e-05,0.781989747681908,full,full,full
req_002639,exhaustion,0.9993366,0.061384417598368865,full,full,quarantine
req_002640,benign,8.392334e-05,0.0403809040717353,full,full,full
req_002641,injection,0.9994585,0.008842783523593183,full,quarantine,quarantine
req_002642,benign,5.6624413e-05,0.7910134500364592,full,full,full
req_002643,injection,0.9997562,0.03766356379872604,full,quarantine,quarantine
req_002644,benign,5.018711e-05,0.9195994107103974,full,full,full
req_002645,benign,6.41346e-05,0.8126798121226598,full,full,full
req_002646,benign,7.557869e-05,0.05071073672709785,full,full,full
req_002647,benign,7.760525e-05,0.9663138734061856,full,full,full
req_002648,benign,0.000101447105,0.03523479952559302,full,full,full
req_002649,benign,5.6624413e-05,0.005048263640898984,full,full,full
req_002650,benign,5.6624413e-05,0.753796613021758,full,full,full
req_002651,benign,0.0001232624,0.8663704689408306,full,full,full
req_002652,benign,0.00012350082,0.011818586064899883,full,full,full
req_002653,benign,5.3048134e-05,0.03822441536231916,full,full,full
req_002654,benign,4.9471855e-05,0.04391605472201299,full,full,full
req_002655,benign,6.878376e-05,0.7670879588222972,full,full,full
req_002656,benign,4.9710274e-05,0.9333143962904443,full,full,full
req_002657,benign,5.054474e-05,0.8453317017093119,full,full,full
req_002658,benign,0.00016868114,0.007577190818015923,full,full,full
req_002659,benign,4.9114227e-05,0.8874938074818481,full,full,full
req_002660,benign,8.2969666e-05,0.8139942951118416,full,full,full
req_002661,benign,9.381771e-05,0.0043073618949868026,full,full,full
req_002662,benign,6.830692e-05,0.05075930877522885,full,full,full
req_002663,benign,4.9471855e-05,0.8986105590214191,full,full,full
req_002664,benign,0.00012469292,0.8718980910787736,full,full,full
req_002665,exhaustion,0.9993366,0.004437471498807296,full,full,quarantine
req_002666,benign,0.00011897087,0.05283723182100859,full,full,full
req_002667,benign,9.250641e-05,0.8762332107746796,full,full,full
req_002668,exhaustion,0.9976063,0.07095388286782596,full,full,quarantine
req_002669,benign,7.927418e-05,0.8111226743850269,full,full,full
req_002670,benign,0.012377441,0.870612588454211,full,full,full
req_002671,benign,6.687641e-05,0.7770025682340568,full,full,full
req_002672,benign,4.9829483e-05,0.8733214661827904,full,full,full
req_002673,benign,0.00010025501,0.8034461124674612,full,full,full
req_002674,benign,6.401539e-05,0.0,full,full,full
req_002675,benign,0.0001565218,0.05901724281957223,full,full,full
req_002676,benign,6.1154366e-05,0.8615905430883984,full,full,full
req_002677,benign,0.00022703409,0.8680250809813116,full,full,full
req_002678,benign,5.7458878e-05,0.8472377454599128,full,full,full
req_002679,benign,6.568432e-05,0.049887945037230944,full,full,full
req_002680,benign,9.250641e-05,0.036709437014252215,full,full,full
req_002681,benign,5.7935715e-05,0.02633963707559476,full,full,full
req_002682,exhaustion,0.9993366,0.008178388640306282,full,full,quarantine
req_002683,benign,0.00013673306,0.0,full,full,full
req_002684,benign,9.191036e-05,0.043156403164901616,full,full,full
req_002685,benign,0.00026792288,0.03755663466100198,full,full,full
req_002686,exhaustion,0.9993366,0.0,full,full,quarantine
req_002687,benign,6.0081482e-05,0.8755481282273431,full,full,full
req_002688,benign,5.018711e-05,0.871261545499399,full,full,full
req_002689,benign,4.9114227e-05,0.8554278008622155,full,full,full
req_002690,benign,5.38826e-05,0.8804234955304515,full,full,full
req_002691,benign,5.9604645e-05,0.7813039698256665,full,full,full
req_002692,benign,0.0001565218,0.8481929688245003,full,full,full
req_002693,benign,0.00026351213,0.049448396615440135,full,full,full
req_002694,exhaustion,0.9993366,0.02908999770774123,full,full,quarantine
req_002695,benign,7.593632e-05,0.8362911483979156,full,full,full
req_002696,benign,5.1021576e-05,0.8178968367288412,full,full,full
req_002697,injection,0.99805015,0.8134417418316813,full,quarantine,quarantine
req_002698,benign,7.7843666e-05,0.012323216620955861,full,full,full
req_002699,benign,5.6624413e-05,0.8075999198825059,full,full,full
req_002700,benign,0.00064498186,0.8681230152128646,full,full,full
req_002701,benign,5.38826e-05,0.0013281424233779968,full,full,full
req_002702,benign,0.0010727048,0.004091142417155566,full,full,full
req_002703,benign,0.0014832616,0.05761400769633569,full,full,full
req_002704,benign,0.00014960766,0.8771043785095836,full,full,full
req_002705,benign,4.9471855e-05,0.8233922323506825,full,full,full
req_002706,benign,5.6624413e-05,0.03300557271163667,full,full,full
req_002707,benign,0.00014221668,0.9452776596194543,full,full,full
req_002708,benign,8.022785e-05,0.04771357150687592,full,full,full
req_002709,benign,4.9471855e-05,0.022129796823851865,full,full,full
req_002710,benign,7.557869e-05,0.8116535185631703,full,full,full
req_002711,benign,5.054474e-05,0.9492505660292405,full,full,full
req_002712,benign,4.9471855e-05,0.7798606261116737,full,full,full
req_002713,benign,0.00010573864,0.850354182093918,full,full,full
req_002714,benign,0.00013768673,0.040398389654777704,full,full,full
req_002715,benign,0.000174582,0.8065900239990783,full,full,full
req_002716,benign,7.927418e-05,0.843199386170793,full,full,full
req_002717,benign,0.00012719631,0.814401557010051,full,full,full
req_002718,benign,9.62019e-05,0.782978526756833,full,full,full
req_002719,benign,7.045269e-05,0.8464479262849505,full,full,full
req_002720,benign,0.000115036964,0.0,full,full,full
req_002721,benign,5.6624413e-05,0.03880795209349501,full,full,full
req_002722,benign,5.0902367e-05,0.05425423359081867,full,full,full
req_002723,benign,6.151199e-05,0.8841148841005467,full,full,full
req_002724,benign,0.0017724633,0.9096193771647026,full,full,full
req_002725,benign,7.4863434e-05,0.03742985104194735,full,full,full
req_002726,benign,0.00070369244,0.0,full,full,full
req_002727,benign,0.0017975569,0.0,full,full,full
req_002728,benign,5.6147575e-05,0.7557955239121714,full,full,full
req_002729,benign,6.67572e-05,0.8111009184955706,full,full,full
req_002730,benign,9.250641e-05,0.03208489461293005,full,full,full
req_002731,benign,5.6624413e-05,0.0,full,full,full
req_002732,benign,6.651878e-05,0.7951708318178032,full,full,full
req_002733,benign,4.9471855e-05,0.930210119914373,full,full,full
req_002734,benign,6.830692e-05,0.8700976368020156,full,full,full
req_002735,benign,0.00012052059,0.8465427744646778,full,full,full
req_002736,benign,0.00012469292,0.8229020363485409,full,full,full
req_002737,exhaustion,0.9993282,0.031902614674067166,full,full,quarantine
req_002738,benign,7.426739e-05,0.8306121307066503,full,full,full
req_002739,benign,5.6028366e-05,0.9066185418999584,full,full,full
req_002740,benign,6.484985e-05,0.8656303874127864,full,full,full
req_002741,benign,9.179115e-05,0.8806818222712592,full,full,full
req_002742,benign,6.663799e-05,0.05583830255793545,full,full,full
req_002743,benign,0.0001142025,0.05064487344587481,full,full,full
req_002744,benign,5.6624413e-05,0.8762994330995745,full,full,full
req_002745,benign,5.6624413e-05,0.7996408512604078,full,full,full
req_002746,benign,4.9471855e-05,0.8446901949737584,full,full,full
req_002747,benign,0.00010573864,0.032287988011541716,full,full,full
req_002748,injection,0.9994585,0.02567732792775925,full,quarantine,quarantine
req_002749,benign,6.9499016e-05,0.048316884605181125,full,full,full
req_002750,exhaustion,0.9993282,0.013380628041382733,full,full,quarantine
req_002751,benign,4.9471855e-05,0.03964475477967429,full,full,full
req_002752,benign,5.567074e-05,0.04384498258174714,full,full,full
req_002753,benign,4.9114227e-05,0.0513820659446364,full,full,full
req_002754,benign,0.00018125772,0.012149530743836644,full,full,full
req_002755,benign,0.00012671947,0.8070321910177942,full,full,full
req_002756,benign,7.772446e-05,0.8133396210107378,full,full,full
req_002757,benign,4.9114227e-05,0.8968143668632768,full,full,full
req_002758,benign,7.927418e-05,0.8592931082730052,full,full,full
req_002759,benign,5.698204e-05,0.8541017210078669,full,full,full
req_002760,benign,0.0018591881,0.7589034434210042,full,full,full
req_002761,benign,4.9114227e-05,0.7682229420840104,full,full,full
req_002762,benign,0.00013577938,0.0020844289506639115,full,full,full
req_002763,benign,0.04091227,0.01904946619451068,full,full,full
req_002764,benign,0.0001206398,0.022609250402203542,full,full,full
req_002765,benign,4.9233437e-05,0.8069510535758881,full,full,full
req_002766,exhaustion,0.9993462,0.046440434874197786,full,full,quarantine
req_002767,benign,4.9471855e-05,0.8730941208604747,full,full,full
req_002768,benign,7.9870224e-05,0.024486950929926393,full,full,full
req_002769,benign,5.7458878e-05,0.8281009901113627,full,full,full
req_002770,benign,0.000119924545,0.015339068943802353,full,full,full
req_002771,benign,5.5789948e-05,0.0234964303114872,full,full,full
req_002772,benign,7.557869e-05,0.01727158557968339,full,full,full
req_002773,benign,6.997585e-05,0.9124733189218357,full,full,full
req_002774,exhaustion,0.9993366,0.0,full,full,quarantine
req_002775,benign,5.6505203e-05,0.8684538995577408,full,full,full
req_002776,benign,0.00013005733,0.02720541183519378,full,full,full
req_002777,benign,0.00032413006,0.7960675871404779,full,full,full
req_002778,benign,0.00015354156,0.8982399140486903,full,full,full
req_002779,benign,4.9114227e-05,0.0,full,full,full
req_002780,benign,6.1273575e-05,0.007704402078048841,full,full,full
req_002781,benign,8.893013e-05,0.882139337096238,full,full,full
req_002782,benign,0.00012421608,0.7966237205688718,full,full,full
req_002783,benign,4.9471855e-05,0.05019440272828825,full,full,full
req_002784,injection,0.99942845,0.03927299779271648,full,quarantine,quarantine
req_002785,benign,4.9114227e-05,0.8327495321022365,full,full,full
req_002786,benign,0.00026100874,0.8817137667853528,full,full,full
req_002787,benign,5.6266785e-05,0.042153970266479185,full,full,full
req_002788,benign,0.00010430813,0.8980789067427397,full,full,full
req_002789,benign,0.00022941828,0.022218734859024807,full,full,full
req_002790,benign,4.9471855e-05,0.8391936609423657,full,full,full
req_002791,benign,5.7578087e-05,0.7912194244855122,full,full,full
req_002792,benign,0.000100016594,0.731977547253934,full,full,full
req_002793,benign,0.00031137466,0.846871759397386,full,full,full
req_002794,benign,0.00010919571,0.8144594239928656,full,full,full
req_002795,benign,4.9471855e-05,0.02786382737994183,full,full,full
req_002796,benign,6.7949295e-05,0.03860451110897001,full,full,full
req_002797,benign,5.2928925e-05,0.024554404738854223,full,full,full
req_002798,benign,5.7458878e-05,0.02890213174866928,full,full,full
req_002799,benign,0.00012385845,0.8505579677375829,full,full,full
req_002800,exhaustion,0.9993983,0.026171333545557715,full,full,quarantine
req_002801,benign,5.865097e-05,0.8644722058211759,full,full,full
req_002802,benign,5.352497e-05,0.8980956380872547,full,full,full
req_002803,benign,5.0902367e-05,0.81118769810606,full,full,full
req_002804,benign,0.000104665756,0.048004456706389156,full,full,full
req_002805,benign,4.9114227e-05,0.06456609915079095,full,full,full
req_002806,benign,0.00014388561,0.8293328049794351,full,full,full
req_002807,benign,6.9856644e-05,0.014590936739994988,full,full,full
req_002808,benign,5.018711e-05,0.02251431813810345,full,full,full
req_002809,benign,0.000101327896,0.86191440327916,full,full,full
req_002810,injection,0.99945116,0.03921405131983908,full,quarantine,quarantine
req_002811,benign,4.9471855e-05,0.044186377615722965,full,full,full
req_002812,benign,4.9352646e-05,0.013351093983910975,full,full,full
req_002813,benign,5.6147575e-05,0.04066066518563734,full,full,full
req_002814,benign,0.000104665756,0.7818651980617842,full,full,full
req_002815,benign,6.92606e-05,0.8576963526597982,full,full,full
req_002816,benign,0.00019437075,0.8420674397889137,full,full,full
req_002817,benign,4.9471855e-05,0.035109649948486,full,full,full
req_002818,benign,6.878376e-05,0.0,full,full,full
req_002819,benign,4.9471855e-05,0.019691844388334497,full,full,full
req_002820,injection,0.99569273,0.04122497043845009,full,quarantine,quarantine
req_002821,benign,4.9114227e-05,0.8581067484098674,full,full,full
req_002822,benign,4.9114227e-05,0.8913836661720316,full,full,full
req_002823,benign,4.9471855e-05,0.027422347674206187,full,full,full
req_002824,benign,7.259846e-05,0.021439383735765843,full,full,full
req_002825,benign,0.0003439188,0.009628698489977442,full,full,full
req_002826,benign,4.9471855e-05,0.8747274202459476,full,full,full
req_002827,benign,7.033348e-05,0.8708127259746581,full,full,full
req_002828,benign,0.0003080368,0.05683789959658472,full,full,full
req_002829,benign,5.6624413e-05,0.8162250658707894,full,full,full
req_002830,benign,0.0003130436,0.8754261763458547,full,full,full
req_002831,injection,0.9993665,0.05593653457677095,full,quarantine,quarantine
req_002832,benign,9.250641e-05,0.0,full,full,full
req_002833,benign,5.054474e-05,0.8628068518383376,full,full,full
req_002834,benign,5.6624413e-05,0.7845948049441408,full,full,full
req_002835,benign,0.00021225214,0.02680664266953639,full,full,full
req_002836,benign,5.376339e-05,0.015796283833144492,full,full,full
req_002837,benign,7.092953e-05,0.8757167986531496,full,full,full
req_002838,exhaustion,0.9993282,0.9449607239563478,full,full,quarantine
req_002839,benign,0.000121474266,0.8404640775133266,full,full,full
req_002840,benign,4.9114227e-05,0.800091345602633,full,full,full
req_002841,benign,4.9471855e-05,0.037309665381446394,full,full,full
req_002842,benign,5.6624413e-05,0.059577685252713355,full,full,full
req_002843,benign,0.00015366077,0.051823973149856116,full,full,full
req_002844,benign,4.9114227e-05,0.05120931426211973,full,full,full
req_002845,benign,0.000104665756,0.809118299959966,full,full,full
req_002846,benign,0.00042039156,0.9101667747863127,full,full,full
req_002847,benign,6.7949295e-05,0.020948425299328888,full,full,full
req_002848,benign,5.6624413e-05,0.06702454917979417,full,full,full
req_002849,benign,6.9737434e-05,0.019716683329607805,full,full,full
req_002850,benign,0.0005392432,0.8844328171399773,full,full,full
req_002851,benign,6.759167e-05,0.04532617876476683,full,full,full
req_002852,benign,5.6028366e-05,0.011898628425769688,full,full,full
req_002853,benign,5.054474e-05,0.03810519848503611,full,full,full
req_002854,benign,5.567074e-05,0.056618368107192736,full,full,full
req_002855,benign,6.0915947e-05,0.7919361894658037,full,full,full
req_002856,benign,5.6505203e-05,0.03451745430793105,full,full,full
req_002857,benign,0.00013458729,0.0513939236560563,full,full,full
req_002858,benign,5.6624413e-05,0.8364048162670923,full,full,full
req_002859,benign,4.9471855e-05,0.8012881461525714,full,full,full
req_002860,benign,0.00017303228,0.8628845884740363,full,full,full
req_002861,benign,0.00013244152,0.04406387341108824,full,full,full
req_002862,benign,8.404255e-05,0.054476837951696166,full,full,full
req_002863,benign,5.6624413e-05,0.8432285197035461,full,full,full
req_002864,benign,0.00018125772,0.8493602603282125,full,full,full
req_002865,benign,5.6385994e-05,0.05402630095020726,full,full,full
req_002866,benign,0.00011956692,0.052796294508224026,full,full,full
req_002867,benign,5.9247017e-05,0.017133600668916043,full,full,full
req_002868,benign,7.510185e-05,0.8079392285597687,full,full,full
req_002869,benign,0.000108003616,0.8794248063154981,full,full,full
req_002870,injection,0.9994488,0.036735492704210025,full,quarantine,quarantine
req_002871,benign,5.7816505e-05,0.9231292110691091,full,full,full
req_002872,benign,8.2850456e-05,0.87193845150673,full,full,full
req_002873,benign,0.00018531084,0.8132589541980028,full,full,full
req_002874,benign,0.000108003616,0.050174182191137395,full,full,full
req_002875,benign,8.440018e-05,0.05913506038043688,full,full,full
req_002876,benign,0.0005648732,0.02110035883314404,full,full,full
req_002877,benign,5.1259995e-05,0.8209276184148142,full,full,full
req_002878,benign,0.000104665756,0.0,full,full,full
req_002879,benign,7.9751015e-05,0.886610340788429,full,full,full
req_002880,benign,8.356571e-05,0.0161105396210022,full,full,full
req_002881,benign,5.054474e-05,0.028525324639093807,full,full,full
req_002882,exhaustion,0.9993366,0.0017750684201749273,full,full,quarantine
req_002883,benign,6.1273575e-05,0.8838926575698551,full,full,full
req_002884,injection,0.99936944,0.03476840082788386,full,quarantine,quarantine
req_002885,benign,6.4611435e-05,0.8105329088178017,full,full,full
req_002886,benign,4.9114227e-05,0.8855797287934946,full,full,full
req_002887,exhaustion,0.9993366,0.008672502083902935,full,full,quarantine
req_002888,benign,0.0006169081,0.02476743598546806,full,full,full
req_002889,exhaustion,0.9993282,0.8855528208518073,full,full,quarantine
req_002890,benign,5.1498413e-05,0.05352000036099649,full,full,full
req_002891,benign,4.9352646e-05,0.017199401105443685,full,full,full
req_002892,benign,0.00045353174,0.004158737224052175,full,full,full
req_002893,benign,0.00012409687,0.037355992694970024,full,full,full
req_002894,benign,6.401539e-05,0.9021554487393727,full,full,full
req_002895,benign,5.6147575e-05,0.798852466630044,full,full,full
req_002896,benign,6.4730644e-05,0.8838039025621897,full,full,full
req_002897,benign,0.00038266182,0.021612224690565254,full,full,full
req_002898,benign,4.9471855e-05,0.021223590144250466,full,full,full
req_002899,benign,0.00066405535,0.04237018670615591,full,full,full
req_002900,benign,0.00016450882,0.0,full,full,full
req_002901,exhaustion,0.9993366,0.05013953413345262,full,full,quarantine
req_002902,benign,5.567074e-05,0.05581839461880239,full,full,full
req_002903,benign,0.0003182888,0.03403237885914975,full,full,full
req_002904,benign,5.6624413e-05,0.031235625874878575,full,full,full
req_002905,injection,0.99952865,0.016537264388601487,full,quarantine,quarantine
req_002906,benign,7.1287155e-05,0.8321011334314298,full,full,full
req_002907,benign,0.00010287762,0.9310744463861065,full,full,full
req_002908,benign,6.198883e-05,0.03565558849225669,full,full,full
req_002909,benign,4.9233437e-05,0.8766500300239243,full,full,full
req_002910,benign,4.9352646e-05,0.8261679448228778,full,full,full
req_002911,benign,5.6385994e-05,0.8653178435677625,full,full,full
req_002912,exhaustion,0.999383,0.049131952103070684,full,full,quarantine
req_002913,benign,5.1498413e-05,0.9212401018801403,full,full,full
req_002914,benign,6.997585e-05,0.8437058481243065,full,full,full
req_002915,injection,0.9996807,0.04216608106343968,full,quarantine,quarantine
req_002916,exhaustion,0.9993282,0.04957512818778086,full,full,quarantine
req_002917,benign,6.830692e-05,0.02367664580889514,full,full,full
req_002918,benign,7.176399e-05,0.8680720032938978,full,full,full
req_002919,benign,5.543232e-05,0.8071744053765589,full,full,full
req_002920,benign,0.00063985586,0.876700599015247,full,full,full
req_002921,benign,7.724762e-05,0.9078707611601665,full,full,full
req_002922,benign,5.888939e-05,0.8899291892389856,full,full,full
req_002923,benign,4.9114227e-05,0.0,full,full,full
req_002924,benign,5.90086e-05,0.0626578690341994,full,full,full
req_002925,benign,4.9114227e-05,0.03357994727121876,full,full,full
req_002926,exhaustion,0.9993282,0.022904027743735463,full,full,quarantine
req_002927,benign,4.9114227e-05,0.8308660281385986,full,full,full
req_002928,benign,9.250641e-05,0.04520061891830153,full,full,full
req_002929,benign,4.9471855e-05,0.8206829698739219,full,full,full
req_002930,benign,7.557869e-05,0.03510554674984489,full,full,full
req_002931,benign,8.058548e-05,0.0008088448306327635,full,full,full
req_002932,benign,5.7458878e-05,0.0042553395858420315,full,full,full
req_002933,benign,0.00012791157,0.8037490908921588,full,full,full
req_002934,benign,4.9829483e-05,0.7909375062988525,full,full,full
req_002935,benign,5.030632e-05,0.85737546639255,full,full,full
req_002936,benign,5.6147575e-05,0.03167245694733993,full,full,full
req_002937,benign,5.042553e-05,0.8478254050459199,full,full,full
req_002938,benign,4.9114227e-05,0.9657992829504065,full,full,full
req_002939,benign,0.000105023384,0.8467305177029527,full,full,full
req_002940,benign,9.62019e-05,0.8748572639735047,full,full,full
req_002941,benign,4.9114227e-05,0.013272473519503739,full,full,full
req_002942,injection,0.99937874,0.0,full,quarantine,quarantine
req_002943,benign,0.000108242035,0.009564316993357854,full,full,full
req_002944,benign,9.62019e-05,0.8614837144064414,full,full,full
req_002945,benign,0.00012719631,0.01872066156849944,full,full,full
req_002946,benign,0.00022345781,0.9593283064743022,full,full,full
req_002947,benign,4.9352646e-05,0.8473515851405,full,full,full
req_002948,benign,4.9352646e-05,0.8335346650217584,full,full,full
req_002949,benign,7.9870224e-05,0.8236445412057065,full,full,full
req_002950,benign,4.9114227e-05,0.040772315945306184,full,full,full
req_002951,benign,0.0006670356,0.889377062370206,full,full,full
req_002952,benign,0.00010752678,0.9230816044387471,full,full,full
req_002953,benign,0.00012946129,0.8326374211707105,full,full,full
req_002954,benign,0.00012052059,0.004911858221060439,full,full,full
req_002955,benign,0.00011897087,0.013142383227314411,full,full,full
req_002956,injection,0.99881274,0.0034644951962090366,full,quarantine,quarantine
req_002957,benign,9.250641e-05,0.8737175454783617,full,full,full
req_002958,benign,6.92606e-05,0.005562698151062018,full,full,full
req_002959,benign,5.8293343e-05,0.8124780967155557,full,full,full
req_002960,benign,5.6624413e-05,0.8973207646946771,full,full,full
req_002961,benign,9.441376e-05,0.01256525379660162,full,full,full
req_002962,exhaustion,0.9993282,0.8510896641946467,full,full,quarantine
req_002963,benign,4.9471855e-05,0.8336051485441296,full,full,full
req_002964,benign,5.6624413e-05,0.0163356331226282,full,full,full
req_002965,benign,9.250641e-05,0.8531308756694697,full,full,full
req_002966,injection,0.99958414,0.04293008653893652,full,quarantine,quarantine
req_002967,benign,6.902218e-05,0.03827969559889233,full,full,full
req_002968,benign,5.054474e-05,0.719633085160627,full,full,full
req_002969,benign,0.00020033121,0.9341852817178429,full,full,full
req_002970,benign,4.9471855e-05,0.8267871542427639,full,full,full
req_002971,exhaustion,0.9993366,0.01841175265579998,full,full,quarantine
req_002972,benign,0.00011467934,0.02457505074978769,full,full,full
req_002973,benign,5.6624413e-05,0.027489091547545485,full,full,full
req_002974,benign,5.6624413e-05,0.026564435201993863,full,full,full
req_002975,benign,5.6624413e-05,1.0,full,full,full
req_002976,benign,6.997585e-05,0.9285091840064507,full,full,full
req_002977,benign,5.7578087e-05,0.029253572303755675,full,full,full
req_002978,benign,0.00026124716,0.8617286911797981,full,full,full
req_002979,benign,0.00016951561,0.9063798704842868,full,full,full
req_002980,exhaustion,0.9993462,0.029198318055941353,full,full,quarantine
req_002981,benign,0.0001180172,0.8545571273911616,full,full,full
req_002982,benign,5.6624413e-05,0.840953416395989,full,full,full
req_002983,benign,4.9829483e-05,0.03451919592810761,full,full,full
req_002984,benign,0.00013804436,0.8877996195760283,full,full,full
req_002985,benign,4.9114227e-05,0.9053280791983184,full,full,full
req_002986,benign,4.9829483e-05,0.0013452583543830006,full,full,full
req_002987,benign,0.00015413761,0.8229921932263514,full,full,full
req_002988,benign,4.9829483e-05,0.8827516608960569,full,full,full
req_002989,benign,4.9471855e-05,0.036156381258262385,full,full,full
req_002990,benign,6.496906e-05,0.010056488482325612,full,full,full
req_002991,benign,4.9114227e-05,0.8452949502200058,full,full,full
req_002992,benign,0.000121474266,0.03832515110281639,full,full,full
req_002993,benign,0.00011098385,0.0,full,full,full
req_002994,benign,4.9471855e-05,0.8859249866807686,full,full,full
req_002995,exhaustion,0.9993282,0.025132406876741308,full,full,quarantine
req_002996,benign,5.1498413e-05,0.9063596696196855,full,full,full
req_002997,benign,5.6147575e-05,0.8226835005413171,full,full,full
req_002998,benign,7.8201294e-05,0.979810955915368,full,full,full
req_002999,benign,0.00020176172,0.8148091510768259,full,full,full
req_003000,injection,0.9991504,0.06042261215984614,full,quarantine,quarantine
req_003001,benign,4.9471855e-05,0.0031144057868675197,full,full,full
req_003002,exhaustion,0.9993282,0.049259996376434606,full,full,quarantine
req_003003,benign,7.4863434e-05,0.0,full,full,full
req_003004,injection,0.99970615,0.0035966992753892583,full,quarantine,quarantine
req_003005,benign,0.00017082691,0.023236413902457228,full,full,full
req_003006,benign,5.6147575e-05,0.006430644265493852,full,full,full
req_003007,benign,6.842613e-05,0.8553729932083919,full,full,full
req_003008,benign,6.902218e-05,0.8673094470148895,full,full,full
req_003009,benign,6.401539e-05,0.8093642477129196,full,full,full
req_003010,benign,7.379055e-05,0.028730458456512988,full,full,full
req_003011,benign,0.00010037422,0.04360222457518585,full,full,full
req_003012,exhaustion,0.99931693,0.015400234467985234,full,full,quarantine
req_003013,benign,0.00013744831,0.05015853025871645,full,full,full
req_003014,benign,6.0796738e-05,0.02577841594045496,full,full,full
req_003015,benign,6.9856644e-05,0.9364601554462502,full,full,full
req_003016,benign,4.9948692e-05,0.04197161135359082,full,full,full
req_003017,benign,6.7830086e-05,0.8458037020472069,full,full,full
req_003018,benign,6.1273575e-05,0.8300807814606455,full,full,full
req_003019,benign,6.3061714e-05,0.7751639671851986,full,full,full
req_003020,benign,0.00010216236,0.017952632978540647,full,full,full
req_003021,benign,5.6624413e-05,0.034600889618523895,full,full,full
req_003022,benign,0.00022345781,0.8163958368882176,full,full,full
req_003023,benign,4.9114227e-05,0.951356750645268,full,full,full
req_003024,exhaustion,0.9993253,0.0,full,full,quarantine
req_003025,benign,0.00013017654,0.7528823530107305,full,full,full
req_003026,benign,7.259846e-05,0.8304016301488838,full,full,full
req_003027,benign,8.4638596e-05,0.7895224845738814,full,full,full
req_003028,benign,0.00020056963,0.919033150118414,full,full,full
req_003029,benign,7.9870224e-05,0.03745931312783121,full,full,full
req_003030,benign,4.9829483e-05,0.03507291612327057,full,full,full
req_003031,benign,5.6624413e-05,0.008493424056755725,full,full,full
req_003032,benign,6.9737434e-05,0.8830350418090518,full,full,full
req_003033,benign,0.000104665756,0.8816791521308424,full,full,full
req_003034,benign,0.0001039505,0.911668776115549,full,full,full
req_003035,benign,0.00015592575,0.8606545907360197,full,full,full
req_003036,benign,8.189678e-05,0.8754769159872644,full,full,full
req_003037,benign,0.00012671947,0.03944702582849762,full,full,full
req_003038,benign,0.0018715262,0.04859584591300199,full,full,full
req_003039,benign,5.507469e-05,0.8289619016529027,full,full,full
req_003040,benign,0.00013720989,0.0,full,full,full
req_003041,exhaustion,0.9993462,0.009182697130970034,full,full,quarantine
req_003042,benign,7.379055e-05,0.8848779051640805,full,full,full
req_003043,benign,6.92606e-05,0.013495933216223312,full,full,full
req_003044,benign,0.0001052618,0.0586127027028307,full,full,full
req_003045,benign,5.018711e-05,0.8155912473097449,full,full,full
req_003046,benign,0.00018829107,0.9230629881815805,full,full,full
req_003047,benign,4.9471855e-05,0.7716025867126308,full,full,full
req_003048,benign,4.9471855e-05,0.7753600244106117,full,full,full
req_003049,benign,5.7935715e-05,0.8813452000397217,full,full,full
req_003050,benign,4.9471855e-05,0.011912479930139643,full,full,full
req_003051,benign,5.733967e-05,0.09879596805795025,full,full,full
req_003052,benign,4.9233437e-05,0.824809169200208,full,full,full
req_003053,benign,7.9870224e-05,0.9634660250329097,full,full,full
req_003054,benign,6.92606e-05,0.03956887180472841,full,full,full
req_003055,benign,5.6624413e-05,0.022998489923856447,full,full,full
req_003056,benign,5.0902367e-05,0.8300338462489731,full,full,full
req_003057,benign,7.271767e-05,0.05615556716920281,full,full,full
req_003058,benign,5.7816505e-05,0.8745681579252511,full,full,full
req_003059,benign,4.9471855e-05,0.06366685870318585,full,full,full
req_003060,benign,6.0081482e-05,0.028638307703203192,full,full,full
req_003061,benign,0.00012278557,0.04754645025166125,full,full,full
req_003062,exhaustion,0.9993282,0.04222323543560114,full,full,quarantine
req_003063,benign,0.00012362003,0.05351880802790003,full,full,full
req_003064,benign,9.191036e-05,0.023355435087733356,full,full,full
req_003065,benign,5.9247017e-05,0.03893438172033528,full,full,full
req_003066,benign,5.7458878e-05,0.8399225547771813,full,full,full
req_003067,benign,7.009506e-05,0.7319575628722776,full,full,full
req_003068,exhaustion,0.9995094,0.046369596703007845,full,full,quarantine
req_003069,benign,0.00085294247,0.8334999879920577,full,full,full
req_003070,injection,0.9996146,0.8394105708070307,full,quarantine,quarantine
req_003071,benign,6.3061714e-05,0.043876824508391477,full,full,full
req_003072,benign,0.00012028217,0.04865890390105575,full,full,full
req_003073,benign,0.00012218952,0.02146730444171383,full,full,full
req_003074,exhaustion,0.99941564,0.03968191649080484,full,full,quarantine
req_003075,benign,8.34465e-05,0.8857222910062212,full,full,full
req_003076,benign,4.9114227e-05,0.8801850676645921,full,full,full
req_003077,benign,5.543232e-05,0.9517149125423537,full,full,full
req_003078,benign,4.9829483e-05,0.02641065571209677,full,full,full
req_003079,injection,0.9992572,0.011055075336924389,full,quarantine,quarantine
req_003080,benign,7.259846e-05,0.8884087535694711,full,full,full
req_003081,benign,5.686283e-05,0.7757676259397845,full,full,full
req_003082,benign,6.03199e-05,0.811438257836322,full,full,full
req_003083,benign,4.9471855e-05,0.0,full,full,full
req_003084,benign,5.3048134e-05,0.8363004851026333,full,full,full
req_003085,benign,0.000119805336,0.8465905231370725,full,full,full
req_003086,benign,0.000104665756,0.7840763328133089,full,full,full
req_003087,benign,6.4492226e-05,0.8327866761757735,full,full,full
req_003088,benign,4.9114227e-05,0.7842836392393623,full,full,full
req_003089,benign,4.9233437e-05,0.03801194351966429,full,full,full
req_003090,exhaustion,0.9993366,0.049350243191796504,full,full,quarantine
req_003091,benign,5.6505203e-05,0.020990467730931592,full,full,full
req_003092,benign,5.6624413e-05,0.03588538544346232,full,full,full
req_003093,benign,4.9114227e-05,0.01884830504590102,full,full,full
req_003094,benign,4.9352646e-05,0.04558348068575173,full,full,full
req_003095,benign,0.00012362003,0.025096339095851468,full,full,full
req_003096,benign,0.00031983852,0.8996884742685951,full,full,full
req_003097,benign,6.41346e-05,0.0357647700398839,full,full,full
req_003098,exhaustion,0.9993083,0.030058003838612547,full,full,quarantine
req_003099,benign,5.7935715e-05,0.7470333896996334,full,full,full
req_003100,benign,4.9471855e-05,0.8866354018574768,full,full,full
req_003101,benign,7.545948e-05,0.8396046922139581,full,full,full
req_003102,benign,5.7935715e-05,0.028375830987921746,full,full,full
req_003103,benign,4.9471855e-05,0.018379128057220827,full,full,full
req_003104,injection,0.9994354,0.05324387199432466,full,quarantine,quarantine
req_003105,benign,0.0001295805,0.031221819581964478,full,full,full
req_003106,benign,4.9471855e-05,0.01282035761785284,full,full,full
req_003107,benign,5.7458878e-05,0.011430280826185028,full,full,full
req_003108,benign,4.9471855e-05,0.02553691126960053,full,full,full
req_003109,benign,0.0022047758,0.8482440251125749,full,full,full
req_003110,benign,0.00015163422,0.054055379200343916,full,full,full
req_003111,benign,6.067753e-05,0.8692734274840899,full,full,full
req_003112,benign,0.0005392432,0.005752839538741561,full,full,full
req_003113,benign,0.00015723705,0.02231174864920226,full,full,full
req_003114,benign,7.760525e-05,0.055829438374428414,full,full,full
req_003115,benign,7.092953e-05,0.8157179760133514,full,full,full
req_003116,injection,0.9992375,0.034711539460538676,full,quarantine,quarantine
req_003117,benign,0.00013005733,0.046001865085706306,full,full,full
req_003118,benign,7.426739e-05,0.024623877652834376,full,full,full
req_003119,benign,4.9114227e-05,0.03721846861936331,full,full,full
req_003120,benign,0.000119805336,0.803299160170509,full,full,full
req_003121,benign,5.698204e-05,0.8704811144850276,full,full,full
req_003122,benign,7.724762e-05,0.8383804069915636,full,full,full
req_003123,benign,4.9114227e-05,0.859561564495338,full,full,full
req_003124,benign,7.259846e-05,0.043479856591622824,full,full,full
req_003125,benign,7.939339e-05,0.8357714162860044,full,full,full
req_003126,benign,6.914139e-05,0.05899272027165286,full,full,full
req_003127,injection,0.999175,0.07415088105403829,full,quarantine,quarantine
req_003128,injection,0.99941134,0.019440925991424128,full,quarantine,quarantine
req_003129,injection,0.9997706,0.04423230078406422,full,quarantine,quarantine
req_003130,benign,9.250641e-05,0.8381243130390749,full,full,full
req_003131,benign,7.8201294e-05,0.8251023416436487,full,full,full
req_003132,benign,9.524822e-05,0.9209668308342955,full,full,full
req_003133,benign,7.879734e-05,0.8248392295449007,full,full,full
req_003134,benign,4.9114227e-05,0.02017913549245351,full,full,full
req_003135,benign,5.221367e-05,0.06437332710925181,full,full,full
req_003136,benign,5.6624413e-05,0.009633985564999559,full,full,full
req_003137,benign,6.9856644e-05,0.8680510293839103,full,full,full
req_003138,benign,7.7962875e-05,0.05183055573172894,full,full,full
req_003139,benign,4.9471855e-05,0.8628288610186228,full,full,full
req_003140,benign,7.4863434e-05,0.8622350741473351,full,full,full
req_003141,benign,5.1379204e-05,0.036192406028488625,full,full,full
req_003142,benign,4.9352646e-05,0.8354019096282006,full,full,full
req_003143,benign,5.6505203e-05,0.8201847487991593,full,full,full
req_003144,benign,4.9829483e-05,0.041523479825385644,full,full,full
req_003145,benign,5.865097e-05,0.03463089239941539,full,full,full
req_003146,benign,5.698204e-05,0.816210808898306,full,full,full
req_003147,benign,0.00013923645,0.021546605293265783,full,full,full
req_003148,benign,6.8068504e-05,0.02415305800226218,full,full,full
req_003149,benign,0.00030946732,0.897716446094759,full,full,full
req_003150,benign,4.9471855e-05,0.04090362446272805,full,full,full
req_003151,benign,6.997585e-05,0.021116143511447444,full,full,full
req_003152,benign,8.6426735e-05,0.8103572002320549,full,full,full
req_003153,benign,4.9471855e-05,0.8890246585983927,full,full,full
req_003154,benign,4.9114227e-05,0.8815939625007365,full,full,full
req_003155,benign,5.3167343e-05,0.027011539547422705,full,full,full
req_003156,benign,0.000651896,0.02048101817572883,full,full,full
req_003157,benign,0.00058734417,0.05586338830318395,full,full,full
req_003158,benign,4.9114227e-05,0.8208227199896111,full,full,full
req_003159,exhaustion,0.99931693,0.06207042290192447,full,full,quarantine
req_003160,benign,5.507469e-05,0.8564374540351258,full,full,full
req_003161,benign,4.9114227e-05,0.00047139984516489375,full,full,full
req_003162,benign,6.1035156e-05,0.04295603826502718,full,full,full
req_003163,benign,5.364418e-05,0.9075671353942185,full,full,full
req_003164,benign,6.1154366e-05,0.020720355825008585,full,full,full
req_003165,benign,5.6624413e-05,0.026982486552574077,full,full,full
req_003166,benign,6.1154366e-05,0.901311840833028,full,full,full
req_003167,benign,5.507469e-05,0.8777663517943204,full,full,full
req_003168,benign,7.4744225e-05,0.921564548132994,full,full,full
req_003169,benign,5.90086e-05,0.009519529273987772,full,full,full
req_003170,benign,0.00063985586,0.8099411870405103,full,full,full
req_003171,benign,6.7949295e-05,0.04024572400060454,full,full,full
req_003172,benign,0.000111699104,0.02577465357653969,full,full,full
req_003173,benign,4.9114227e-05,0.7916726282406509,full,full,full
req_003174,benign,5.6624413e-05,0.780009684275808,full,full,full
req_003175,benign,5.6028366e-05,0.7764106013850323,full,full,full
req_003176,benign,5.6624413e-05,0.818375408394153,full,full,full
req_003177,benign,6.020069e-05,0.8404224727436973,full,full,full
req_003178,benign,7.1287155e-05,0.034407332910603675,full,full,full
req_003179,exhaustion,0.9995299,0.059267626153479136,full,full,quarantine
req_003180,benign,6.508827e-05,0.7897585725499806,full,full,full
req_003181,benign,7.8082085e-05,0.8498348037779281,full,full,full
req_003182,benign,6.580353e-05,0.7881427908594983,full,full,full
req_003183,benign,4.9471855e-05,0.800571259624863,full,full,full
req_003184,benign,7.6532364e-05,0.8536550103639527,full,full,full
req_003185,benign,6.496906e-05,0.018157259653556947,full,full,full
req_003186,benign,9.62019e-05,0.786023932718742,full,full,full
req_003187,benign,9.6559525e-05,0.03495703897243727,full,full,full
req_003188,benign,0.00022143126,0.8037687017906583,full,full,full
req_003189,benign,4.9114227e-05,0.8981804263784139,full,full,full
req_003190,benign,0.00014638901,0.03595947102649847,full,full,full
req_003191,benign,4.9471855e-05,0.037913387582679516,full,full,full
req_003192,benign,7.259846e-05,0.02253867963463701,full,full,full
req_003193,benign,6.604195e-05,0.014216540653439837,full,full,full
req_003194,benign,4.9114227e-05,0.8741254205087763,full,full,full
req_003195,benign,0.00012052059,0.7830814319046824,full,full,full
req_003196,benign,4.9471855e-05,0.0638336981429357,full,full,full
req_003197,benign,6.210804e-05,0.02244870484807798,full,full,full
req_003198,benign,9.429455e-05,0.9188102764454781,full,full,full
req_003199,benign,0.00020641088,0.027722495205432334,full,full,full
req_003200,benign,5.7458878e-05,0.8202375412407985,full,full,full
req_003201,benign,5.6624413e-05,0.04510471896674681,full,full,full
req_003202,benign,0.0005671382,0.8523207411241704,full,full,full
req_003203,benign,6.878376e-05,0.8501870110970225,full,full,full
req_003204,benign,6.92606e-05,0.7976446520812119,full,full,full
req_003205,benign,5.555153e-05,0.8531735382125281,full,full,full
req_003206,benign,6.663799e-05,0.0,full,full,full
req_003207,benign,0.0019193888,0.06380942148531893,full,full,full
req_003208,benign,0.00010287762,0.8883528909744521,full,full,full
req_003209,benign,0.0010365248,0.8665676864054132,full,full,full
req_003210,benign,0.0001039505,0.9026369001899073,full,full,full
req_003211,benign,0.0007022619,0.8914536950399822,full,full,full
req_003212,benign,6.175041e-05,0.03161711994940707,full,full,full
req_003213,benign,6.4492226e-05,0.0032140553043808924,full,full,full
req_003214,benign,5.1259995e-05,0.043707312667066275,full,full,full
req_003215,benign,7.3075294e-05,0.8653084165285632,full,full,full
req_003216,benign,0.00012648106,0.011289372214333314,full,full,full
req_003217,benign,5.6624413e-05,0.8596633059100475,full,full,full
req_003218,benign,5.6624413e-05,0.017427607406501282,full,full,full
req_003219,benign,5.1617622e-05,0.979656473107894,full,full,full
req_003220,benign,5.6624413e-05,0.8877997641140654,full,full,full
req_003221,benign,5.698204e-05,0.021264827772523136,full,full,full
req_003222,benign,6.16312e-05,0.8405692917437677,full,full,full
req_003223,injection,0.99957526,0.05810909610929046,full,quarantine,quarantine
req_003224,benign,5.6147575e-05,0.7918205805897546,full,full,full
req_003225,benign,6.8068504e-05,0.012019215377645373,full,full,full
req_003226,benign,8.583069e-05,0.849876075096693,full,full,full
req_003227,benign,5.6147575e-05,0.8423518830435718,full,full,full
req_003228,benign,8.9645386e-05,0.8200691881698525,full,full,full
req_003229,benign,6.723404e-05,0.01704112309711192,full,full,full
req_003230,benign,5.1498413e-05,0.03871839972260882,full,full,full
req_003231,benign,6.341934e-05,0.820640923340858,full,full,full
req_003232,benign,5.7935715e-05,0.8195979430813582,full,full,full
req_003233,injection,0.9993631,0.04646499371149156,full,quarantine,quarantine
req_003234,benign,0.00016236305,0.8344790902677076,full,full,full
req_003235,benign,5.1021576e-05,0.07088308586707112,full,full,full
req_003236,benign,0.00014674664,0.8319133271259908,full,full,full
req_003237,benign,0.00012922287,0.027415672006547345,full,full,full
req_003238,benign,4.9471855e-05,0.8672614552244017,full,full,full
req_003239,injection,0.9991259,0.04242523204032651,full,quarantine,quarantine
req_003240,benign,5.8293343e-05,0.023271468041558663,full,full,full
req_003241,benign,7.414818e-05,0.03218846739093498,full,full,full
req_003242,benign,6.1273575e-05,0.8614292278793132,full,full,full
req_003243,benign,4.9471855e-05,0.8863907301673326,full,full,full
req_003244,benign,4.9471855e-05,0.835691114195132,full,full,full
req_003245,benign,5.2452087e-05,0.8723686412567414,full,full,full
req_003246,exhaustion,0.9993282,0.027330442775491647,full,full,quarantine
req_003247,benign,0.00012922287,0.009551556974669941,full,full,full
req_003248,benign,7.259846e-05,0.05697329095112287,full,full,full
req_003249,benign,0.00013792515,0.0425395400597811,full,full,full
req_003250,benign,8.928776e-05,0.0042415906389495495,full,full,full
req_003251,benign,8.8214874e-05,0.006321160392624096,full,full,full
req_003252,benign,0.00014460087,0.8339241476832581,full,full,full
req_003253,benign,8.058548e-05,0.8981811525323331,full,full,full
req_003254,benign,5.6147575e-05,0.002252944732198555,full,full,full
req_003255,benign,5.6147575e-05,0.8612724997921362,full,full,full
req_003256,benign,0.00010693073,0.892035477832551,full,full,full
req_003257,benign,5.6624413e-05,0.00861570435517664,full,full,full
req_003258,benign,5.567074e-05,0.023837654075152665,full,full,full
req_003259,injection,0.998508,0.05999957600219473,full,full,quarantine
req_003260,benign,7.83205e-05,0.8472057045062605,full,full,full
req_003261,benign,0.00010216236,0.8414246216285052,full,full,full
req_003262,benign,5.6147575e-05,0.8505398262058261,full,full,full
req_003263,exhaustion,0.99931693,0.029725505975331006,full,full,quarantine
req_003264,benign,7.1406364e-05,0.051837749008667125,full,full,full
req_003265,benign,0.00011134148,0.8026942311386588,full,full,full
req_003266,benign,0.00031757355,0.8099940399477502,full,full,full
req_003267,benign,0.00015544891,0.9445041743440361,full,full,full
req_003268,injection,0.9997706,0.007863930625397746,full,quarantine,quarantine
req_003269,benign,6.341934e-05,0.8335739483385943,full,full,full
req_003270,exhaustion,0.9993366,0.028601173738662396,full,full,quarantine
req_003271,injection,0.9992484,0.038039637860683886,full,quarantine,quarantine
req_003272,benign,7.522106e-05,0.8305825707097725,full,full,full
req_003273,benign,4.9233437e-05,0.08153971542181293,full,full,full
req_003274,benign,0.00014388561,0.858007681432903,full,full,full
req_003275,benign,4.9471855e-05,0.8371236107999985,full,full,full
req_003276,benign,7.557869e-05,0.90579167194824,full,full,full
req_003277,benign,0.0001128912,0.00804483636944749,full,full,full
req_003278,injection,0.9985516,0.03179689354784294,full,quarantine,quarantine
req_003279,benign,0.00010085106,0.814421972859103,full,full,full
req_003280,benign,6.258488e-05,0.04432668082845352,full,full,full
req_003281,benign,7.927418e-05,0.8571648790298356,full,full,full
req_003282,benign,9.453297e-05,0.016406642056305612,full,full,full
req_003283,benign,0.00013780594,0.8521565359295105,full,full,full
req_003284,benign,5.7578087e-05,1.0,full,full,full
req_003285,benign,9.262562e-05,0.0446935948692905,full,full,full
req_003286,benign,0.000104665756,0.004360004152981968,full,full,full
req_003287,benign,6.842613e-05,0.8480158884569908,full,full,full
req_003288,benign,0.00037682056,0.04627010668461502,full,full,full
req_003289,benign,5.567074e-05,0.8862032536728244,full,full,full
req_003290,benign,0.00010573864,0.8968769222731526,full,full,full
req_003291,benign,0.0001270771,0.8675432554201203,full,full,full
req_003292,benign,5.6147575e-05,0.052462948137532946,full,full,full
req_003293,benign,0.000104665756,0.8151454119870489,full,full,full
req_003294,benign,7.748604e-05,0.020858915286651424,full,full,full
req_003295,benign,0.000119924545,0.039206439527161074,full,full,full
req_003296,benign,7.379055e-05,0.7022901635861051,full,full,full
req_003297,benign,5.018711e-05,0.8521842916153339,full,full,full
req_003298,benign,0.00030946732,0.05495385376128383,full,full,full
req_003299,benign,8.952618e-05,0.030453759149086965,full,full,full
req_003300,benign,5.6147575e-05,0.9336232444637369,full,full,full
req_003301,benign,0.0002861619,0.7923516925261904,full,full,full
req_003302,benign,0.00020200014,0.7970312185408368,full,full,full
req_003303,benign,0.00011956692,0.027030082476887922,full,full,full
req_003304,injection,0.999368,0.04910491465801692,full,quarantine,quarantine
req_003305,benign,9.083748e-05,0.8375060869312686,full,full,full
req_003306,benign,0.0001502037,0.90655704535058,full,full,full
req_003307,benign,4.9471855e-05,0.028030789032529195,full,full,full
req_003308,benign,0.00012242794,0.017949999408841913,full,full,full
req_003309,benign,0.00013875961,0.8619044495405747,full,full,full
req_003310,benign,0.000659883,0.9201129258493493,full,full,full
req_003311,exhaustion,0.9993366,0.044852646759669365,full,full,quarantine
req_003312,benign,7.426739e-05,0.8080953035064375,full,full,full
req_003313,benign,5.6624413e-05,0.8434090251138416,full,full,full
req_003314,benign,0.00014770031,0.01738184730979514,full,full,full
req_003315,benign,0.00020033121,0.817795707990104,full,full,full
req_003316,exhaustion,0.9993282,0.0254196492803847,full,full,quarantine
req_003317,injection,0.9991877,0.017325051629987983,full,quarantine,quarantine
req_003318,benign,5.865097e-05,0.008697921423095958,full,full,full
req_003319,benign,7.915497e-05,0.05262863095587847,full,full,full
req_003320,benign,0.00014519691,0.8382056957345347,full,full,full
req_003321,benign,5.7458878e-05,0.9980800549613237,full,full,full
req_003322,exhaustion,0.99936694,0.8679637319618719,full,full,quarantine
req_003323,benign,0.00010573864,0.9062924914655262,full,full,full
req_003324,benign,6.41346e-05,0.8871020075122779,full,full,full
req_003325,benign,6.365776e-05,0.7722002701776611,full,full,full
req_003326,injection,0.9993091,0.7729890046330073,full,quarantine,quarantine
req_003327,benign,4.9471855e-05,0.8743587844459009,full,full,full
req_003328,benign,4.9114227e-05,0.03728466417608049,full,full,full
req_003329,benign,0.00010895729,0.8226156281053287,full,full,full
req_003330,exhaustion,0.99941564,0.03167998723373165,full,full,quarantine
req_003331,benign,5.6147575e-05,0.8041525604374666,full,full,full
req_003332,exhaustion,0.99931693,0.049097624650673244,full,full,quarantine
req_003333,benign,5.0663948e-05,0.015889353065192895,full,full,full
req_003334,benign,4.9114227e-05,0.8587389225833671,full,full,full
req_003335,benign,0.00052791834,0.05097921928605198,full,full,full
req_003336,benign,7.164478e-05,0.03205199571492058,full,full,full
req_003337,benign,5.698204e-05,0.02671311081181137,full,full,full
req_003338,benign,0.00014936924,0.02552653656672006,full,full,full
req_003339,benign,6.902218e-05,0.005430415174534454,full,full,full
req_003340,benign,0.00032377243,0.8166061070718291,full,full,full
req_003341,benign,0.00017601252,0.8222594623136729,full,full,full
req_003342,benign,5.6624413e-05,0.9082356537708032,full,full,full
req_003343,benign,6.771088e-05,0.8824627745134641,full,full,full
req_003344,injection,0.99803853,0.02959026564487083,full,quarantine,quarantine
req_003345,benign,5.6505203e-05,0.050585165821924044,full,full,full
req_003346,benign,7.9751015e-05,0.8499689100605475,full,full,full
req_003347,benign,9.286404e-05,0.8509181838818058,full,full,full
req_003348,benign,8.2850456e-05,0.8810037299713116,full,full,full
req_003349,benign,6.151199e-05,0.04402274502308205,full,full,full
req_003350,benign,0.0001128912,0.9010285990772158,full,full,full
req_003351,benign,6.401539e-05,0.04249479987415636,full,full,full
req_003352,benign,4.9114227e-05,0.057406836000672104,full,full,full
req_003353,benign,0.000111579895,0.8450703557474184,full,full,full
req_003354,benign,0.00014996529,0.03498347083175691,full,full,full
req_003355,benign,5.6147575e-05,0.0,full,full,full
req_003356,benign,4.9471855e-05,0.01320268187383411,full,full,full
req_003357,benign,7.212162e-05,0.032132087002476384,full,full,full
req_003358,benign,0.000116467476,0.9586460170825574,full,full,full
req_003359,benign,8.201599e-05,0.843329497152431,full,full,full
req_003360,benign,6.1035156e-05,0.02426417980852114,full,full,full
req_003361,benign,7.4863434e-05,0.9077175024543244,full,full,full
req_003362,exhaustion,0.9993366,0.028861801147772176,full,full,quarantine
req_003363,injection,0.9994806,0.017614701521472584,full,quarantine,quarantine
req_003364,exhaustion,0.9993366,0.04328361288584534,full,full,quarantine
req_003365,benign,6.496906e-05,0.8790574547655206,full,full,full
req_003366,benign,5.6147575e-05,0.030851120011884274,full,full,full
req_003367,benign,5.8293343e-05,0.7393419043104452,full,full,full
req_003368,benign,4.9114227e-05,0.032454800960451294,full,full,full
req_003369,benign,0.00019139051,0.017778497435247696,full,full,full
req_003370,benign,9.2983246e-05,0.8858176891211332,full,full,full
req_003371,benign,6.8068504e-05,0.8657497685626592,full,full,full
req_003372,benign,0.0001347065,0.7509300218240147,full,full,full
req_003373,benign,0.0006169081,0.8692863694158781,full,full,full
req_003374,exhaustion,0.99931693,0.017527891573259596,full,full,quarantine
req_003375,benign,6.8068504e-05,0.06954364462043247,full,full,full
req_003376,benign,4.9471855e-05,0.013262600618632294,full,full,full
req_003377,benign,0.00011575222,0.06002397012843514,full,full,full
req_003378,benign,5.018711e-05,0.03377639010266438,full,full,full
req_003379,benign,6.496906e-05,0.8184166029525934,full,full,full
req_003380,benign,9.3221664e-05,0.7692821921271256,full,full,full
req_003381,benign,5.6624413e-05,0.816062114111495,full,full,full
req_003382,benign,0.00030946732,0.022887563905352043,full,full,full
req_003383,benign,6.484985e-05,0.7972031055576514,full,full,full
req_003384,benign,5.6624413e-05,0.756605975696204,full,full,full
req_003385,exhaustion,0.9993282,0.05098489617072206,full,full,quarantine
req_003386,benign,5.6624413e-05,0.038984487170839896,full,full,full
req_003387,exhaustion,0.99821454,0.013982395606041396,full,full,quarantine
req_003388,benign,0.00010287762,0.8128237018384049,full,full,full
req_003389,benign,0.00010418892,0.8409095446754761,full,full,full
req_003390,benign,5.38826e-05,0.0,full,full,full
req_003391,benign,0.00014483929,0.03597355476497842,full,full,full
req_003392,benign,7.915497e-05,0.8684205410158858,full,full,full
req_003393,benign,6.842613e-05,0.8560115003137025,full,full,full
req_003394,benign,4.9114227e-05,0.05370157233528346,full,full,full
req_003395,benign,5.1259995e-05,0.8757823373856083,full,full,full
req_003396,benign,0.00012362003,0.0,full,full,full
req_003397,benign,0.00019580126,0.004720277077429964,full,full,full
req_003398,exhaustion,0.9993983,0.013146377841696442,full,full,quarantine
req_003399,benign,4.9233437e-05,0.9090110640774833,full,full,full
req_003400,benign,5.853176e-05,0.005389977115285275,full,full,full
req_003401,benign,5.7816505e-05,0.8321472574475095,full,full,full
req_003402,benign,0.000104665756,0.8722374654296896,full,full,full
req_003403,benign,5.567074e-05,0.8208168878854799,full,full,full
req_003404,benign,6.067753e-05,0.04008167715514821,full,full,full
req_003405,benign,9.274483e-05,0.8840937904727898,full,full,full
req_003406,benign,5.054474e-05,0.02377319871748067,full,full,full
req_003407,benign,4.9471855e-05,0.7633190056407079,full,full,full
req_003408,exhaustion,0.9993366,0.03815453181050538,full,full,quarantine
req_003409,benign,0.00023132563,0.7083072052129178,full,full,full
req_003410,benign,5.018711e-05,0.011486529800536844,full,full,full
req_003411,exhaustion,0.99757594,0.002810342682172246,full,full,quarantine
req_003412,benign,0.00026983023,0.005132384598128925,full,full,full
req_003413,benign,0.0003182888,0.8522957012170549,full,full,full
req_003414,benign,5.733967e-05,0.026026596092940023,full,full,full
req_003415,benign,7.259846e-05,0.03617630888955536,full,full,full
req_003416,benign,4.9829483e-05,0.06859638041300414,full,full,full
req_003417,benign,4.9471855e-05,0.03183004451481007,full,full,full
req_003418,benign,7.3194504e-05,0.8392919601448922,full,full,full
req_003419,benign,6.92606e-05,0.8886179263663812,full,full,full
req_003420,benign,5.543232e-05,0.895321636797103,full,full,full
req_003421,benign,5.6624413e-05,0.019439347507250924,full,full,full
req_003422,benign,6.055832e-05,0.01213738141374968,full,full,full
req_003423,benign,5.6385994e-05,0.03937264203466818,full,full,full
req_003424,benign,7.2956085e-05,0.04420801993474303,full,full,full
req_003425,benign,5.6624413e-05,0.044390371674342156,full,full,full
req_003426,benign,4.9114227e-05,0.04221903673760177,full,full,full
req_003427,benign,0.00015258789,0.04986927016588029,full,full,full
req_003428,benign,8.440018e-05,0.0664984019130351,full,full,full
req_003429,benign,6.8068504e-05,0.8062837439636283,full,full,full
req_003430,benign,7.379055e-05,0.050565134487391375,full,full,full
req_003431,benign,5.6028366e-05,0.037618546182163586,full,full,full
req_003432,benign,8.59499e-05,0.013645108085684417,full,full,full
req_003433,injection,0.99927926,0.8323724837379322,full,quarantine,quarantine
req_003434,benign,4.9114227e-05,0.7635943444340408,full,full,full
req_003435,benign,0.00010454655,0.018425719676565925,full,full,full
req_003436,injection,0.9996134,0.03300109730295055,full,quarantine,quarantine
req_003437,benign,5.6147575e-05,0.7910410732651376,full,full,full
req_003438,benign,0.00043016672,0.0058798864246655536,full,full,full
req_003439,benign,0.0007559061,0.9201486305551055,full,full,full
req_003440,benign,0.0013420582,0.866313210632611,full,full,full
req_003441,benign,0.000105023384,0.8499239824585956,full,full,full
req_003442,benign,7.83205e-05,0.03644510167108057,full,full,full
req_003443,benign,5.6147575e-05,0.8445125716636251,full,full,full
req_003444,benign,0.0006210804,0.012215288431195796,full,full,full
req_003445,exhaustion,0.99941564,0.02834595305428372,full,full,quarantine
req_003446,benign,4.9233437e-05,0.0074161730980240766,full,full,full
req_003447,benign,4.9829483e-05,0.030754196576367205,full,full,full
req_003448,benign,4.9471855e-05,0.832428232199861,full,full,full
req_003449,injection,0.99938065,0.05205537822674535,full,quarantine,quarantine
req_003450,benign,0.00020056963,0.8192054420933615,full,full,full
req_003451,benign,4.9471855e-05,0.9716665939330336,full,full,full
req_003452,benign,7.70092e-05,0.8695162967901497,full,full,full
req_003453,benign,5.018711e-05,0.7824279966080085,full,full,full
req_003454,exhaustion,0.9993366,0.05640621604428374,full,full,quarantine
req_003455,benign,6.6399574e-05,0.02696278219522705,full,full,full
req_003456,benign,6.0796738e-05,0.8761321627761923,full,full,full
req_003457,benign,4.9471855e-05,0.07275362091195706,full,full,full
req_003458,benign,7.426739e-05,0.04702671020782026,full,full,full
req_003459,benign,0.0005386472,0.8603719569827969,full,full,full
req_003460,benign,5.6624413e-05,0.8389709073138083,full,full,full
req_003461,benign,0.00030946732,0.7784301194836905,full,full,full
req_003462,benign,7.18832e-05,0.7990550651318651,full,full,full
req_003463,benign,0.00019019842,0.04083307313100376,full,full,full
req_003464,benign,5.030632e-05,0.023477400966237065,full,full,full
req_003465,benign,4.9471855e-05,0.8427026295942004,full,full,full
req_003466,benign,4.9114227e-05,0.8334466648462172,full,full,full
req_003467,benign,7.7843666e-05,0.02656574115161915,full,full,full
req_003468,benign,0.0001244545,0.8576265227574872,full,full,full
req_003469,benign,8.177757e-05,0.8344395946489165,full,full,full
req_003470,benign,0.00012278557,0.010382395559488024,full,full,full
req_003471,benign,0.00030887127,0.8712383105865452,full,full,full
req_003472,benign,4.9114227e-05,0.8967853454848358,full,full,full
req_003473,benign,4.9471855e-05,0.00881193644359421,full,full,full
req_003474,benign,0.00010883808,0.7721413636365264,full,full,full
req_003475,exhaustion,0.9993366,0.0,full,full,quarantine
req_003476,injection,0.9995711,0.053810944144161446,full,quarantine,quarantine
req_003477,benign,0.000104665756,0.8098129822143321,full,full,full
req_003478,benign,0.00078594685,0.020074849073436415,full,full,full
req_003479,benign,5.6624413e-05,0.04755458818557781,full,full,full
req_003480,benign,6.0796738e-05,0.030311832714400702,full,full,full
req_003481,benign,0.00056022406,0.8528081660240653,full,full,full
req_003482,injection,0.9993785,0.06804045286144764,full,quarantine,quarantine
req_003483,injection,0.9997012,0.04314874927454477,full,quarantine,quarantine
req_003484,benign,0.0001693964,0.8230839532355545,full,full,full
req_003485,injection,0.9991504,0.03407911965198932,full,quarantine,quarantine
req_003486,benign,9.191036e-05,0.0314989289085761,full,full,full
req_003487,benign,5.6624413e-05,0.8710708741885838,full,full,full
req_003488,benign,0.0005429387,0.06278849585327781,full,full,full
req_003489,benign,6.4730644e-05,0.8743793188778167,full,full,full
req_003490,benign,5.698204e-05,0.038079141537243705,full,full,full
req_003491,benign,5.352497e-05,0.8194785742209574,full,full,full
req_003492,benign,0.00012278557,0.8564373486384413,full,full,full
req_003493,benign,6.92606e-05,0.8946284106863014,full,full,full
req_003494,benign,0.00015950203,0.025182887670974978,full,full,full
req_003495,benign,4.9114227e-05,0.8126892963088932,full,full,full
req_003496,benign,6.604195e-05,0.03391904175413086,full,full,full
req_003497,benign,4.9114227e-05,0.007195869167385915,full,full,full
req_003498,benign,4.9471855e-05,0.8725858599091848,full,full,full
req_003499,benign,5.221367e-05,0.9127226961852984,full,full,full
req_003500,exhaustion,0.9993282,0.005845424323959975,full,full,quarantine
req_003501,benign,5.507469e-05,0.8768608895709794,full,full,full
req_003502,benign,5.8293343e-05,0.8062697695519853,full,full,full
req_003503,benign,5.6147575e-05,0.042706557377709606,full,full,full
req_003504,benign,6.151199e-05,0.8107861643871054,full,full,full
req_003505,benign,5.3167343e-05,0.9378953943416781,full,full,full
req_003506,benign,5.8054924e-05,0.7796266401795298,full,full,full
req_003507,benign,6.878376e-05,0.020763620372730156,full,full,full
req_003508,benign,0.00015795231,0.8508634043813368,full,full,full
req_003509,benign,9.8109245e-05,0.7490339667830934,full,full,full
req_003510,benign,4.9829483e-05,0.008905726537094105,full,full,full
req_003511,benign,0.000104665756,0.03748909628236749,full,full,full
req_003512,benign,4.9710274e-05,0.8358206453607212,full,full,full
req_003513,exhaustion,0.9993282,0.013625156552202096,full,full,quarantine
req_003514,benign,0.00035011768,0.029210276035274693,full,full,full
req_003515,benign,0.00010621548,0.8098938769506409,full,full,full
req_003516,benign,0.00010967255,0.8471215911809796,full,full,full
req_003517,benign,0.000119805336,0.8046205854022667,full,full,full
req_003518,benign,0.000230968,0.8539352326014861,full,full,full
req_003519,injection,0.99944466,0.04590516993165887,full,quarantine,quarantine
req_003520,benign,4.9829483e-05,0.7978093587335717,full,full,full
req_003521,benign,0.00019437075,0.7691002704086883,full,full,full
req_003522,benign,0.00017082691,0.8422836804802214,full,full,full
req_003523,benign,4.9471855e-05,0.04707913134958153,full,full,full
req_003524,benign,5.6624413e-05,0.03368211864241428,full,full,full
req_003525,benign,7.104874e-05,0.06860163748952583,full,full,full
req_003526,benign,0.00013744831,0.7301872156216549,full,full,full
req_003527,benign,5.9604645e-05,0.8932287800320032,full,full,full
req_003528,injection,0.9917938,0.01112553976188049,full,full,quarantine
req_003529,benign,7.557869e-05,0.034031211139551494,full,full,full
req_003530,benign,7.557869e-05,0.053819055541170745,full,full,full
req_003531,benign,6.246567e-05,0.8772837980207188,full,full,full
req_003532,benign,6.592274e-05,0.899656269214441,full,full,full
req_003533,benign,0.000108003616,0.011286371326895531,full,full,full
req_003534,benign,4.9471855e-05,0.9020872248244421,full,full,full
req_003535,benign,5.8293343e-05,0.9209138557211884,full,full,full
req_003536,exhaustion,0.9993083,0.02552337851152416,full,full,quarantine
req_003537,benign,5.018711e-05,0.8760382460269808,full,full,full
req_003538,exhaustion,0.9994203,0.05250043186781607,full,full,quarantine
req_003539,benign,0.00016307831,0.8357921854804938,full,full,full
req_003540,benign,0.0015873909,0.7765234454287294,full,full,full
req_003541,exhaustion,0.9993366,0.03520200899019696,full,full,quarantine
req_003542,benign,0.0001206398,0.031215223992118384,full,full,full
req_003543,benign,7.259846e-05,0.8061877052375085,full,full,full
req_003544,benign,0.000105023384,0.9004313108619746,full,full,full
req_003545,benign,7.8201294e-05,0.8283169578676447,full,full,full
req_003546,benign,8.404255e-05,0.01597238232394082,full,full,full
req_003547,benign,6.902218e-05,0.000626071783988217,full,full,full
req_003548,injection,0.9996679,0.0,full,quarantine,quarantine
req_003549,benign,0.000104665756,0.0388648079322053,full,full,full
req_003550,injection,0.9994741,0.09149154017237085,full,quarantine,quarantine
req_003551,benign,0.00029426813,0.7623069326000159,full,full,full
req_003552,benign,5.054474e-05,0.8651315099541361,full,full,full
req_003553,benign,4.9233437e-05,0.8284715492433499,full,full,full
req_003554,benign,5.8293343e-05,0.03864205438473091,full,full,full
req_003555,exhaustion,0.9993366,0.009745302719612145,full,full,quarantine
req_003556,benign,0.00020033121,0.032575292921619696,full,full,full
req_003557,benign,6.0796738e-05,0.8060883611296449,full,full,full
req_003558,benign,0.000104904175,0.9188698869814014,full,full,full
req_003559,injection,0.9997425,0.005724968103482747,full,quarantine,quarantine
req_003560,benign,0.00011575222,0.0509356544649238,full,full,full
req_003561,exhaustion,0.9993462,0.030600370815240363,full,full,quarantine
req_003562,benign,5.7935715e-05,0.04443085851728428,full,full,full
req_003563,benign,5.90086e-05,0.039118803392769706,full,full,full
req_003564,benign,0.00010108948,0.8323350013959042,full,full,full
req_003565,benign,4.9471855e-05,0.7690801645153118,full,full,full
req_003566,benign,4.9829483e-05,0.05209464590577671,full,full,full
req_003567,benign,4.9114227e-05,0.03932388654236288,full,full,full
req_003568,benign,0.00014293194,0.047532919080824035,full,full,full
req_003569,benign,5.0902367e-05,0.07280524205319387,full,full,full
req_003570,benign,6.7949295e-05,0.045240684578890744,full,full,full
req_003571,benign,4.9114227e-05,0.06371999531290123,full,full,full
req_003572,exhaustion,0.9993366,0.028116800513870485,full,full,quarantine
req_003573,benign,5.0663948e-05,0.8209841874715759,full,full,full
req_003574,benign,5.1617622e-05,0.035230217280887946,full,full,full
req_003575,benign,7.8082085e-05,0.8578192186904825,full,full,full
req_003576,benign,7.9751015e-05,0.03766897205692376,full,full,full
req_003577,benign,5.6624413e-05,0.04736077682910701,full,full,full
req_003578,benign,4.9114227e-05,0.8360904014287748,full,full,full
req_003579,benign,0.000104665756,0.8071923979893465,full,full,full
req_003580,benign,5.6147575e-05,0.8390376642939623,full,full,full
req_003581,benign,5.8293343e-05,0.018305731745695837,full,full,full
req_003582,benign,5.507469e-05,0.04070865087461397,full,full,full
req_003583,benign,4.9829483e-05,0.8314209629193843,full,full,full
req_003584,benign,7.426739e-05,0.037774133204029045,full,full,full
req_003585,benign,0.00018757582,0.037136545928562116,full,full,full
req_003586,benign,7.6532364e-05,0.06921687011382208,full,full,full
req_003587,benign,4.9471855e-05,0.04156108079013039,full,full,full
req_003588,benign,5.185604e-05,0.010576043445362913,full,full,full
req_003589,benign,7.164478e-05,0.8332868613875981,full,full,full
req_003590,benign,5.733967e-05,0.06451152586754919,full,full,full
req_003591,benign,9.250641e-05,0.04844692484538829,full,full,full
req_003592,benign,0.00014460087,0.0032368853348989438,full,full,full
req_003593,injection,0.99938947,0.013447830290645255,full,quarantine,quarantine
req_003594,benign,0.0019957423,0.8141624319468966,full,full,full
req_003595,benign,6.4492226e-05,0.8898494323363048,full,full,full
req_003596,benign,0.00023514032,0.04073760954346062,full,full,full
req_003597,benign,6.842613e-05,0.009520301523411927,full,full,full
req_003598,benign,6.580353e-05,0.79231582664256,full,full,full
req_003599,benign,0.00045591593,0.036987076009104086,full,full,full
req_003600,benign,0.00013768673,0.8150516528708548,full,full,full
req_003601,benign,9.393692e-05,0.033029889603482264,full,full,full
req_003602,benign,4.9233437e-05,0.9032839309470913,full,full,full
req_003603,benign,7.402897e-05,0.7729481864544498,full,full,full
req_003604,benign,5.877018e-05,0.04188979055922746,full,full,full
req_003605,benign,7.748604e-05,0.04464413490936986,full,full,full
req_003606,benign,7.081032e-05,0.017290732106959042,full,full,full
req_003607,benign,9.9658966e-05,0.8386496423862879,full,full,full
req_003608,benign,5.698204e-05,0.8217720646907277,full,full,full
req_003609,benign,7.343292e-05,0.009238651742598948,full,full,full
req_003610,benign,4.9829483e-05,0.7931127543142051,full,full,full
req_003611,benign,6.246567e-05,0.07821319237397056,full,full,full
req_003612,benign,6.1154366e-05,0.040698866796389996,full,full,full
req_003613,benign,5.8293343e-05,0.02135864077130791,full,full,full
req_003614,benign,6.92606e-05,0.020390669909615827,full,full,full
req_003615,benign,4.9471855e-05,0.017051586158774012,full,full,full
req_003616,benign,0.00017410517,0.7827979993267198,full,full,full
req_003617,benign,0.00011897087,0.8409646009503938,full,full,full
req_003618,injection,0.99864566,0.04514027379881932,full,quarantine,quarantine
req_003619,benign,6.318092e-05,0.8119908912927821,full,full,full
req_003620,benign,6.7949295e-05,0.9081709187409398,full,full,full
req_003621,benign,6.818771e-05,0.0,full,full,full
req_003622,exhaustion,0.9993083,0.035422792410637956,full,full,quarantine
req_003623,benign,6.4492226e-05,0.014981635169795003,full,full,full
req_003624,benign,4.9471855e-05,0.03317641209770533,full,full,full
req_003625,benign,0.00049209595,0.8295160084028441,full,full,full
req_003626,benign,0.00016200542,0.02320113781003381,full,full,full
req_003627,benign,4.9114227e-05,0.8633816042638776,full,full,full
req_003628,benign,9.191036e-05,0.02797843431248986,full,full,full
req_003629,benign,7.7843666e-05,0.7569693449744507,full,full,full
req_003630,benign,0.00015258789,0.9063114862348386,full,full,full
req_003631,benign,5.6624413e-05,0.030980001713129913,full,full,full
req_003632,benign,0.00012052059,0.8127354630572845,full,full,full
req_003633,benign,4.9233437e-05,0.8473598491816979,full,full,full
req_003634,benign,5.185604e-05,0.06255262995062383,full,full,full
req_003635,benign,0.00010383129,0.8105448168229785,full,full,full
req_003636,benign,4.9352646e-05,0.8583595212292314,full,full,full
req_003637,benign,5.543232e-05,0.07636069023229744,full,full,full
req_003638,exhaustion,0.9993282,0.06267910856787515,full,full,quarantine
req_003639,benign,0.00048685074,0.8688627758509517,full,full,full
req_003640,benign,0.00010454655,0.834369993949454,full,full,full
req_003641,benign,6.9499016e-05,0.06451712164497382,full,full,full
req_003642,benign,6.878376e-05,0.8291519888218144,full,full,full
req_003643,benign,8.022785e-05,0.8721862390242512,full,full,full
req_003644,benign,7.104874e-05,0.0,full,full,full
req_003645,benign,6.2942505e-05,0.8007761073665527,full,full,full
req_003646,benign,6.735325e-05,0.7995151621201085,full,full,full
req_003647,benign,4.9471855e-05,0.03304929679787906,full,full,full
req_003648,benign,4.9471855e-05,0.9072543306159325,full,full,full
req_003649,benign,0.000119805336,1.0,full,full,full
req_003650,benign,5.018711e-05,0.026208043913444317,full,full,full
req_003651,benign,4.9114227e-05,0.8124052128200406,full,full,full
req_003652,benign,0.00011909008,0.875957875074314,full,full,full
req_003653,benign,5.6147575e-05,0.0276415337565593,full,full,full
req_003654,benign,4.9829483e-05,0.8228754820495997,full,full,full
req_003655,benign,5.9247017e-05,0.02658923026821757,full,full,full
req_003656,benign,0.000111699104,0.026591452573112243,full,full,full
req_003657,exhaustion,0.9993366,0.027688241154723608,full,full,quarantine
req_003658,benign,4.9471855e-05,0.852868179564127,full,full,full
req_003659,benign,0.00013828278,0.017570061802908786,full,full,full
req_003660,benign,6.365776e-05,0.007982122536719365,full,full,full
req_003661,benign,5.6028366e-05,0.04426867172624763,full,full,full
req_003662,benign,8.559227e-05,0.0,full,full,full
req_003663,benign,7.1167946e-05,0.8542733992026421,full,full,full
req_003664,benign,0.00019150972,0.03347187375323191,full,full,full
req_003665,benign,6.341934e-05,0.9321353216062179,full,full,full
req_003666,benign,6.878376e-05,0.81874433277849,full,full,full
req_003667,benign,4.9471855e-05,0.8284575626146542,full,full,full
req_003668,benign,5.507469e-05,0.8661869602507402,full,full,full
req_003669,exhaustion,0.9993282,0.03124065963828049,full,full,quarantine
req_003670,benign,6.1273575e-05,0.8478412382542672,full,full,full
req_003671,exhaustion,0.9995872,0.047186404336022336,full,full,quarantine
req_003672,benign,4.9829483e-05,0.0630422738848436,full,full,full
req_003673,benign,0.00013935566,0.02058189489074112,full,full,full
req_003674,injection,0.9995927,0.028914898164643755,full,quarantine,quarantine
req_003675,benign,0.00057709217,0.0610161530354682,full,full,full
req_003676,benign,4.9471855e-05,0.0,full,full,full
req_003677,benign,0.0030121207,0.0546812370610309,full,full,full
req_003678,benign,4.9471855e-05,0.016836134767892336,full,full,full
req_003679,benign,0.00010728836,0.8676622879769774,full,full,full
req_003680,benign,0.000104665756,0.054879898267306486,full,full,full
req_003681,benign,7.4744225e-05,0.046609461283558695,full,full,full
req_003682,benign,8.523464e-05,0.040924249536143174,full,full,full
req_003683,benign,4.9471855e-05,0.9102590507024364,full,full,full
req_003684,benign,5.4717064e-05,0.01711954971541463,full,full,full
req_003685,injection,0.99955255,0.03399351148689267,full,quarantine,quarantine
req_003686,benign,0.00012040138,0.015142949846902544,full,full,full
req_003687,benign,5.6624413e-05,0.883577982819076,full,full,full
req_003688,benign,0.00022703409,0.7950388182127712,full,full,full
req_003689,benign,0.00010085106,0.8511487711929419,full,full,full
req_003690,benign,8.85725e-05,0.7772437538074494,full,full,full
req_003691,benign,5.185604e-05,0.8988549544933521,full,full,full
req_003692,injection,0.9993538,0.0,full,quarantine,quarantine
req_003693,benign,5.6624413e-05,0.8481785303571757,full,full,full
req_003694,benign,9.75132e-05,0.0,full,full,full
req_003695,benign,0.00014996529,0.8513686327942295,full,full,full
req_003696,injection,0.9991644,0.8315332338620076,full,quarantine,quarantine
req_003697,benign,0.0005553365,0.002211516915226211,full,full,full
req_003698,benign,0.00010418892,0.8683436222402725,full,full,full
req_003699,benign,0.00012469292,0.8465599073403277,full,full,full
req_003700,benign,9.191036e-05,0.029843086374256124,full,full,full
req_003701,exhaustion,0.9993366,0.01200145318897635,full,full,quarantine
req_003702,benign,0.00016129017,0.0,full,full,full
req_003703,benign,7.4505806e-05,0.8727086490421548,full,full,full
req_003704,benign,6.830692e-05,0.055561156422644045,full,full,full
req_003705,benign,0.0003977418,0.9486491164288087,full,full,full
req_003706,benign,5.6624413e-05,0.841338113905263,full,full,full
req_003707,benign,6.604195e-05,0.03473184177095031,full,full,full
req_003708,benign,6.92606e-05,0.8185383267107462,full,full,full
req_003709,benign,5.6147575e-05,0.02245599658381606,full,full,full
req_003710,benign,0.000104784966,0.024822120965345473,full,full,full
req_003711,benign,4.9829483e-05,0.8070427895224879,full,full,full
req_003712,benign,5.6624413e-05,0.8580778307979193,full,full,full
req_003713,benign,4.9471855e-05,0.02877134971227235,full,full,full
req_003714,benign,4.9471855e-05,0.048421511953831105,full,full,full
req_003715,benign,6.067753e-05,0.039145953396495355,full,full,full
req_003716,benign,0.00017875433,0.0,full,full,full
req_003717,benign,0.00011014938,0.8626688326470721,full,full,full
req_003718,benign,4.9948692e-05,0.9150012285235086,full,full,full
req_003719,benign,5.018711e-05,0.8175767863527569,full,full,full
req_003720,benign,4.9471855e-05,0.8429598789921011,full,full,full
req_003721,benign,4.9471855e-05,0.8100742151588655,full,full,full
req_003722,benign,0.000739038,0.06570580341579416,full,full,full
req_003723,benign,0.003352344,0.8260251679568889,full,full,full
req_003724,benign,0.00025445223,0.7938029369222706,full,full,full
req_003725,benign,6.842613e-05,0.8718382645824886,full,full,full
req_003726,exhaustion,0.9993282,0.03104181039424521,full,full,quarantine
req_003727,benign,7.367134e-05,0.8234819263494845,full,full,full
req_003728,benign,5.733967e-05,0.8140820928584379,full,full,full
req_003729,benign,4.9471855e-05,0.9153002851245515,full,full,full
req_003730,benign,5.2332878e-05,0.8383206589019332,full,full,full
req_003731,benign,5.6147575e-05,0.04470867844587871,full,full,full
req_003732,benign,5.6147575e-05,0.03878657721738181,full,full,full
req_003733,benign,0.000104665756,0.8406072893353749,full,full,full
req_003734,benign,5.6147575e-05,0.7979600861849147,full,full,full
req_003735,exhaustion,0.9993282,0.02962297596021157,full,full,quarantine
req_003736,benign,5.054474e-05,0.0,full,full,full
req_003737,benign,4.9829483e-05,0.03378772509323683,full,full,full
req_003738,benign,4.9352646e-05,0.8400550585753325,full,full,full
req_003739,benign,4.9471855e-05,0.011797483429367248,full,full,full
req_003740,injection,0.99944466,0.7926933708309971,full,quarantine,quarantine
req_003741,benign,5.9604645e-05,0.8622609155673119,full,full,full
req_003742,exhaustion,0.9993366,0.05007875234475183,full,full,quarantine
req_003743,benign,7.557869e-05,0.7636339631308484,full,full,full
req_003744,benign,7.593632e-05,0.030835054074087383,full,full,full
req_003745,benign,5.1498413e-05,0.8150706381907542,full,full,full
req_003746,benign,0.000108003616,0.013375984705760912,full,full,full
req_003747,benign,7.83205e-05,0.8104328188854891,full,full,full
req_003748,benign,5.38826e-05,0.8574802953199891,full,full,full
req_003749,benign,6.1154366e-05,0.8794114582666808,full,full,full
req_003750,benign,5.7816505e-05,0.848621524192984,full,full,full
req_003751,benign,6.0796738e-05,0.8249158177190599,full,full,full
req_003752,benign,7.331371e-05,0.8790666458673512,full,full,full
req_003753,benign,4.9471855e-05,0.8594214651013247,full,full,full
req_003754,benign,0.00014293194,0.8278633201622342,full,full,full
req_003755,injection,0.9994338,0.007873348217176081,full,quarantine,quarantine
req_003756,benign,0.00032174587,0.005350593990561897,full,full,full
req_003757,benign,5.698204e-05,0.8319414403395481,full,full,full
req_003758,benign,4.9114227e-05,0.894084288668887,full,full,full
req_003759,benign,8.2969666e-05,0.012964746828598418,full,full,full
req_003760,benign,5.6624413e-05,0.8235226849178523,full,full,full
req_003761,benign,5.1498413e-05,0.8431784447779528,full,full,full
req_003762,benign,4.9114227e-05,0.8021307873025182,full,full,full
req_003763,benign,0.00012660027,0.7825913925993809,full,full,full
req_003764,benign,4.9233437e-05,0.9058553564475705,full,full,full
req_003765,benign,5.888939e-05,0.8156268661812036,full,full,full
req_003766,benign,0.0006210804,0.8661609473522451,full,full,full
req_003767,benign,5.6624413e-05,0.07721998982905393,full,full,full
req_003768,benign,7.164478e-05,0.817268105411711,full,full,full
req_003769,benign,7.867813e-05,0.009994973328811992,full,full,full
req_003770,benign,4.9114227e-05,0.8729265765332084,full,full,full
req_003771,benign,5.7458878e-05,0.09700841242811334,full,full,full
req_003772,benign,4.9114227e-05,0.010641140887243467,full,full,full
req_003773,benign,5.6624413e-05,0.8600541740603702,full,full,full
req_003774,benign,0.000116586685,0.8993297140750582,full,full,full
req_003775,benign,5.51939e-05,0.018253698542160315,full,full,full
req_003776,benign,5.209446e-05,0.8773736599545314,full,full,full
req_003777,benign,5.9604645e-05,0.8436067784682546,full,full,full
req_003778,benign,6.0796738e-05,0.7978203973814274,full,full,full
req_003779,benign,5.6028366e-05,0.8248800495195378,full,full,full
req_003780,benign,5.7935715e-05,0.832989344917465,full,full,full
req_003781,benign,5.7578087e-05,0.9211502925524002,full,full,full
req_003782,benign,5.030632e-05,0.7717982656978765,full,full,full
req_003783,benign,4.9471855e-05,0.8093344783915921,full,full,full
req_003784,benign,0.00022345781,0.0,full,full,full
req_003785,benign,0.00021880865,0.892401786461876,full,full,full
req_003786,benign,7.83205e-05,0.033657934917748385,full,full,full
req_003787,injection,0.9991654,0.02633839578662734,full,quarantine,quarantine
req_003788,benign,0.00016272068,0.04764760320740956,full,full,full
req_003789,benign,0.0002694726,0.8642928003599357,full,full,full
req_003790,benign,5.722046e-05,0.7671848371480412,full,full,full
req_003791,benign,7.557869e-05,0.017674668132272305,full,full,full
req_003792,benign,7.83205e-05,0.9017932985788979,full,full,full
req_003793,benign,7.927418e-05,0.008660605502208908,full,full,full
req_003794,benign,4.9471855e-05,0.036958001384284636,full,full,full
req_003795,benign,0.00013935566,0.8494846499006599,full,full,full
req_003796,benign,5.9604645e-05,0.04413149703677645,full,full,full
req_003797,benign,5.865097e-05,0.0008548714506209608,full,full,full
req_003798,exhaustion,0.9993366,0.053724936892810896,full,full,quarantine
req_003799,benign,7.545948e-05,0.8462123984472238,full,full,full
req_003800,benign,0.0004965067,0.8617029160068621,full,full,full
req_003801,benign,0.000111460686,0.037861065131326546,full,full,full
req_003802,exhaustion,0.9994431,0.020940080314828927,full,full,quarantine
req_003803,benign,7.6174736e-05,0.8420768289973061,full,full,full
req_003804,benign,8.940697e-05,0.0,full,full,full
req_003805,exhaustion,0.9993366,0.02451234943011445,full,full,quarantine
req_003806,benign,5.352497e-05,0.8991212609581721,full,full,full
req_003807,benign,5.6028366e-05,0.016067238820269406,full,full,full
req_003808,benign,6.246567e-05,0.8248194537009457,full,full,full
req_003809,benign,0.00019842386,0.008069340843810741,full,full,full
req_003810,benign,0.00012469292,0.7683066137794443,full,full,full
req_003811,exhaustion,0.9993282,0.04013422998181137,full,full,quarantine
req_003812,benign,5.018711e-05,0.02344966154966353,full,full,full
req_003813,injection,0.9994644,0.027208478756122857,full,quarantine,quarantine
req_003814,benign,5.6624413e-05,0.8655508136595534,full,full,full
req_003815,benign,0.00016283989,0.8422956623242308,full,full,full
req_003816,benign,5.7578087e-05,0.0408442814627669,full,full,full
req_003817,benign,0.000323534,0.050489385654090446,full,full,full
req_003818,benign,0.00015294552,0.8863929278999282,full,full,full
req_003819,benign,0.00024956465,0.02620501878007989,full,full,full
req_003820,benign,7.83205e-05,0.83764799358351,full,full,full
req_003821,benign,6.9499016e-05,0.051701944701491254,full,full,full
req_003822,exhaustion,0.9993366,0.023594273381822822,full,full,quarantine
req_003823,injection,0.99958664,0.013707846454429542,full,quarantine,quarantine
req_003824,benign,6.67572e-05,0.03126340203593393,full,full,full
req_003825,benign,7.605553e-05,0.9270364982511555,full,full,full
req_003826,benign,0.00013029575,0.867074827022157,full,full,full
req_003827,benign,5.9127808e-05,0.9058199021190648,full,full,full
req_003828,benign,7.6532364e-05,0.04932981730803859,full,full,full
req_003829,benign,6.1154366e-05,0.03363239619096986,full,full,full
req_003830,benign,4.9471855e-05,0.837295019475802,full,full,full
req_003831,benign,7.927418e-05,0.836945196036327,full,full,full
req_003832,benign,5.5789948e-05,0.0010215234657403663,full,full,full
req_003833,benign,4.9471855e-05,0.028989949877707796,full,full,full
req_003834,benign,4.9352646e-05,0.8279676464559045,full,full,full
req_003835,benign,4.9471855e-05,0.8511331038162592,full,full,full
req_003836,benign,0.00015902519,0.9185503208718538,full,full,full
req_003837,injection,0.99939257,0.0,full,quarantine,quarantine
req_003838,benign,7.605553e-05,0.8251052354604964,full,full,full
req_003839,benign,4.9591064e-05,0.9371203800390296,full,full,full
req_003840,benign,4.9114227e-05,0.873973833690796,full,full,full
req_003841,benign,0.0001039505,0.9223136272010658,full,full,full
req_003842,benign,6.365776e-05,0.8802606564609247,full,full,full
req_003843,benign,0.00010216236,0.0054426293782208895,full,full,full
req_003844,exhaustion,0.9994247,0.06060492086362076,full,full,quarantine
req_003845,benign,7.879734e-05,0.9209134088545172,full,full,full
req_003846,benign,5.2928925e-05,0.814951569584182,full,full,full
req_003847,benign,4.9114227e-05,0.047046166735912026,full,full,full
req_003848,exhaustion,0.9993083,0.027263932143571073,full,full,quarantine
req_003849,benign,4.9352646e-05,0.04435533938865293,full,full,full
req_003850,benign,5.6624413e-05,0.8559699226820914,full,full,full
req_003851,benign,4.9233437e-05,0.0013866769220375122,full,full,full
req_003852,benign,6.330013e-05,0.03380221520127248,full,full,full
req_003853,benign,0.00014472008,0.015920103179476765,full,full,full
req_003854,benign,9.191036e-05,0.7750944515241945,full,full,full
req_003855,benign,4.9352646e-05,0.0299346664070109,full,full,full
req_003856,benign,6.1154366e-05,0.953272577576978,full,full,full
req_003857,benign,4.9114227e-05,0.7523164003539722,full,full,full
req_003858,benign,0.00014424324,0.0689976661203577,full,full,full
req_003859,exhaustion,0.9993366,0.059235521179477044,full,full,quarantine
req_003860,benign,6.878376e-05,0.04965568394316953,full,full,full
req_003861,benign,0.00012075901,0.8069113527618855,full,full,full
req_003862,benign,8.928776e-05,0.8098220595492683,full,full,full
req_003863,benign,5.6028366e-05,0.9283643951740402,full,full,full
req_003864,benign,6.854534e-05,0.022186171947252593,full,full,full
req_003865,benign,0.00016272068,0.8816027209802199,full,full,full
req_003866,benign,0.00026887655,0.8185063438885419,full,full,full
req_003867,benign,6.258488e-05,0.8505225657235,full,full,full
req_003868,benign,4.9471855e-05,0.7933554354970487,full,full,full
req_003869,benign,6.878376e-05,0.7764396531536996,full,full,full
req_003870,benign,0.0027905107,0.826576617440174,full,full,full
req_003871,benign,6.878376e-05,0.7811912061620252,full,full,full
req_003872,benign,5.7816505e-05,0.8411775967244177,full,full,full
req_003873,benign,5.507469e-05,0.8559138760042058,full,full,full
req_003874,benign,5.7935715e-05,0.031001004654456057,full,full,full
req_003875,exhaustion,0.99843645,0.03267000774387054,full,full,quarantine
req_003876,benign,0.00015366077,0.9209153022124941,full,full,full
req_003877,benign,0.0017446876,0.7947907825519481,full,full,full
req_003878,benign,4.9471855e-05,0.8125016591167841,full,full,full
req_003879,benign,8.511543e-05,0.05029251139849049,full,full,full
req_003880,benign,5.7935715e-05,0.06483027549528043,full,full,full
req_003881,benign,5.6028366e-05,0.048264888302371994,full,full,full
req_003882,benign,0.0006133318,0.9035119162414964,full,full,full
req_003883,benign,0.0001386404,0.02617469721747978,full,full,full
req_003884,benign,4.9114227e-05,0.002946803875818204,full,full,full
req_003885,exhaustion,0.9993282,0.08048399306843043,full,full,quarantine
req_003886,benign,5.5789948e-05,0.9146910482825226,full,full,full
req_003887,benign,8.249283e-05,0.8426851178627012,full,full,full
req_003888,injection,0.99944323,0.014255733916596434,full,quarantine,quarantine
req_003889,exhaustion,0.9993366,0.03794273151946616,full,full,quarantine
req_003890,benign,6.711483e-05,0.9307448998611781,full,full,full
req_003891,benign,4.9829483e-05,0.012544562767854563,full,full,full
req_003892,benign,0.0001232624,0.05144912084813612,full,full,full
req_003893,benign,0.00845319,0.047826402043226635,full,quarantine,full
req_003894,benign,0.00014591217,0.7638095866511179,full,full,full
req_003895,exhaustion,0.9993083,0.05052776158061962,full,full,quarantine
req_003896,benign,5.6147575e-05,0.0686655428820768,full,full,full
req_003897,exhaustion,0.9993366,0.009455957817731096,full,full,quarantine
req_003898,benign,6.6399574e-05,0.022471769244171082,full,full,full
req_003899,benign,0.00017178059,0.0049137215709407905,full,full,full
req_003900,benign,5.6624413e-05,0.8590546211184389,full,full,full
req_003901,benign,0.00016486645,0.026359933834069683,full,full,full
req_003902,injection,0.99931425,0.02666076114029332,full,quarantine,quarantine
req_003903,benign,7.367134e-05,0.787036960396109,full,full,full
req_003904,benign,6.365776e-05,0.9291134616037333,full,full,full
req_003905,benign,0.18138081,0.0501648405378905,full,full,full
req_003906,benign,5.6624413e-05,0.9054960421414384,full,full,full
req_003907,benign,5.7458878e-05,0.04335398948502804,full,full,full
req_003908,benign,5.6624413e-05,0.8792020398273273,full,full,full
req_003909,benign,6.0796738e-05,0.8418767893246856,full,full,full
req_003910,benign,6.92606e-05,0.023234436034712338,full,full,full
req_003911,injection,0.9993822,0.029046173402226393,full,quarantine,quarantine
req_003912,injection,0.99925166,0.003297389511299955,full,quarantine,quarantine
req_003913,benign,4.9114227e-05,0.02125887185707214,full,full,full
req_003914,benign,5.6624413e-05,0.07217196268089321,full,full,full
req_003915,benign,6.663799e-05,0.8989111671461437,full,full,full
req_003916,benign,9.6559525e-05,0.02913655809227458,full,full,full
req_003917,injection,0.9994585,0.0178989360989575,full,quarantine,quarantine
req_003918,benign,5.185604e-05,0.7822050471095443,full,full,full
req_003919,exhaustion,0.9993366,0.0564065339765927,full,full,quarantine
req_003920,benign,6.41346e-05,0.01496994523281011,full,full,full
req_003921,benign,6.41346e-05,0.8537523169851624,full,full,full
req_003922,exhaustion,0.99941564,0.8599229175180658,full,full,quarantine
req_003923,benign,0.0003540516,0.027386191671867195,full,full,full
req_003924,benign,0.0003272295,0.04327063228666526,full,full,full
req_003925,benign,5.8174133e-05,0.7602468423109523,full,full,full
req_003926,benign,0.00011968613,0.7675836250374404,full,full,full
req_003927,benign,0.0005392432,0.8697612906369069,full,full,full
req_003928,benign,4.9471855e-05,0.016596980923865856,full,full,full
req_003929,benign,6.16312e-05,0.914529331793989,full,full,full
req_003930,benign,7.176399e-05,0.035598732511074406,full,full,full
req_003931,benign,5.6624413e-05,0.04086345837684691,full,full,full
req_003932,benign,0.0001925826,0.7398837829808155,full,full,full
req_003933,injection,0.99718255,0.04036298061076036,full,quarantine,quarantine
req_003934,benign,5.6624413e-05,0.01843671956478787,full,full,full
req_003935,benign,0.0005174875,0.015437668251316145,full,full,full
req_003936,benign,4.9471855e-05,0.054354140290615055,full,full,full
req_003937,injection,0.99945664,0.047726958539527804,full,quarantine,quarantine
req_003938,benign,6.818771e-05,0.9268457328925888,full,full,full
req_003939,benign,7.8201294e-05,0.8927119785433082,full,full,full
req_003940,benign,0.00015282631,0.8015393866142542,full,full,full
req_003941,benign,7.927418e-05,0.8395540745926424,full,full,full
req_003942,benign,5.686283e-05,0.8065243203718678,full,full,full
req_003943,benign,4.9114227e-05,0.04697118407125843,full,full,full
req_003944,exhaustion,0.9993366,0.03877700615220796,full,full,quarantine
req_003945,benign,7.081032e-05,0.8370504253396266,full,full,full
req_003946,injection,0.9991878,0.02842216281429281,full,quarantine,quarantine
req_003947,benign,6.92606e-05,0.054128558447107344,full,full,full
req_003948,benign,0.009771347,0.7888197163718811,full,full,full
req_003949,benign,0.00012493134,0.8169821257164647,full,full,full
req_003950,benign,6.9856644e-05,0.8246955711080486,full,full,full
req_003951,benign,4.9829483e-05,0.05643725026992267,full,full,full
req_003952,benign,0.0001039505,0.8401511902554039,full,full,full
req_003953,benign,0.00011897087,0.8271135594357604,full,full,full
req_003954,benign,0.00030946732,0.023428398241527246,full,full,full
req_003955,benign,0.00057685375,0.8943964649291671,full,full,full
req_003956,benign,0.00011134148,0.0034358739128387793,full,full,full
req_003957,benign,5.6505203e-05,0.05269144645833562,full,full,full
req_003958,benign,0.00015437603,0.04386072007935206,full,full,full
req_003959,benign,7.83205e-05,0.0,full,full,full
req_003960,benign,7.736683e-05,0.035634383132548866,full,full,full
req_003961,benign,4.9471855e-05,0.8709106965066663,full,full,full
req_003962,benign,5.7935715e-05,0.8451863137265965,full,full,full
req_003963,injection,0.9991625,0.0,full,quarantine,quarantine
req_003964,benign,6.7949295e-05,0.04647831300029728,full,full,full
req_003965,benign,6.0796738e-05,0.9541842854710215,full,full,full
req_003966,benign,6.9499016e-05,0.06114772187180498,full,full,full
req_003967,benign,4.9471855e-05,0.8759371975944592,full,full,full
req_003968,benign,6.496906e-05,0.8197047572934605,full,full,full
req_003969,benign,5.1140785e-05,0.01794650975446002,full,full,full
req_003970,benign,0.00010728836,0.0556303362932906,full,full,full
req_003971,benign,6.699562e-05,0.009824977186305896,full,full,full
req_003972,benign,4.9471855e-05,0.03095118163569045,full,full,full
req_003973,benign,8.21352e-05,0.8992593085212703,full,full,full
req_003974,benign,5.9485435e-05,0.06006283381208325,full,full,full
req_003975,benign,0.0001039505,0.7720276216415052,full,full,full
req_003976,benign,4.9114227e-05,0.9064553038673576,full,full,full
req_003977,benign,5.352497e-05,0.09959537682124305,full,full,full
req_003978,benign,6.8068504e-05,0.05109810726992294,full,full,full
req_003979,exhaustion,0.9993282,0.041735999144668245,full,full,quarantine
req_003980,benign,6.341934e-05,0.030013483801527883,full,full,full
req_003981,benign,6.151199e-05,0.025904256954791427,full,full,full
req_003982,exhaustion,0.9993366,0.0,full,full,quarantine
req_003983,injection,0.99881274,0.04820620563476835,full,quarantine,quarantine
req_003984,benign,0.00010216236,0.9152815210226873,full,full,full
req_003985,benign,7.9751015e-05,0.025787873056991976,full,full,full
req_003986,exhaustion,0.9993366,0.0,full,full,quarantine
req_003987,benign,5.6147575e-05,0.05579834013140014,full,full,full
req_003988,benign,7.6174736e-05,0.808245134203655,full,full,full
req_003989,benign,5.6266785e-05,0.033613056931419145,full,full,full
req_003990,benign,0.00019699335,0.9362228031655857,full,full,full
req_003991,benign,7.605553e-05,0.04172037405016135,full,full,full
req_003992,benign,0.0006045103,0.04847001375207202,full,full,full
req_003993,benign,6.568432e-05,0.8736521087066333,full,full,full
req_003994,benign,0.000104784966,0.8190479832932525,full,full,full
req_003995,benign,5.1021576e-05,0.7861644602251365,full,full,full
req_003996,benign,5.6028366e-05,0.02755152688199909,full,full,full
req_003997,benign,0.00020700693,0.04015858830364814,full,full,full
req_003998,exhaustion,0.9993282,0.0,full,full,quarantine
req_003999,benign,4.9829483e-05,0.010527682281824845,full,full,full
req_004000,benign,0.00010573864,0.8653509339980713,full,full,full
req_004001,benign,9.75132e-05,0.9199096690581152,full,full,full
req_004002,benign,5.6624413e-05,0.05279443497272186,full,full,full
req_004003,benign,6.389618e-05,0.9139095431940106,full,full,full
req_004004,benign,7.498264e-05,0.8998720589924246,full,full,full
req_004005,benign,4.9471855e-05,0.7619574687595734,full,full,full
req_004006,benign,5.6028366e-05,0.8324465942751301,full,full,full
req_004007,benign,0.00026267767,0.8324102622297891,full,full,full
req_004008,benign,0.0004364848,0.029423083753427157,full,full,full
req_004009,benign,7.760525e-05,0.04783350570155589,full,full,full
req_004010,benign,7.939339e-05,0.02945398342731989,full,full,full
req_004011,benign,5.8293343e-05,0.9139597480362781,full,full,full
req_004012,benign,7.426739e-05,0.8566849782671234,full,full,full
req_004013,benign,0.0023912191,0.8366032364758131,full,full,full
req_004014,benign,0.00029426813,0.03007647939689822,full,full,full
req_004015,benign,4.9471855e-05,0.8701117665587061,full,full,full
req_004016,benign,6.8068504e-05,0.018525576302571067,full,full,full
req_004017,benign,4.9471855e-05,0.8078894119394634,full,full,full
req_004018,benign,5.1498413e-05,0.923387206730078,full,full,full
req_004019,benign,5.6266785e-05,0.038954228071172076,full,full,full
req_004020,benign,6.592274e-05,0.8421750340054892,full,full,full
req_004021,benign,6.365776e-05,0.8854648562515269,full,full,full
req_004022,benign,6.9499016e-05,0.8158117076993965,full,full,full
req_004023,benign,9.584427e-05,0.8947054877738273,full,full,full
req_004024,benign,5.1617622e-05,0.05388742578727433,full,full,full
req_004025,benign,4.9352646e-05,0.872578727976551,full,full,full
req_004026,benign,9.548664e-05,0.04117245912325155,full,full,full
req_004027,benign,6.2942505e-05,0.8267641119183438,full,full,full
req_004028,injection,0.99932915,0.9254760948594224,full,quarantine,quarantine
req_004029,benign,0.00011897087,0.04267146185120908,full,full,full
req_004030,benign,9.9658966e-05,0.00975624380415566,full,full,full
req_004031,injection,0.99953645,0.02186923433055317,full,quarantine,quarantine
req_004032,benign,0.00010287762,0.816895534463064,full,full,full
req_004033,benign,0.000364542,0.791306357542368,full,full,full
req_004034,exhaustion,0.999418,0.057206176064549974,full,full,quarantine
req_004035,benign,4.9471855e-05,0.025640262520379303,full,full,full
req_004036,benign,7.164478e-05,0.9082282096036399,full,full,full
req_004037,benign,5.6624413e-05,0.78680429844629,full,full,full
req_004038,benign,0.000119805336,0.7853720000797584,full,full,full
req_004039,benign,5.865097e-05,0.0,full,full,full
req_004040,benign,6.997585e-05,0.0067223560517950635,full,full,full
req_004041,benign,4.9114227e-05,0.8794407009639469,full,full,full
req_004042,benign,6.7830086e-05,0.795293202446017,full,full,full
req_004043,benign,4.9471855e-05,0.8135287603873932,full,full,full
req_004044,benign,6.67572e-05,0.7711969348528391,full,full,full
req_004045,benign,8.034706e-05,0.017592028685347344,full,full,full
req_004046,benign,5.7816505e-05,0.04036878226347195,full,full,full
req_004047,benign,8.058548e-05,0.9583448713678,full,full,full
req_004048,benign,0.00016462803,0.059318466666872176,full,full,full
req_004049,benign,0.00016379356,0.802981893271888,full,full,full
req_004050,benign,6.1154366e-05,0.8564961738069634,full,full,full
req_004051,benign,7.081032e-05,0.8706034840702812,full,full,full
req_004052,benign,5.352497e-05,0.030518440059817683,full,full,full
req_004053,injection,0.9995047,0.049683825312410876,full,quarantine,quarantine
req_004054,benign,5.352497e-05,0.03088509370139688,full,full,full
req_004055,benign,0.0001026392,0.8359278785246104,full,full,full
req_004056,benign,0.00012278557,0.0,full,full,full
req_004057,benign,0.00011897087,0.8479539294295965,full,full,full
req_004058,benign,6.771088e-05,0.9112738645288555,full,full,full
req_004059,benign,5.9247017e-05,0.8364105556774917,full,full,full
req_004060,benign,6.604195e-05,0.8688544209363893,full,full,full
req_004061,benign,5.1617622e-05,0.8614128710116079,full,full,full
req_004062,benign,7.748604e-05,0.042279105056368144,full,full,full
req_004063,benign,7.402897e-05,0.0,full,full,full
req_004064,benign,0.00010728836,0.8248744077555352,full,full,full
req_004065,benign,9.250641e-05,0.8150605680389684,full,full,full
req_004066,benign,6.663799e-05,0.057750125621640946,full,full,full
req_004067,benign,4.9114227e-05,0.0257090792151784,full,full,full
req_004068,benign,0.00013649464,0.03898673344448818,full,full,full
req_004069,benign,6.771088e-05,0.0,full,full,full
req_004070,benign,4.9114227e-05,0.9678116643236536,full,full,full
req_004071,benign,9.3221664e-05,0.024380385988239772,full,full,full
req_004072,benign,6.842613e-05,0.7577665562410029,full,full,full
req_004073,benign,4.9471855e-05,0.026843337522452375,full,full,full
req_004074,benign,4.9471855e-05,0.023941119303668237,full,full,full
req_004075,injection,0.9992572,0.02607765127474386,full,quarantine,quarantine
req_004076,benign,7.915497e-05,0.916783176737479,full,full,full
req_004077,benign,9.560585e-05,0.8456154285105885,full,full,full
req_004078,benign,5.6624413e-05,0.9004548933241664,full,full,full
req_004079,benign,5.6266785e-05,0.051794858524660786,full,full,full
req_004080,benign,4.9471855e-05,0.008536384002370778,full,full,full
req_004081,benign,4.9471855e-05,0.8354919768239619,full,full,full
req_004082,benign,6.747246e-05,0.006613999806952625,full,full,full
req_004083,benign,0.00033390522,0.007079593407104453,full,full,full
req_004084,benign,5.555153e-05,0.04001588151280889,full,full,full
req_004085,injection,0.9992355,0.02645881945151937,full,quarantine,quarantine
req_004086,benign,6.6280365e-05,0.02321467278514976,full,full,full
req_004087,benign,5.1617622e-05,0.8466075523581941,full,full,full
req_004088,benign,0.00034034252,0.7605095085322131,full,full,full
req_004089,injection,0.9997066,0.04766305621877515,full,quarantine,quarantine
req_004090,benign,9.346008e-05,0.8335783936703588,full,full,full
req_004091,benign,0.00013256073,0.909351205018526,full,full,full
req_004092,injection,0.99939674,0.0,full,quarantine,quarantine
req_004093,benign,5.6505203e-05,0.8986919675787198,full,full,full
req_004094,benign,4.9114227e-05,0.8563930628961549,full,full,full
req_004095,benign,0.000121474266,0.04030624937139418,full,full,full
req_004096,benign,9.191036e-05,0.0555869228659008,full,full,full
req_004097,benign,5.6028366e-05,0.8973450961293388,full,full,full
req_004098,benign,5.1498413e-05,0.8228055912097499,full,full,full
req_004099,benign,4.9114227e-05,0.01520317856942452,full,full,full
req_004100,benign,6.9856644e-05,0.015420906952270552,full,full,full
req_004101,benign,4.9829483e-05,0.8797043979989698,full,full,full
req_004102,benign,4.9114227e-05,0.9019765063279228,full,full,full
req_004103,benign,4.9114227e-05,0.7690724318685161,full,full,full
req_004104,benign,5.6028366e-05,0.7896254059948379,full,full,full
req_004105,benign,0.00016856194,0.879015855633599,full,full,full
req_004106,benign,4.9114227e-05,0.8072357051208356,full,full,full
req_004107,benign,5.7816505e-05,0.9156545940730882,full,full,full
req_004108,benign,5.567074e-05,0.024940171975183494,full,full,full
req_004109,benign,0.00021404028,0.8433635076913474,full,full,full
req_004110,benign,0.00014293194,0.8514747440324913,full,full,full
req_004111,benign,4.9471855e-05,0.8512735765353041,full,full,full
req_004112,injection,0.9994585,0.03553207927986579,full,quarantine,quarantine
req_004113,benign,0.000116467476,0.8481074884576498,full,full,full
req_004114,benign,6.496906e-05,0.04964174182286352,full,full,full
req_004115,benign,6.9737434e-05,0.8714003250925049,full,full,full
req_004116,benign,6.4492226e-05,0.009273419628293193,full,full,full
req_004117,benign,8.1181526e-05,0.8239374799842124,full,full,full
req_004118,benign,0.0005672574,0.8349978494178049,full,full,full
req_004119,benign,6.151199e-05,0.06286990156000524,full,full,full
req_004120,benign,0.00040501356,0.8459690854693023,full,full,full
req_004121,injection,0.99946314,0.8769606716830476,full,quarantine,quarantine
req_004122,benign,0.0001039505,0.03320184828051065,full,full,full
req_004123,benign,5.8293343e-05,0.7685626258397015,full,full,full
req_004124,benign,5.6624413e-05,0.035979550791229956,full,full,full
req_004125,benign,0.00010728836,0.8465806497470532,full,full,full
req_004126,benign,5.865097e-05,0.851578595367158,full,full,full
req_004127,benign,5.8293343e-05,0.8477549896083738,full,full,full
req_004128,benign,5.9247017e-05,0.03350843528061186,full,full,full
req_004129,benign,4.9829483e-05,0.7587123424848703,full,full,full
req_004130,injection,0.9992572,0.029555839844585492,full,quarantine,quarantine
req_004131,exhaustion,0.9993282,0.051139173994227745,full,full,quarantine
req_004132,benign,5.6147575e-05,0.03292840908137742,full,full,full
req_004133,benign,4.9114227e-05,0.0,full,full,full
req_004134,benign,0.00019437075,0.04018476205059702,full,full,full
req_004135,benign,6.41346e-05,0.006670707495586611,full,full,full
req_004136,benign,0.00014567375,0.8076959342690382,full,full,full
req_004137,benign,0.00011384487,0.7975934066053899,full,full,full
req_004138,exhaustion,0.9993366,0.06508429235251514,full,full,quarantine
req_004139,benign,4.9471855e-05,0.04753326370406563,full,full,full
req_004140,benign,0.000104665756,0.812898023192538,full,full,full
req_004141,benign,0.0001333952,0.8914237417655246,full,full,full
req_004142,benign,5.507469e-05,0.7719008849550847,full,full,full
req_004143,benign,0.00011897087,0.008336480689854202,full,full,full
req_004144,benign,4.9471855e-05,0.8920649247127358,full,full,full
req_004145,benign,0.00011372566,0.8374020030586055,full,full,full
req_004146,exhaustion,0.9993282,0.03140168240628427,full,full,quarantine
req_004147,benign,4.9471855e-05,0.03420042758726391,full,full,full
req_004148,benign,5.6624413e-05,0.010928959911245251,full,full,full
req_004149,injection,0.999567,0.04017541367737795,full,quarantine,quarantine
req_004150,benign,0.00049734116,0.9579446292224072,full,full,full
req_004151,benign,5.567074e-05,0.8358050131253411,full,full,full
req_004152,benign,0.0007176995,0.8350361948108784,full,full,full
req_004153,benign,7.6532364e-05,0.8701918925558422,full,full,full
req_004154,benign,0.000104665756,0.8235557973440167,full,full,full
req_004155,benign,9.8109245e-05,0.8401986253863541,full,full,full
req_004156,benign,5.6624413e-05,0.8669208873069839,full,full,full
req_004157,benign,5.6147575e-05,0.8937615288616698,full,full,full
req_004158,exhaustion,0.99943703,0.0,full,full,quarantine
req_004159,benign,0.0016206503,0.8530357739504381,full,full,full
req_004160,benign,5.018711e-05,0.03837465213172453,full,full,full
req_004161,benign,0.00014293194,0.8848842963342988,full,full,full
req_004162,benign,4.9471855e-05,0.8910742876105495,full,full,full
req_004163,benign,5.698204e-05,0.8701982625943712,full,full,full
req_004164,benign,5.4240227e-05,0.8633151382590017,full,full,full
req_004165,benign,7.903576e-05,0.9396066575213177,full,full,full
req_004166,benign,5.1259995e-05,0.8064100020127914,full,full,full
req_004167,benign,5.209446e-05,0.03098404292828336,full,full,full
req_004168,benign,0.00023776293,0.8769339449873509,full,full,full
req_004169,benign,7.414818e-05,0.7733737419106899,full,full,full
req_004170,benign,5.9366226e-05,0.85650548417293,full,full,full
req_004171,benign,8.2969666e-05,0.0525158078768457,full,full,full
req_004172,benign,7.605553e-05,0.03419181300464506,full,full,full
req_004173,benign,5.6385994e-05,0.7485864866662213,full,full,full
req_004174,benign,7.259846e-05,0.8865117489225616,full,full,full
req_004175,benign,4.9829483e-05,0.049592830957236385,full,full,full
req_004176,benign,0.000108003616,0.0,full,full,full
req_004177,benign,4.9471855e-05,0.032916478503386394,full,full,full
req_004178,benign,6.3061714e-05,0.023684786847768386,full,full,full
req_004179,benign,4.9114227e-05,0.7822086592994709,full,full,full
req_004180,benign,0.00022989511,0.04826405603489082,full,full,full
req_004181,exhaustion,0.9993282,0.024548945810687783,full,full,quarantine
req_004182,benign,0.00024813414,0.06137353138852066,full,full,full
req_004183,benign,5.6624413e-05,0.004781946748687836,full,full,full
req_004184,benign,0.0001270771,0.07397801910768362,full,full,full
req_004185,injection,0.9993139,0.0184892806934496,full,quarantine,quarantine
req_004186,benign,6.6280365e-05,0.833992927293123,full,full,full
req_004187,benign,0.0014733076,0.018951424771773074,full,full,full
req_004188,benign,0.00010025501,0.018460133519002695,full,full,full
req_004189,benign,0.000104665756,0.8078414240867562,full,full,full
req_004190,benign,5.6624413e-05,0.0455527885962968,full,full,full
req_004191,benign,5.352497e-05,0.019743347071422522,full,full,full
req_004192,benign,4.9114227e-05,0.8772038287521235,full,full,full
req_004193,benign,6.663799e-05,0.8385409013717682,full,full,full
req_004194,exhaustion,0.9995872,0.003162389372178328,full,full,quarantine
req_004195,benign,6.830692e-05,0.004047769405040102,full,full,full
req_004196,benign,6.580353e-05,0.8688590836624015,full,full,full
req_004197,benign,4.9829483e-05,0.04700053204779685,full,full,full
req_004198,benign,7.545948e-05,0.04622872967375824,full,full,full
req_004199,benign,4.9352646e-05,0.02856615200434295,full,full,full
req_004200,benign,5.6147575e-05,0.8328809141549023,full,full,full
req_004201,benign,4.9829483e-05,0.8770879097969995,full,full,full
req_004202,benign,0.0006109476,0.01257533306539391,full,full,full
req_004203,benign,5.6147575e-05,0.81863778132132,full,full,full
req_004204,exhaustion,0.9993282,0.0381360358448982,full,full,quarantine
req_004205,benign,0.0001680851,0.038444293725934366,full,full,full
req_004206,benign,5.507469e-05,0.027351502151985993,full,full,full
req_004207,injection,0.999368,0.030307456509208845,full,quarantine,quarantine
req_004208,benign,5.6147575e-05,0.07428346915122286,full,full,full
req_004209,benign,0.00021594763,0.8089606953878635,full,full,full
req_004210,benign,4.9471855e-05,0.9081533427704847,full,full,full
req_004211,benign,7.927418e-05,0.02041806799354931,full,full,full
req_004212,benign,0.0004389882,0.016232329272713376,full,full,full
req_004213,benign,4.9471855e-05,0.02303462566267668,full,full,full
req_004214,benign,6.604195e-05,0.8139176396889686,full,full,full
req_004215,benign,4.9471855e-05,0.014411805391766539,full,full,full
req_004216,benign,0.00013387203,0.7832667264376574,full,full,full
req_004217,benign,4.9114227e-05,0.7982828204770589,full,full,full
req_004218,benign,0.000104665756,0.8814494229307991,full,full,full
req_004219,injection,0.9990992,0.06147910985940722,full,quarantine,quarantine
req_004220,benign,5.6147575e-05,0.061083261273239556,full,full,full
req_004221,injection,0.99931824,0.05639501370664178,full,quarantine,quarantine
req_004222,injection,0.99923575,0.05317517483650347,full,quarantine,quarantine
req_004223,benign,0.00012278557,0.0,full,full,full
req_004224,benign,5.8293343e-05,0.018867906147264902,full,full,full
req_004225,benign,7.045269e-05,0.023944036012181525,full,full,full
req_004226,benign,0.00010573864,0.87889043558913,full,full,full
req_004227,exhaustion,0.9995923,0.05997844987913736,full,full,quarantine
req_004228,benign,4.9114227e-05,0.04914860703948684,full,full,full
req_004229,benign,4.9829483e-05,0.011787237494169114,full,full,full
req_004230,benign,5.6385994e-05,0.0012030489126571668,full,full,full
req_004231,benign,0.00010931492,0.0,full,full,full
req_004232,exhaustion,0.9993366,0.003570299011639723,full,full,quarantine
req_004233,exhaustion,0.99953747,0.03230020125575291,full,full,quarantine
req_004234,benign,0.00014817715,0.8637269631221873,full,full,full
req_004235,benign,4.9471855e-05,0.8421991004103103,full,full,full
req_004236,benign,0.00038677454,0.8085769389931498,full,full,full
req_004237,benign,0.00021547079,0.8195100208992903,full,full,full
req_004238,benign,6.41346e-05,0.8578526532802407,full,full,full
req_004239,benign,4.9471855e-05,0.8765605010440605,full,full,full
req_004240,injection,0.9992952,0.023214966018407966,full,quarantine,quarantine
req_004241,benign,5.6505203e-05,0.8342832986488222,full,full,full
req_004242,benign,5.8293343e-05,0.8837103744022142,full,full,full
req_004243,benign,9.250641e-05,0.045791244050436844,full,full,full
req_004244,benign,6.9499016e-05,0.02527654754528136,full,full,full
req_004245,benign,5.1021576e-05,0.8035559902049374,full,full,full
req_004246,benign,6.699562e-05,0.9382622182073721,full,full,full
req_004247,benign,0.0002477765,0.020573298453676045,full,full,full
req_004248,benign,9.250641e-05,0.052031389022012875,full,full,full
req_004249,exhaustion,0.9993366,0.035976967988053124,full,full,quarantine
req_004250,benign,4.9114227e-05,0.016163178902645924,full,full,full
req_004251,injection,0.9992375,0.0116850280950082,full,quarantine,quarantine
req_004252,benign,4.9471855e-05,0.03365802631185499,full,full,full
req_004253,benign,4.9114227e-05,0.048549065139372835,full,full,full
req_004254,benign,9.703636e-05,0.025357215416037533,full,full,full
req_004255,exhaustion,0.9993366,0.00306543019754223,full,full,quarantine
req_004256,benign,0.00017082691,0.018657455889892434,full,full,full
req_004257,benign,4.9471855e-05,0.8717211210916036,full,full,full
req_004258,benign,5.9485435e-05,0.03612464886494046,full,full,full
req_004259,benign,5.7697296e-05,0.8806562487310531,full,full,full
req_004260,injection,0.99292576,0.028189605838729065,full,quarantine,quarantine
req_004261,benign,6.496906e-05,0.8250334278772569,full,full,full
req_004262,benign,5.6505203e-05,0.0,full,full,full
req_004263,benign,4.9233437e-05,0.8506856751451117,full,full,full
req_004264,benign,0.000108122826,0.8769581899598874,full,full,full
req_004265,benign,6.687641e-05,0.9018578876383959,full,full,full
req_004266,benign,4.9233437e-05,0.03812742754289632,full,full,full
req_004267,benign,5.054474e-05,0.7996016360122988,full,full,full
req_004268,benign,0.00016593933,0.04833482420274646,full,full,full
req_004269,benign,5.0902367e-05,0.01349206924968811,full,full,full
req_004270,benign,0.00011873245,0.017750609614836453,full,full,full
req_004271,injection,0.9996361,0.011106519102366375,full,quarantine,quarantine
req_004272,benign,6.902218e-05,0.8459763360894867,full,full,full
req_004273,benign,0.00010550022,0.8575593293923518,full,full,full
req_004274,benign,5.209446e-05,0.8553788574816129,full,full,full
req_004275,benign,4.9114227e-05,0.8482456062894999,full,full,full
req_004276,benign,5.7458878e-05,0.042976831077617864,full,full,full
req_004277,benign,5.352497e-05,0.8890979909117568,full,full,full
req_004278,benign,0.00032794476,0.06283693330932918,full,full,full
req_004279,benign,0.00012362003,0.02325830970995407,full,full,full
req_004280,benign,0.0001039505,0.796344796319338,full,full,full
req_004281,benign,6.592274e-05,0.018293629198828126,full,full,full
req_004282,benign,4.9471855e-05,0.017556995746087392,full,full,full
req_004283,benign,6.401539e-05,0.8805019630285321,full,full,full
req_004284,benign,9.8109245e-05,0.03241272422581629,full,full,full
req_004285,benign,7.259846e-05,0.0,full,full,full
req_004286,benign,6.592274e-05,0.8578774752481109,full,full,full
req_004287,benign,4.9114227e-05,0.031232989613589016,full,full,full
req_004288,benign,4.9114227e-05,0.013408153225368608,full,full,full
req_004289,benign,5.5789948e-05,0.876892087061151,full,full,full
req_004290,benign,8.2969666e-05,0.862155925811088,full,full,full
req_004291,benign,0.00014138222,0.7523227808650558,full,full,full
req_004292,benign,4.9114227e-05,0.8168565008413579,full,full,full
req_004293,benign,7.259846e-05,0.8055216776818431,full,full,full
req_004294,benign,7.200241e-05,0.0575907230154627,full,full,full
req_004295,benign,5.2452087e-05,0.0,full,full,full
req_004296,benign,4.9114227e-05,0.8742507556605855,full,full,full
req_004297,benign,0.00010073185,0.8252190187464076,full,full,full
req_004298,injection,0.9940784,0.01718400144622461,full,quarantine,quarantine
req_004299,benign,5.7458878e-05,0.9133199367457627,full,full,full
req_004300,benign,6.520748e-05,0.8392734669705101,full,full,full
req_004301,benign,5.352497e-05,0.0,full,full,full
req_004302,benign,6.568432e-05,0.8530988909322431,full,full,full
req_004303,benign,0.00012564659,0.7863145096628232,full,full,full
req_004304,benign,6.663799e-05,0.7713437579481354,full,full,full
req_004305,benign,5.6624413e-05,0.8495593801886627,full,full,full
req_004306,benign,8.6307526e-05,0.009918495038273373,full,full,full
req_004307,benign,0.013215125,0.7794269314674984,full,full,full
req_004308,benign,0.00010955334,0.005156485463939226,full,full,full
req_004309,benign,0.00011694431,0.8848149807275201,full,full,full
req_004310,benign,4.9471855e-05,0.8616772897699205,full,full,full
req_004311,benign,6.842613e-05,0.8237599139160457,full,full,full
req_004312,benign,4.9948692e-05,0.05463230091963621,full,full,full
req_004313,benign,5.8293343e-05,0.8215345867940681,full,full,full
req_004314,benign,7.200241e-05,0.05380471355155546,full,full,full
req_004315,injection,0.99966973,0.043623021992099414,full,quarantine,quarantine
req_004316,benign,5.507469e-05,0.8636879260049647,full,full,full
req_004317,benign,5.6624413e-05,0.8509677205141984,full,full,full
req_004318,benign,0.00010573864,0.7935109957615314,full,full,full
req_004319,benign,4.9352646e-05,0.8809710924985232,full,full,full
req_004320,benign,0.00012362003,0.004087213194399253,full,full,full
req_004321,injection,0.99961364,0.03237804734725429,full,quarantine,quarantine
req_004322,benign,5.9127808e-05,0.908720020034517,full,full,full
req_004323,benign,5.6028366e-05,0.021795892113475143,full,full,full
req_004324,benign,5.6147575e-05,0.055412582781899006,full,full,full
req_004325,benign,5.3286552e-05,0.8159379534754987,full,full,full
req_004326,exhaustion,0.99924934,0.015303243779533744,full,full,quarantine
req_004327,benign,0.0001450777,0.045579543085389515,full,full,full
req_004328,benign,0.00057542324,0.04426180478845565,full,full,full
req_004329,benign,5.221367e-05,0.04262035808328536,full,full,full
req_004330,benign,4.9471855e-05,0.04972996820555779,full,full,full
req_004331,benign,0.00015747547,0.8433233359105247,full,full,full
req_004332,benign,5.6147575e-05,0.8875041407769327,full,full,full
req_004333,injection,0.9995801,0.0404153319143529,full,quarantine,quarantine
req_004334,benign,5.698204e-05,0.04328535339648334,full,full,full
req_004335,benign,0.0005135536,0.9359722446407599,full,full,full
req_004336,benign,8.010864e-05,0.8353392414081299,full,full,full
req_004337,benign,5.6624413e-05,0.010432119623221495,full,full,full
req_004338,benign,0.00013887882,0.9000856221665665,full,full,full
req_004339,benign,9.381771e-05,0.0,full,full,full
req_004340,benign,0.000105023384,0.8979805877939763,full,full,full
req_004341,benign,6.532669e-05,0.8499590539410196,full,full,full
req_004342,injection,0.9995424,0.04392070722903534,full,quarantine,quarantine
req_004343,benign,0.00013756752,0.8542960517710713,full,full,full
req_004344,benign,6.9499016e-05,0.8555672149560388,full,full,full
req_004345,benign,5.6147575e-05,0.02566890692946143,full,full,full
req_004346,benign,5.567074e-05,0.8920901579721227,full,full,full
req_004347,benign,7.259846e-05,0.01297234397867024,full,full,full
req_004348,benign,0.00011134148,0.8389727129348484,full,full,full
req_004349,benign,0.00028675795,0.8027726121255105,full,full,full
req_004350,benign,4.9114227e-05,0.022749231903068164,full,full,full
req_004351,benign,5.6624413e-05,0.7212425420735165,full,full,full
req_004352,benign,6.92606e-05,0.8982961259522892,full,full,full
req_004353,benign,8.690357e-05,0.012142003140385715,full,full,full
req_004354,benign,5.7935715e-05,0.7669054048012618,full,full,full
req_004355,benign,0.0001052618,0.8782447526825485,full,full,full
req_004356,benign,0.00025826693,0.8055549565688109,full,full,full
req_004357,benign,0.00039964914,0.05457383306871087,full,full,full
req_004358,benign,7.557869e-05,0.7606950437853763,full,full,full
req_004359,benign,7.8201294e-05,0.8125538635142096,full,full,full
req_004360,benign,7.259846e-05,0.0051180105805246935,full,full,full
req_004361,benign,0.0001039505,0.016378226904510094,full,full,full
req_004362,benign,0.00020092726,0.0,full,full,full
req_004363,benign,7.247925e-05,0.0,full,full,full
req_004364,benign,5.6743622e-05,0.0,full,full,full
req_004365,benign,5.173683e-05,0.02980654910167729,full,full,full
req_004366,benign,6.1154366e-05,0.8213362221581686,full,full,full
req_004367,benign,5.507469e-05,0.0,full,full,full
req_004368,injection,0.99968475,0.042288798285753326,full,quarantine,quarantine
req_004369,benign,5.6624413e-05,0.8222441262900771,full,full,full
req_004370,injection,0.9991526,0.054919896293180226,full,quarantine,quarantine
req_004371,benign,4.9471855e-05,0.8780152875078436,full,full,full
req_004372,benign,4.9471855e-05,0.012961826553164905,full,full,full
req_004373,benign,7.6174736e-05,0.7905340898524212,full,full,full
req_004374,injection,0.99966955,0.004610716094916149,full,quarantine,quarantine
req_004375,benign,4.9471855e-05,0.7514115779760175,full,full,full
req_004376,benign,6.41346e-05,0.050359930216734974,full,full,full
req_004377,benign,5.6028366e-05,0.003924172964356917,full,full,full
req_004378,benign,0.00015592575,0.028690159379656938,full,full,full
req_004379,benign,0.00010871887,0.9099849646456412,full,full,full
req_004380,benign,4.9114227e-05,0.8923745983296805,full,full,full
req_004381,benign,5.6624413e-05,0.8177574879641824,full,full,full
req_004382,benign,7.867813e-05,0.002034725158970588,full,full,full
req_004383,injection,0.9994573,0.01247156882309244,full,quarantine,quarantine
req_004384,injection,0.9997522,0.024595953888439537,full,quarantine,quarantine
req_004385,benign,7.557869e-05,0.845504676273767,full,full,full
req_004386,benign,6.1154366e-05,0.8305649597157078,full,full,full
req_004387,benign,6.41346e-05,0.968619778186145,full,full,full
req_004388,benign,0.00011968613,0.00985940768935823,full,full,full
req_004389,benign,6.0081482e-05,0.041891307842307005,full,full,full
req_004390,benign,4.9829483e-05,0.025585780369962008,full,full,full
req_004391,benign,5.1259995e-05,0.023802649355435235,full,full,full
req_004392,benign,0.00032794476,0.8623479684631055,full,full,full
req_004393,benign,0.00019103289,0.8069106413589333,full,full,full
req_004394,benign,4.9114227e-05,0.9144759968148308,full,full,full
req_004395,benign,5.6505203e-05,0.8498653501380284,full,full,full
req_004396,benign,4.9114227e-05,0.8824098324718138,full,full,full
req_004397,benign,4.9114227e-05,0.010213062795630879,full,full,full
req_004398,benign,5.9366226e-05,0.8150401027623204,full,full,full
req_004399,benign,7.081032e-05,0.0439722286035956,full,full,full
req_004400,benign,4.9710274e-05,0.0359788788786366,full,full,full
req_004401,benign,0.00010716915,0.018478262555970487,full,full,full
req_004402,benign,6.9618225e-05,0.7981602481941111,full,full,full
req_004403,injection,0.99909693,0.014900598448274219,full,quarantine,quarantine
req_004404,benign,0.000104665756,0.8870199672719192,full,full,full
req_004405,exhaustion,0.99936694,0.046149115848561795,full,full,quarantine
req_004406,exhaustion,0.9993282,0.009420013902284818,full,full,quarantine
req_004407,benign,7.176399e-05,0.907090283316968,full,full,full
req_004408,benign,5.6028366e-05,0.005321662800349264,full,full,full
req_004409,benign,6.496906e-05,0.0528988480432729,full,full,full
req_004410,benign,6.6280365e-05,0.8514101226822474,full,full,full
req_004411,benign,6.532669e-05,0.017225879651393654,full,full,full
req_004412,benign,5.054474e-05,0.008125571152806248,full,full,full
req_004413,benign,7.045269e-05,0.8728061717105577,full,full,full
req_004414,benign,0.0006200075,0.784180615337848,full,full,full
req_004415,injection,0.9993841,0.0006374388652836578,full,quarantine,quarantine
req_004416,benign,5.7816505e-05,0.8113657382022857,full,full,full
req_004417,benign,6.3061714e-05,0.8632244315739533,full,full,full
req_004418,benign,4.9829483e-05,0.02040477768531098,full,full,full
req_004419,benign,6.151199e-05,0.8329730373908095,full,full,full
req_004420,benign,6.771088e-05,0.8978706975070145,full,full,full
req_004421,benign,6.246567e-05,0.7652568975646092,full,full,full
req_004422,benign,4.9471855e-05,0.014400656472043898,full,full,full
req_004423,benign,5.6624413e-05,0.8382386004695704,full,full,full
req_004424,benign,5.6266785e-05,0.023623307547087684,full,full,full
req_004425,exhaustion,0.9993282,0.0638314288860194,full,full,quarantine
req_004426,benign,4.9233437e-05,0.03445357828429437,full,full,full
req_004427,benign,4.9114227e-05,0.829537401198904,full,full,full
req_004428,benign,5.6147575e-05,0.06133453586625325,full,full,full
req_004429,benign,8.3208084e-05,0.033288925211630335,full,full,full
req_004430,benign,6.580353e-05,0.7937132339845965,full,full,full
req_004431,benign,9.584427e-05,0.8403436796494269,full,full,full
req_004432,benign,4.9829483e-05,0.8658033756446332,full,full,full
req_004433,benign,0.0004992485,0.8192681343316018,full,full,full
req_004434,benign,0.00010788441,0.03867148425189621,full,full,full
req_004435,benign,4.9114227e-05,0.7681336841711568,full,full,full
req_004436,benign,6.7830086e-05,0.9343905092571978,full,full,full
req_004437,benign,6.711483e-05,0.8329841545834951,full,full,full
req_004438,injection,0.999699,0.046970220897599516,full,quarantine,quarantine
req_004439,benign,5.507469e-05,0.04635152298190245,full,full,full
req_004440,benign,5.507469e-05,0.821814795438601,full,full,full
req_004441,benign,0.000104665756,0.7878933345601474,full,full,full
req_004442,injection,0.999368,0.017719525164465445,full,quarantine,quarantine
req_004443,injection,0.99978137,0.9334921643445978,full,quarantine,quarantine
req_004444,benign,6.8068504e-05,0.8404780026712134,full,full,full
req_004445,benign,5.6624413e-05,0.03220279705033794,full,full,full
req_004446,benign,5.6505203e-05,0.8481463208455291,full,full,full
req_004447,benign,0.00012600422,0.03325045664597194,full,full,full
req_004448,benign,5.7458878e-05,0.9003125543103762,full,full,full
req_004449,benign,0.00010967255,0.8860135515283325,full,full,full
req_004450,benign,5.054474e-05,0.03649982098273858,full,full,full
req_004451,benign,0.00012242794,0.03159695563868036,full,full,full
req_004452,benign,0.000119805336,0.8097099486958808,full,full,full
req_004453,benign,6.1154366e-05,0.7870497653520855,full,full,full
req_004454,benign,0.00012338161,0.8703178779398156,full,full,full
req_004455,benign,0.00016129017,0.008662232848064527,full,full,full
req_004456,exhaustion,0.9993282,0.006291083650030331,full,full,quarantine
req_004457,exhaustion,0.9993366,0.0683023966634072,full,full,quarantine
req_004458,benign,5.7935715e-05,0.8816735122003464,full,full,full
req_004459,benign,5.054474e-05,0.008255831112645044,full,full,full
req_004460,benign,9.250641e-05,0.0,full,full,full
req_004461,benign,0.00012457371,0.026884405621173328,full,full,full
req_004462,benign,5.6385994e-05,0.029321699082605367,full,full,full
req_004463,benign,0.0001039505,0.0,full,full,full
req_004464,injection,0.9992572,0.024697118952516306,full,quarantine,quarantine
req_004465,benign,0.00022917986,0.03963093131498058,full,full,full
req_004466,benign,4.9114227e-05,0.006731881162068205,full,full,full
req_004467,benign,0.00013291836,0.8048964438606186,full,full,full
req_004468,benign,7.259846e-05,0.9254546834282711,full,full,full
req_004469,benign,5.1498413e-05,0.038788941435872824,full,full,full
req_004470,benign,8.6188316e-05,0.9005397897313523,full,full,full
req_004471,benign,5.9247017e-05,0.03107359486193546,full,full,full
req_004472,benign,7.4863434e-05,0.8262588404806801,full,full,full
req_004473,benign,4.9471855e-05,0.04492818647515183,full,full,full
req_004474,benign,4.9352646e-05,0.8590430427823188,full,full,full
req_004475,benign,0.0001039505,0.01863617162627394,full,full,full
req_004476,benign,5.6505203e-05,0.05278198597525309,full,full,full
req_004477,benign,4.9471855e-05,0.7515616308688939,full,full,full
req_004478,benign,0.0019654632,0.9218487921620164,full,full,full
req_004479,benign,0.00011765957,0.02825742920450198,full,full,full
req_004480,injection,0.99943507,0.008451260921785931,full,quarantine,quarantine
req_004481,benign,5.9127808e-05,0.7838145027389429,full,full,full
req_004482,benign,5.6266785e-05,0.8058906340836263,full,full,full
req_004483,benign,0.000113129616,0.8683162319850484,full,full,full
req_004484,benign,7.867813e-05,0.03926804461389452,full,full,full
req_004485,benign,4.9471855e-05,0.890394976200626,full,full,full
req_004486,benign,5.6624413e-05,0.8230633196873323,full,full,full
req_004487,injection,0.9993964,0.042577451003238266,full,quarantine,quarantine
req_004488,benign,0.00051778555,0.8574102428173993,full,full,full
req_004489,benign,6.3061714e-05,0.8222948692786071,full,full,full
req_004490,benign,5.6624413e-05,0.9156709814828827,full,full,full
req_004491,benign,6.3061714e-05,0.9670657370365108,full,full,full
req_004492,benign,0.00012254715,0.0,full,full,full
req_004493,benign,4.9114227e-05,0.7642168973478273,full,full,full
req_004494,benign,4.9471855e-05,0.8560952828739259,full,full,full
req_004495,benign,6.2942505e-05,0.8387130155933954,full,full,full
req_004496,exhaustion,0.99947846,0.0,full,full,quarantine
req_004497,benign,7.712841e-05,0.009907956207748467,full,full,full
req_004498,benign,5.018711e-05,0.02712369649059043,full,full,full
req_004499,benign,5.018711e-05,0.8846588613172753,full,full,full
req_004500,benign,0.00069749355,0.8799205495054258,full,full,full
req_004501,exhaustion,0.9993366,0.05404942313293298,full,full,quarantine
req_004502,exhaustion,0.9993282,0.03859176798857515,full,full,quarantine
req_004503,benign,0.00081795454,0.027249997529519655,full,full,full
req_004504,benign,6.723404e-05,0.008813866353498252,full,full,full
req_004505,benign,4.9829483e-05,0.04840640489419568,full,full,full
req_004506,exhaustion,0.9993366,0.03962552484812941,full,full,quarantine
req_004507,benign,5.8293343e-05,0.8360046702161801,full,full,full
req_004508,injection,0.9996331,0.015124818598628314,full,quarantine,quarantine
req_004509,benign,0.00034177303,0.8268690464038609,full,full,full
req_004510,benign,4.9114227e-05,0.01297244983387933,full,full,full
req_004511,exhaustion,0.9993366,0.04828939794569744,full,full,quarantine
req_004512,benign,0.00011765957,0.8746459030491368,full,full,full
req_004513,benign,6.1154366e-05,0.8862797452142938,full,full,full
req_004514,benign,4.9471855e-05,0.8391688088466466,full,full,full
req_004515,benign,0.0001039505,0.030497326859854436,full,full,full
req_004516,benign,4.9233437e-05,0.8773136313501099,full,full,full
req_004517,benign,7.367134e-05,0.04337056094538924,full,full,full
req_004518,benign,7.915497e-05,1.0,full,full,full
req_004519,benign,5.6624413e-05,0.011921071134741733,full,full,full
req_004520,benign,7.259846e-05,0.8240291160991216,full,full,full
req_004521,benign,0.00014984608,0.7594598496105968,full,full,full
req_004522,injection,0.99938065,0.019754405429088656,full,quarantine,quarantine
req_004523,benign,4.9471855e-05,0.9012505722769018,full,full,full
req_004524,benign,5.7458878e-05,0.8471835137452334,full,full,full
req_004525,benign,7.867813e-05,0.9120587841869677,full,full,full
req_004526,benign,0.000346303,0.8203481324582272,full,full,full
req_004527,benign,4.9114227e-05,0.8449445234236078,full,full,full
req_004528,injection,0.9993647,0.06470403510677619,full,quarantine,quarantine
req_004529,benign,0.0017931461,0.8124336207348087,full,full,full
req_004530,benign,7.6532364e-05,0.032890464856601576,full,full,full
req_004531,benign,9.9658966e-05,0.03672223207690147,full,full,full
req_004532,benign,4.9471855e-05,0.7549101159867702,full,full,full
req_004533,benign,6.4492226e-05,0.027698465263876905,full,full,full
req_004534,benign,5.9366226e-05,0.8414282608040792,full,full,full
req_004535,benign,0.0001039505,0.8448143128547518,full,full,full
req_004536,exhaustion,0.9993282,0.0066127276950733,full,full,quarantine
req_004537,benign,0.00015163422,0.03789287255074261,full,full,full
req_004538,benign,4.9471855e-05,0.8076862635851915,full,full,full
req_004539,benign,6.9856644e-05,0.0314735959230388,full,full,full
req_004540,benign,4.9114227e-05,0.9042501619332474,full,full,full
req_004541,benign,4.9114227e-05,0.815044297980865,full,full,full
req_004542,benign,5.7458878e-05,0.839972213635239,full,full,full
req_004543,benign,5.7458878e-05,0.03572302683802087,full,full,full
req_004544,benign,7.200241e-05,0.05121793517742062,full,full,full
req_004545,benign,0.00010597706,0.8103867855098064,full,full,full
req_004546,benign,0.00010764599,0.8250501350567251,full,full,full
req_004547,benign,6.3061714e-05,0.9752483205963037,full,full,full
req_004548,benign,5.6147575e-05,0.026450123132174902,full,full,full
req_004549,benign,5.6624413e-05,0.8948249268195931,full,full,full
req_004550,benign,4.9471855e-05,0.9466812491895541,full,full,full
req_004551,benign,0.0001667738,0.8722929099511159,full,full,full
req_004552,benign,0.000104665756,0.8271876119757873,full,full,full
req_004553,benign,4.9233437e-05,0.0287820288033194,full,full,full
req_004554,benign,0.000105023384,0.06005283968962892,full,full,full
req_004555,benign,4.9471855e-05,0.035724006353828455,full,full,full
req_004556,benign,0.00010216236,0.8835380239972109,full,full,full
req_004557,benign,4.9471855e-05,0.7512584713087582,full,full,full
req_004558,benign,5.6624413e-05,0.8262823887171565,full,full,full
req_004559,benign,0.0006546378,0.8491017387167346,full,full,full
req_004560,benign,5.9127808e-05,0.7874239227526815,full,full,full
req_004561,injection,0.99966604,0.039807697799241946,full,quarantine,quarantine
req_004562,benign,6.878376e-05,0.8084103588714862,full,full,full
req_004563,benign,5.6266785e-05,0.8564898190423915,full,full,full
req_004564,benign,7.772446e-05,0.03720685432268304,full,full,full
req_004565,benign,0.000104904175,0.0,full,full,full
req_004566,benign,0.0002899766,0.0279777986067196,full,full,full
req_004567,benign,5.686283e-05,0.009425152846194142,full,full,full
req_004568,benign,7.724762e-05,0.9445200378867336,full,full,full
req_004569,benign,0.00013196468,0.8707599758613027,full,full,full
req_004570,benign,5.710125e-05,0.008605041217389628,full,full,full
req_004571,benign,0.000114798546,0.021683642065931853,full,full,full
req_004572,benign,8.928776e-05,0.8855179493298734,full,full,full
req_004573,benign,4.9114227e-05,0.06434776145417029,full,full,full
req_004574,benign,5.8293343e-05,0.9225127144479421,full,full,full
req_004575,benign,4.9829483e-05,0.8171216604120148,full,full,full
req_004576,benign,0.00018244982,0.8396428900567883,full,full,full
req_004577,benign,7.379055e-05,0.02885692495811655,full,full,full
req_004578,benign,6.03199e-05,0.8289520901329671,full,full,full
req_004579,benign,5.054474e-05,0.005907634584949983,full,full,full
req_004580,benign,0.00010895729,0.8526230841258366,full,full,full
req_004581,benign,0.0001039505,0.8874024490256152,full,full,full
req_004582,benign,6.496906e-05,0.012549369928940155,full,full,full
req_004583,benign,0.0003273487,0.0,full,full,full
req_004584,benign,0.00033724308,0.8082320448472589,full,full,full
req_004585,benign,6.7949295e-05,0.010986134768344195,full,full,full
req_004586,benign,6.878376e-05,0.883985190062853,full,full,full
req_004587,benign,7.3075294e-05,0.9078765031577819,full,full,full
req_004588,benign,6.055832e-05,0.9197225981069691,full,full,full
req_004589,benign,6.7949295e-05,0.05060276525155646,full,full,full
req_004590,benign,9.250641e-05,0.036645644377185274,full,full,full
req_004591,benign,0.00021761656,0.017345973851262474,full,full,full
req_004592,exhaustion,0.9994476,0.029035898630992128,full,full,quarantine
req_004593,benign,4.9829483e-05,0.8003397796494287,full,full,full
req_004594,benign,4.9471855e-05,0.7811810674376667,full,full,full
req_004595,benign,5.6028366e-05,0.7844499165260297,full,full,full
req_004596,benign,0.000104665756,0.7849828521231144,full,full,full
req_004597,exhaustion,0.9993366,0.02486022928528469,full,full,quarantine
req_004598,benign,9.3340874e-05,0.8116266775509929,full,full,full
req_004599,exhaustion,0.9993282,0.012226031174950004,full,full,quarantine
req_004600,benign,0.00011754036,0.03552295658765195,full,full,full
req_004601,benign,0.00011456013,0.03165031899467835,full,full,full
req_004602,benign,0.000119924545,0.045256865112507226,full,full,full
req_004603,benign,5.7816505e-05,0.0008346053468313956,full,full,full
req_004604,injection,0.9991625,0.0564183618263346,full,quarantine,quarantine
req_004605,benign,4.9114227e-05,0.8676015739668006,full,full,full
req_004606,benign,0.00010025501,0.030572850963435698,full,full,full
req_004607,benign,5.51939e-05,0.8321949026541736,full,full,full
req_004608,benign,6.496906e-05,0.836408287367159,full,full,full
req_004609,benign,5.6624413e-05,0.6875900672444336,full,full,full
req_004610,benign,6.496906e-05,0.06964405678468724,full,full,full
req_004611,injection,0.99938166,0.02377714833205075,full,quarantine,quarantine
req_004612,benign,7.70092e-05,0.7629433218356035,full,full,full
req_004613,benign,7.331371e-05,0.8470421540665867,full,full,full
req_004614,benign,4.9471855e-05,0.8202231003591572,full,full,full
req_004615,benign,0.00012862682,0.8813972463324409,full,full,full
req_004616,injection,0.9996622,0.0,full,quarantine,quarantine
req_004617,benign,6.723404e-05,0.8097410729097655,full,full,full
req_004618,benign,0.00010287762,0.8577792387505065,full,full,full
req_004619,benign,5.054474e-05,0.8307622825700105,full,full,full
req_004620,benign,4.9114227e-05,0.8167810055594741,full,full,full
req_004621,benign,6.067753e-05,0.002709339415404542,full,full,full
req_004622,benign,5.8293343e-05,0.038319730997373014,full,full,full
req_004623,benign,9.763241e-05,0.8719992576441397,full,full,full
req_004624,benign,6.7830086e-05,0.02098179522104366,full,full,full
req_004625,benign,0.00014960766,0.8759215467754301,full,full,full
req_004626,benign,0.00012552738,0.8618330415564837,full,full,full
req_004627,benign,4.9114227e-05,0.040336374608700556,full,full,full
req_004628,benign,7.927418e-05,0.8224201676185933,full,full,full
req_004629,injection,0.99958766,0.03533088522118576,full,quarantine,quarantine
req_004630,benign,0.00039845705,0.006762795961901283,full,full,full
req_004631,injection,0.99953365,0.02031357231899749,full,quarantine,quarantine
req_004632,benign,5.38826e-05,0.0366105103581107,full,full,full
req_004633,benign,0.00014805794,0.8494792764283406,full,full,full
req_004634,benign,4.9114227e-05,0.8535342468650364,full,full,full
req_004635,benign,0.000118374825,0.02002257795758499,full,full,full
req_004636,benign,0.00011897087,0.9924877782434327,full,full,full
req_004637,benign,4.9471855e-05,0.04611974934033287,full,full,full
req_004638,benign,6.7949295e-05,0.0,full,full,full
req_004639,benign,6.699562e-05,0.02092695270411926,full,full,full
req_004640,exhaustion,0.9993282,0.041632446755273306,full,full,quarantine
req_004641,injection,0.99936944,0.022284635881417564,full,quarantine,quarantine
req_004642,benign,6.997585e-05,0.8409339169125627,full,full,full
req_004643,benign,5.6624413e-05,0.7659368843260138,full,full,full
req_004644,benign,0.00016474724,0.8048205374733041,full,full,full
req_004645,benign,5.6147575e-05,0.05446432124742158,full,full,full
req_004646,benign,6.4492226e-05,0.7432457441073868,full,full,full
req_004647,benign,6.41346e-05,0.0023231453190026598,full,full,full
req_004648,benign,8.070469e-05,0.013678618880919247,full,full,full
req_004649,exhaustion,0.9993366,0.06112973508676946,full,full,quarantine
req_004650,benign,0.0003939271,0.04317624552901455,full,full,full
req_004651,benign,5.6624413e-05,0.02136215038451491,full,full,full
req_004652,benign,7.033348e-05,0.8953169112324431,full,full,full
req_004653,benign,0.0001603365,0.731607154157102,full,full,full
req_004654,benign,0.00015962124,0.02971655765348256,full,full,full
req_004655,benign,5.9127808e-05,0.7741223306327059,full,full,full
req_004656,benign,5.9247017e-05,0.03636777846151438,full,full,full
req_004657,benign,4.9471855e-05,0.8461304157698641,full,full,full
req_004658,benign,4.9829483e-05,0.062155184906321145,full,full,full
req_004659,benign,0.0015545487,0.021691269015850546,full,full,full
req_004660,benign,0.0008190274,0.0016764103942799313,full,full,full
req_004661,benign,7.6413155e-05,0.018573263314458466,full,full,full
req_004662,benign,4.9471855e-05,0.8456504665046036,full,full,full
req_004663,benign,0.000108003616,0.8504759375334816,full,full,full
req_004664,benign,0.00019043684,0.022589902215264752,full,full,full
req_004665,benign,4.9114227e-05,0.023464612334872983,full,full,full
req_004666,benign,4.9114227e-05,0.8578446915250418,full,full,full
req_004667,benign,5.185604e-05,0.02864879857862541,full,full,full
req_004668,benign,6.198883e-05,0.006567368174412315,full,full,full
req_004669,benign,6.830692e-05,0.06164431735262841,full,full,full
req_004670,injection,0.9992592,0.010086119519535468,full,quarantine,quarantine
req_004671,exhaustion,0.9993282,0.009191012952180135,full,full,quarantine
req_004672,benign,8.1181526e-05,0.8818129225277455,full,full,full
req_004673,benign,0.0001039505,0.8621494413707191,full,full,full
req_004674,benign,8.571148e-05,0.0064142398699497186,full,full,full
req_004675,benign,0.000119805336,0.031419887582419904,full,full,full
req_004676,injection,0.9993719,0.008889920151201453,full,quarantine,quarantine
req_004677,injection,0.9993648,0.07761884536050764,full,quarantine,quarantine
req_004678,exhaustion,0.99931693,0.04688781453612087,full,full,quarantine
req_004679,benign,0.0001629591,0.784077177813599,full,full,full
req_004680,benign,4.9471855e-05,0.023261289229708666,full,full,full
req_004681,benign,0.000184834,0.03641684468056932,full,full,full
req_004682,injection,0.99957544,0.0,full,quarantine,quarantine
req_004683,benign,5.7458878e-05,0.7874391773240406,full,full,full
req_004684,benign,0.00010454655,0.8687764606876349,full,full,full
req_004685,benign,5.9366226e-05,0.0,full,full,full
req_004686,benign,6.4492226e-05,0.8362062609819177,full,full,full
req_004687,benign,6.592274e-05,0.0029934798531859805,full,full,full
req_004688,benign,9.250641e-05,0.03425653645974564,full,full,full
req_004689,benign,6.1273575e-05,0.01764790160381427,full,full,full
req_004690,exhaustion,0.9993282,0.032351425599681856,full,full,quarantine
req_004691,benign,8.2850456e-05,0.8110654422250708,full,full,full
req_004692,benign,0.0001039505,0.03733611211556476,full,full,full
req_004693,benign,0.00010728836,0.9082458880463355,full,full,full
req_004694,benign,5.7458878e-05,0.052655731177627584,full,full,full
req_004695,benign,4.9471855e-05,0.8472541358235295,full,full,full
req_004696,benign,0.0015028715,0.9116171309334782,full,full,full
req_004697,benign,0.0006136894,0.8855367360556515,full,full,full
req_004698,benign,0.00013518333,0.028780000882878576,full,full,full
req_004699,exhaustion,0.9993282,0.07004453058310986,full,full,quarantine
req_004700,benign,4.9114227e-05,0.0,full,full,full
req_004701,benign,4.9471855e-05,0.008584973679621636,full,full,full
req_004702,benign,4.9471855e-05,0.029575165247818728,full,full,full
req_004703,benign,9.059906e-05,0.03096794350079426,full,full,full
req_004704,benign,6.496906e-05,0.04894171012388715,full,full,full
req_004705,benign,0.00014686584,0.03824526519960963,full,full,full
req_004706,benign,5.6624413e-05,0.7480917392051318,full,full,full
req_004707,benign,0.00028508902,0.8448008174225397,full,full,full
req_004708,benign,0.00011897087,0.007320072332576703,full,full,full
req_004709,injection,0.9991878,0.023920969256243856,full,quarantine,quarantine
req_004710,benign,4.9471855e-05,0.019698548116231274,full,full,full
req_004711,benign,0.00034797192,0.07181573105802455,full,full,full
req_004712,benign,5.352497e-05,0.8288976878465741,full,full,full
req_004713,benign,0.00014042854,0.8716347284801839,full,full,full
req_004714,benign,4.9114227e-05,0.7544592656344984,full,full,full
req_004715,benign,0.00022524595,0.034939640656898724,full,full,full
req_004716,benign,5.6147575e-05,0.8496556197897084,full,full,full
req_004717,benign,4.9114227e-05,0.8053387221247548,full,full,full
req_004718,benign,5.6147575e-05,0.8519540655899761,full,full,full
req_004719,benign,5.185604e-05,0.03844722396302907,full,full,full
req_004720,benign,0.00010418892,0.8595537509330611,full,full,full
req_004721,injection,0.99419755,0.052079356592459894,full,quarantine,quarantine
req_004722,exhaustion,0.9993282,0.019336057701524426,full,full,quarantine
req_004723,benign,7.772446e-05,0.7818684422748158,full,full,full
req_004724,benign,0.0001232624,0.05049726309912032,full,full,full
req_004725,benign,0.00013327599,0.02226056138439583,full,full,full
req_004726,benign,4.9471855e-05,0.014617066452530853,full,full,full
req_004727,benign,5.2809715e-05,0.015554669913509277,full,full,full
req_004728,benign,0.0006169081,0.867673081083316,full,full,full
req_004729,exhaustion,0.9993282,0.0,full,full,quarantine
req_004730,benign,6.401539e-05,0.05820707099858022,full,full,full
req_004731,benign,5.4597855e-05,0.0,full,full,full
req_004732,benign,7.2956085e-05,0.012448292853138691,full,full,full
req_004733,benign,7.557869e-05,0.02047201338860797,full,full,full
req_004734,benign,0.00012540817,0.8753138258298324,full,full,full
req_004735,benign,7.259846e-05,0.01474270031128707,full,full,full
req_004736,benign,0.00012564659,0.0006850612539578971,full,full,full
req_004737,benign,4.9114227e-05,0.7738490076058994,full,full,full
req_004738,benign,5.054474e-05,0.8702016724127712,full,full,full
req_004739,benign,4.9233437e-05,0.8536279320025552,full,full,full
req_004740,benign,5.9604645e-05,0.8377956177832858,full,full,full
req_004741,benign,7.081032e-05,0.826497321410547,full,full,full
req_004742,benign,4.9114227e-05,0.87361153363503,full,full,full
req_004743,benign,6.7949295e-05,0.8467434097625176,full,full,full
req_004744,benign,0.00038194656,0.03395351145164417,full,full,full
req_004745,benign,5.352497e-05,0.9502603355441975,full,full,full
req_004746,benign,9.1433525e-05,0.05238676082652407,full,full,full
req_004747,benign,4.9114227e-05,0.05555461645423681,full,full,full
req_004748,injection,0.9995933,0.05161280843498724,full,quarantine,quarantine
req_004749,benign,0.000104665756,0.8118526349830878,full,full,full
req_004750,benign,4.9233437e-05,0.7691928860947899,full,full,full
req_004751,benign,5.698204e-05,0.02228399145027881,full,full,full
req_004752,benign,0.0009686947,0.9430514758533663,full,full,full
req_004753,benign,0.0001912713,0.8183233737570977,full,full,full
req_004754,benign,4.9471855e-05,0.04189844244276745,full,full,full
req_004755,benign,8.1181526e-05,0.8122719659663653,full,full,full
req_004756,benign,6.2704086e-05,0.0,full,full,full
req_004757,exhaustion,0.9993282,0.04231142338129255,full,full,quarantine
req_004758,benign,0.0001039505,0.0,full,full,full
req_004759,benign,4.9114227e-05,0.9115334330319494,full,full,full
req_004760,benign,5.352497e-05,0.04365359389490573,full,full,full
req_004761,benign,4.9114227e-05,0.05788426241314762,full,full,full
req_004762,benign,0.00010621548,0.0,full,full,full
req_004763,benign,5.9247017e-05,0.02574718769456498,full,full,full
req_004764,benign,6.2704086e-05,0.037988528558382376,full,full,full
req_004765,benign,8.356571e-05,0.01117000409792301,full,full,full
req_004766,injection,0.99969834,0.04485699628144056,full,quarantine,quarantine
req_004767,benign,9.9658966e-05,0.8473201133756576,full,full,full
req_004768,benign,9.393692e-05,0.051976861260061756,full,full,full
req_004769,benign,7.9751015e-05,0.03230589433825671,full,full,full
req_004770,benign,6.1154366e-05,0.04958627233480686,full,full,full
req_004771,benign,0.00016486645,0.8554942987170142,full,full,full
req_004772,benign,4.9471855e-05,0.8627437054984837,full,full,full
req_004773,benign,0.00013768673,0.8569784596071998,full,full,full
req_004774,benign,4.9352646e-05,0.039406390575147845,full,full,full
req_004775,benign,5.698204e-05,0.03725871031844143,full,full,full
req_004776,benign,5.6028366e-05,0.049665620087705885,full,full,full
req_004777,benign,4.9233437e-05,0.7909444196376296,full,full,full
req_004778,benign,0.0003504753,0.8697716356964621,full,full,full
req_004779,benign,7.259846e-05,0.8230204287714069,full,full,full
req_004780,benign,5.6147575e-05,0.05686790470910113,full,full,full
req_004781,benign,5.6624413e-05,0.8962570641234258,full,full,full
req_004782,benign,0.00066417456,0.920016861413429,full,full,full
req_004783,benign,6.699562e-05,0.8590438720013364,full,full,full
req_004784,benign,6.41346e-05,0.010864426834995708,full,full,full
req_004785,benign,5.8293343e-05,0.016044098791845075,full,full,full
req_004786,exhaustion,0.9993366,0.047482236384733596,full,full,quarantine
req_004787,exhaustion,0.99936694,0.05019482732944277,full,full,quarantine
req_004788,benign,0.000119805336,0.024890933285592214,full,full,full
req_004789,benign,0.00028675795,0.0,full,full,full
req_004790,benign,4.9471855e-05,0.8355487150004032,full,full,full
req_004791,benign,5.6505203e-05,0.0438918358104948,full,full,full
req_004792,benign,4.9114227e-05,0.9221364372460747,full,full,full
req_004793,benign,0.00010573864,0.03867324522754083,full,full,full
req_004794,benign,5.209446e-05,0.8433378078092546,full,full,full
req_004795,benign,6.7949295e-05,0.02310068674243165,full,full,full
req_004796,benign,4.9829483e-05,0.7989889181138384,full,full,full
req_004797,benign,5.7816505e-05,0.8572114665191162,full,full,full
req_004798,benign,0.00023263693,0.8442771013858557,full,full,full
req_004799,benign,6.6161156e-05,0.025499264828380004,full,full,full
req_004800,benign,6.4611435e-05,0.7277395881762692,full,full,full
req_004801,benign,0.000297606,0.8351716321487115,full,full,full
req_004802,benign,9.250641e-05,0.8107260216842029,full,full,full
req_004803,benign,9.75132e-05,0.042944483928953156,full,full,full
req_004804,benign,0.00081557035,0.03149639674819669,full,full,full
req_004805,benign,6.3061714e-05,0.8218567692088152,full,full,full
req_004806,benign,7.6413155e-05,0.05362664105433992,full,full,full
req_004807,exhaustion,0.9993282,0.060820372438708144,full,full,quarantine
req_004808,benign,4.9471855e-05,0.04100843416234737,full,full,full
req_004809,benign,6.735325e-05,0.9041793357623813,full,full,full
req_004810,benign,0.00010287762,0.0327577745222157,full,full,full
req_004811,benign,5.6147575e-05,0.8213886273484293,full,full,full
req_004812,benign,0.00010728836,0.020174161203869265,full,full,full
req_004813,exhaustion,0.99931544,0.03743502062702797,full,full,quarantine
req_004814,benign,0.00015032291,0.01304836439042929,full,full,full
req_004815,benign,4.9471855e-05,0.8669175459532144,full,full,full
req_004816,benign,5.185604e-05,0.0027380030843370436,full,full,full
req_004817,injection,0.9989489,0.018476888685824366,full,quarantine,quarantine
req_004818,benign,6.9856644e-05,0.022295315223531256,full,full,full
req_004819,benign,5.6624413e-05,0.0,full,full,full
req_004820,benign,0.00012564659,0.805112630022384,full,full,full
req_004821,injection,0.9991426,0.03577431439302099,full,quarantine,quarantine
req_004822,benign,0.0013629794,0.8340282676471226,full,full,full
req_004823,benign,5.185604e-05,0.0405517663206363,full,full,full
req_004824,benign,6.1154366e-05,0.8230798173150957,full,full,full
req_004825,benign,6.1154366e-05,0.7683802169258329,full,full,full
req_004826,benign,5.6266785e-05,0.053711460914888584,full,full,full
req_004827,benign,0.00012516975,0.9307560604273146,full,full,full
req_004828,injection,0.9996167,0.0,full,quarantine,quarantine
req_004829,benign,4.9829483e-05,0.010591761265736577,full,full,full
req_004830,benign,5.6147575e-05,0.8846419891549865,full,full,full
req_004831,benign,0.00014591217,0.8257768414160777,full,full,full
req_004832,benign,5.686283e-05,0.8193272161911059,full,full,full
req_004833,exhaustion,0.9993366,0.05707351723700828,full,full,quarantine
req_004834,benign,6.937981e-05,0.764152681278244,full,full,full
req_004835,benign,5.7697296e-05,0.02451875544116522,full,full,full
req_004836,injection,0.9981143,0.0013636978232769471,full,quarantine,quarantine
req_004837,injection,0.99932224,0.006601664160245102,full,quarantine,quarantine
req_004838,benign,5.6624413e-05,0.8845596303693701,full,full,full
req_004839,benign,5.698204e-05,0.029696820572876766,full,full,full
req_004840,benign,5.0902367e-05,0.8508946554353388,full,full,full
req_004841,benign,5.865097e-05,0.8065440276453655,full,full,full
req_004842,benign,7.05719e-05,0.04732991639648545,full,full,full
req_004843,benign,5.6147575e-05,0.04385790852869402,full,full,full
req_004844,benign,4.9471855e-05,0.014055602414828332,full,full,full
req_004845,benign,0.00011897087,0.018049462640518977,full,full,full
req_004846,benign,9.23872e-05,0.7995536725148239,full,full,full
req_004847,benign,0.00013875961,0.8339630877272237,full,full,full
req_004848,benign,0.000108122826,0.027215372218391126,full,full,full
req_004849,benign,0.00010716915,0.06564127570504726,full,full,full
req_004850,benign,9.3102455e-05,0.8836624919365902,full,full,full
req_004851,benign,0.000105023384,0.023570498774521116,full,full,full
req_004852,benign,0.009655893,0.020152471778709657,full,full,full
req_004853,benign,5.7816505e-05,0.8331012978040213,full,full,full
req_004854,benign,5.209446e-05,0.757517529243463,full,full,full
req_004855,benign,9.775162e-05,0.03254130296475451,full,full,full
req_004856,injection,0.9991504,0.022697443646496993,full,quarantine,quarantine
req_004857,benign,7.3194504e-05,0.909061753081271,full,full,full
req_004858,benign,0.00028401613,0.8788441701014912,full,full,full
req_004859,benign,5.6266785e-05,0.8723492078214148,full,full,full
req_004860,benign,0.00012731552,0.818501470523714,full,full,full
req_004861,benign,6.54459e-05,0.019870132941267,full,full,full
req_004862,benign,0.0003581047,0.0124211753766231,full,full,full
req_004863,benign,5.352497e-05,0.863209407609522,full,full,full
req_004864,benign,4.9114227e-05,0.06297349736418342,full,full,full
req_004865,benign,5.38826e-05,0.8141707474145295,full,full,full
req_004866,benign,4.9471855e-05,0.8113030156638866,full,full,full
req_004867,benign,4.9829483e-05,0.038271500642965556,full,full,full
req_004868,benign,6.41346e-05,0.8224332908890968,full,full,full
req_004869,benign,9.5009804e-05,0.8087731871902606,full,full,full
req_004870,benign,5.698204e-05,0.890402585219016,full,full,full
req_004871,benign,4.9829483e-05,0.04539761824236467,full,full,full
req_004872,benign,0.00012254715,0.07219848508019232,full,full,full
req_004873,benign,7.259846e-05,0.8012971822435868,full,full,full
req_004874,benign,4.9114227e-05,0.9437709524566285,full,full,full
req_004875,benign,6.9499016e-05,0.8454692520856723,full,full,full
req_004876,benign,0.00010216236,0.03846642493405662,full,full,full
req_004877,benign,0.00032138824,0.022777689032327617,full,full,full
req_004878,benign,0.00015830994,0.0,full,full,full
req_004879,benign,5.197525e-05,0.035241664051575285,full,full,full
req_004880,benign,6.41346e-05,0.8330599174492789,full,full,full
req_004881,exhaustion,0.99931544,0.05444937523610565,full,full,quarantine
req_004882,benign,6.0915947e-05,0.02271818223926244,full,full,full
req_004883,benign,0.00015747547,0.05116878873886778,full,full,full
req_004884,benign,5.9604645e-05,0.8308510867713776,full,full,full
req_004885,exhaustion,0.999436,0.042796819516871795,full,full,quarantine
req_004886,benign,5.209446e-05,0.9215867108736047,full,full,full
req_004887,benign,6.496906e-05,0.8771783262222687,full,full,full
req_004888,benign,7.164478e-05,0.8495399474374746,full,full,full
req_004889,benign,5.054474e-05,0.8094223593587213,full,full,full
req_004890,benign,5.6147575e-05,0.9477825088515787,full,full,full
req_004891,benign,0.00014126301,0.0279994953751979,full,full,full
req_004892,benign,4.9114227e-05,0.977180783111939,full,full,full
req_004893,benign,4.9471855e-05,0.77510735468166,full,full,full
req_004894,benign,5.6624413e-05,0.023132057253992366,full,full,full
req_004895,benign,0.0001039505,0.01314969202105492,full,full,full
req_004896,benign,0.0003540516,0.8070652384100242,full,full,full
req_004897,benign,4.9114227e-05,0.07280372104632997,full,full,full
req_004898,benign,5.6147575e-05,0.030297079909537783,full,full,full
req_004899,benign,8.761883e-05,0.006906419621696556,full,full,full
req_004900,benign,0.00010514259,0.7772944867754864,full,full,full
req_004901,benign,5.2809715e-05,0.8323512084351942,full,full,full
req_004902,injection,0.9996505,0.058135082409807234,full,quarantine,quarantine
req_004903,benign,6.258488e-05,0.8542805877393418,full,full,full
req_004904,benign,4.9114227e-05,0.7817295660264629,full,full,full
req_004905,benign,0.00010025501,0.8607530501405947,full,full,full
req_004906,exhaustion,0.9993366,0.043172097083485295,full,full,quarantine
req_004907,benign,5.185604e-05,0.8975398513803821,full,full,full
req_004908,benign,5.6624413e-05,0.01908878200816566,full,full,full
req_004909,exhaustion,0.9993366,0.016515179055944403,full,full,quarantine
req_004910,benign,0.00020629168,0.7792927468463433,full,full,full
req_004911,benign,5.0902367e-05,0.03774945670085121,full,full,full
req_004912,benign,4.9114227e-05,0.01786951992811364,full,full,full
req_004913,benign,4.9114227e-05,0.7803890230005922,full,full,full
req_004914,benign,0.00018626451,0.81804702042253,full,full,full
req_004915,benign,8.499622e-05,0.9263483026728244,full,full,full
req_004916,benign,4.9471855e-05,0.02676762163820716,full,full,full
req_004917,benign,8.332729e-05,0.020902291972636856,full,full,full
req_004918,benign,6.496906e-05,0.08245251688691149,full,full,full
req_004919,benign,0.0001629591,0.02532998822784363,full,full,full
req_004920,benign,5.4717064e-05,0.8513617773397364,full,full,full
req_004921,benign,5.888939e-05,0.022988898171433403,full,full,full
req_004922,injection,0.99952316,0.019087745946789164,full,quarantine,quarantine
req_004923,benign,7.867813e-05,0.013030669729748492,full,full,full
req_004924,benign,6.902218e-05,0.8797619405883295,full,full,full
req_004925,benign,9.191036e-05,0.7118535631289725,full,full,full
req_004926,benign,0.0005429387,0.03406744080381389,full,full,full
req_004927,benign,5.6624413e-05,0.8402107396338591,full,full,full
req_004928,benign,4.9114227e-05,0.8518184704234677,full,full,full
req_004929,benign,0.00016367435,0.021824418266592226,full,full,full
req_004930,benign,6.055832e-05,0.053290035736005235,full,full,full
req_004931,exhaustion,0.9993366,0.8778781459222179,full,full,quarantine
req_004932,exhaustion,0.9993366,0.02802008802732784,full,full,quarantine
req_004933,benign,5.9127808e-05,0.03871435258433615,full,full,full
req_004934,benign,9.191036e-05,0.7152855121434902,full,full,full
req_004935,benign,5.6624413e-05,0.9210661379207201,full,full,full
req_004936,benign,0.00010514259,0.026180017527576115,full,full,full
req_004937,benign,5.7458878e-05,0.7537778809031168,full,full,full
req_004938,benign,6.842613e-05,0.8159844469251418,full,full,full
req_004939,benign,6.902218e-05,0.007533779461541344,full,full,full
req_004940,benign,5.6505203e-05,0.03227330447493759,full,full,full
req_004941,benign,0.00010740757,0.8013455512359551,full,full,full
req_004942,benign,7.4505806e-05,0.8521895453458266,full,full,full
req_004943,benign,6.16312e-05,0.050826037870875945,full,full,full
req_004944,benign,6.687641e-05,0.019050239452986534,full,full,full
req_004945,exhaustion,0.9993282,0.8771705379437897,full,full,quarantine
req_004946,benign,0.00013542175,0.8191888758651618,full,full,full
req_004947,benign,5.6147575e-05,0.8040191092365745,full,full,full
req_004948,benign,9.250641e-05,0.061322455617771346,full,full,full
req_004949,injection,0.99932915,0.03974105757998145,full,quarantine,quarantine
req_004950,benign,7.927418e-05,0.041602181736308703,full,full,full
req_004951,benign,0.00035119057,0.7910666466594998,full,full,full
req_004952,benign,7.688999e-05,0.848700912999471,full,full,full
req_004953,benign,0.0006952286,0.8013607967581108,full,full,full
req_004954,benign,5.7458878e-05,0.059853268814672164,full,full,full
req_004955,benign,4.9471855e-05,0.017629142421739342,full,full,full
req_004956,benign,7.6174736e-05,0.8300360673209037,full,full,full
req_004957,benign,4.9471855e-05,0.03482445188596955,full,full,full
req_004958,benign,6.210804e-05,0.05949514327922409,full,full,full
req_004959,benign,4.9471855e-05,0.04377795358526741,full,full,full
req_004960,benign,5.209446e-05,0.0,full,full,full
req_004961,benign,5.567074e-05,0.8382017683546874,full,full,full
req_004962,benign,5.6624413e-05,0.8630007042636152,full,full,full
req_004963,benign,0.000104665756,0.04653218326448677,full,full,full
req_004964,benign,6.6280365e-05,0.0,full,full,full
req_004965,benign,4.9114227e-05,0.7711674723979347,full,full,full
req_004966,benign,6.4730644e-05,0.8949414953548813,full,full,full
req_004967,benign,6.878376e-05,0.8180599548202963,full,full,full
req_004968,benign,7.426739e-05,0.0,full,full,full
req_004969,exhaustion,0.99931544,0.07631494329782594,full,full,quarantine
req_004970,injection,0.99953574,0.024643581164645028,full,quarantine,quarantine
req_004971,benign,7.033348e-05,0.06720740433991149,full,full,full
req_004972,benign,4.9114227e-05,0.895833199703674,full,full,full
req_004973,benign,0.00011396408,0.791014619375503,full,full,full
req_004974,benign,8.904934e-05,0.8459526004552197,full,full,full
req_004975,benign,4.9471855e-05,0.023131108453382114,full,full,full
req_004976,benign,8.249283e-05,0.027333148586541,full,full,full
req_004977,benign,6.055832e-05,0.04163471087249447,full,full,full
req_004978,benign,6.2942505e-05,0.030091921602569002,full,full,full
req_004979,benign,0.00012862682,0.056182934984182004,full,full,full
req_004980,benign,5.6624413e-05,0.03006787942106523,full,full,full
req_004981,benign,6.16312e-05,0.7880711878047746,full,full,full
req_004982,benign,5.4597855e-05,0.03957755414925174,full,full,full
req_004983,benign,4.9471855e-05,0.8231487761880928,full,full,full
req_004984,benign,4.9829483e-05,0.861368913950738,full,full,full
req_004985,benign,0.0001629591,0.7851441976484581,full,full,full
req_004986,benign,4.9114227e-05,0.018818467217289518,full,full,full
req_004987,benign,0.0004195571,0.862844227165391,full,full,full
req_004988,benign,4.9471855e-05,0.9141186259308628,full,full,full
req_004989,injection,0.9996947,0.029507397918524515,full,quarantine,quarantine
req_004990,benign,4.9471855e-05,0.007142779003468883,full,full,full
req_004991,benign,4.9352646e-05,0.7821513619216363,full,full,full
req_004992,benign,6.055832e-05,0.7812074389683075,full,full,full
req_004993,benign,4.9471855e-05,0.7760508832800758,full,full,full
req_004994,injection,0.99955577,0.0,full,quarantine,quarantine
req_004995,benign,7.712841e-05,0.795248991349259,full,full,full
req_004996,benign,5.6147575e-05,0.8393619124629167,full,full,full
req_004997,benign,7.510185e-05,0.03602504514211009,full,full,full
req_004998,exhaustion,0.9993282,0.8575981292323505,full,full,quarantine
req_004999,injection,0.99969393,0.03370968510484514,full,quarantine,quarantine
