request_id,true_type,risk_score,cache_hit_prob,tier_no_protection,tier_keyword_blocklist,tier_proposed_invention
req_000000,benign,4.9471855e-05,0.023780534192818132,full,full,full
req_000001,benign,6.6161156e-05,0.8238625779259626,full,full,full
req_000002,injection,0.99956596,0.033975928106304336,full,quarantine,quarantine
req_000003,benign,5.6743622e-05,0.7279266308680072,full,full,full
req_000004,benign,5.888939e-05,0.9399853691360451,full,full,full
req_000005,benign,4.9114227e-05,0.9072082936018614,full,full,full
req_000006,benign,7.3075294e-05,0.8337288581566088,full,full,full
req_000007,benign,0.00012457371,0.03949244325577242,full,full,full
req_000008,benign,0.00010955334,0.046901067636098887,full,full,full
req_000009,benign,5.6624413e-05,0.8223088581787974,full,full,full
req_000010,benign,5.6147575e-05,0.028134642277492353,full,full,full
req_000011,benign,0.000108003616,0.8344721726670423,full,full,full
req_000012,exhaustion,0.0015930533,0.034553977751988485,full,full,full
req_000013,benign,5.1379204e-05,0.8103926622320551,full,full,full
req_000014,benign,0.000156641,0.8727479035620428,full,full,full
req_000015,benign,6.496906e-05,0.027084215184434955,full,full,full
req_000016,benign,0.000108122826,0.0,full,full,full
req_000017,benign,6.03199e-05,0.8196407150064682,full,full,full
req_000018,benign,5.698204e-05,0.8563413923555935,full,full,full
req_000019,benign,7.045269e-05,0.8053862978285105,full,full,full
req_000020,benign,0.00015962124,0.012166703273399169,full,full,full
req_000021,benign,0.0001667738,0.021736018850013434,full,full,full
req_000022,benign,9.381771e-05,0.8665285504067662,full,full,full
req_000023,benign,4.9114227e-05,0.04007253095911723,full,full,full
req_000024,benign,5.018711e-05,0.007255166340630118,full,full,full
req_000025,benign,5.7816505e-05,0.8891590498072038,full,full,full
req_000026,benign,4.9233437e-05,0.9528351409171184,full,full,full
req_000027,benign,0.00010025501,0.01706600790717807,full,full,full
req_000028,benign,8.4757805e-05,0.01407130927049198,full,full,full
req_000029,benign,0.00013518333,0.774758429306784,full,full,full
req_000030,benign,6.914139e-05,0.8920729446726999,full,full,full
req_000031,benign,6.997585e-05,0.03879911406670076,full,full,full
req_000032,benign,6.1035156e-05,0.9039171220369648,full,full,full
req_000033,benign,5.507469e-05,0.03083353949999629,full,full,full
req_000034,benign,4.9114227e-05,0.860528590618764,full,full,full
req_000035,exhaustion,0.010100067,0.06186665461804508,full,full,full
req_000036,benign,9.763241e-05,0.027537482896778914,full,full,full
req_000037,benign,6.4611435e-05,0.8934230105605755,full,full,full
req_000038,benign,6.055832e-05,0.7935142019109622,full,full,full
req_000039,benign,6.520748e-05,0.014186862273303551,full,full,full
req_000040,benign,4.9114227e-05,0.05336117080255278,full,full,full
req_000041,benign,0.00031018257,0.9400710429224666,full,full,full
req_000042,benign,6.484985e-05,0.81177679421398,full,full,full
req_000043,benign,4.9233437e-05,0.7960469770431529,full,full,full
req_000044,benign,9.346008e-05,0.821835640074798,full,full,full
req_000045,benign,5.054474e-05,0.8984636100569081,full,full,full
req_000046,benign,5.4717064e-05,0.03427430562411917,full,full,full
req_000047,benign,6.365776e-05,0.9162173509618479,full,full,full
req_000048,benign,6.723404e-05,0.7563735241196987,full,full,full
req_000049,benign,5.6147575e-05,0.9064261570950238,full,full,full
req_000050,benign,4.9114227e-05,0.901743311996477,full,full,full
req_000051,benign,4.9114227e-05,0.7790667155099258,full,full,full
req_000052,benign,0.0001295805,0.038742638190608275,full,full,full
req_000053,benign,0.00010728836,0.05463182817214833,full,full,full
req_000054,benign,0.00014936924,0.8543959521154761,full,full,full
req_000055,benign,8.7976456e-05,0.899985071107589,full,full,full
req_000056,benign,5.6624413e-05,0.9687443456658572,full,full,full
req_000057,benign,6.043911e-05,0.8636966127296165,full,full,full
req_000058,benign,6.03199e-05,0.8359808843028531,full,full,full
req_000059,exhaustion,0.32132137,0.01664869307880605,full,full,full
req_000060,benign,4.9471855e-05,0.8824032300772242,full,full,full
req_000061,benign,0.00012362003,0.8401634966821138,full,full,full
req_000062,injection,0.9992375,0.03279360683159823,full,quarantine,quarantine
req_000063,injection,0.9997607,0.8447370110792484,full,quarantine,quarantine
req_000064,benign,5.6147575e-05,0.03206444633706576,full,full,full
req_000065,benign,5.6624413e-05,0.7966830193917543,full,full,full
req_000066,benign,4.9114227e-05,0.035532668654832934,full,full,full
req_000067,benign,5.6147575e-05,0.020677777682286853,full,full,full
req_000068,benign,5.9127808e-05,0.05003394649357071,full,full,full
req_000069,benign,5.8293343e-05,0.8536896679791632,full,full,full
req_000070,benign,4.9114227e-05,0.026016007666572055,full,full,full
req_000071,benign,6.03199e-05,0.84955218509448,full,full,full
req_000072,benign,0.00010716915,0.050549366719133015,full,full,full
req_000073,benign,0.00010550022,0.8738964649399827,full,full,full
req_000074,benign,5.3286552e-05,0.026935970632385,full,full,full
req_000075,benign,0.0029059649,0.05789275088405327,full,full,full
req_000076,injection,0.99928504,0.04172799212111128,full,quarantine,quarantine
req_000077,benign,5.698204e-05,0.01422140721094126,full,full,full
req_000078,benign,8.237362e-05,0.8677175297661762,full,full,full
req_000079,benign,4.9114227e-05,0.8708193267515089,full,full,full
req_000080,benign,6.92606e-05,0.02341954802732762,full,full,full
req_000081,benign,6.318092e-05,0.8155140218116954,full,full,full
req_000082,benign,0.00016725063,0.0,full,full,full
req_000083,benign,8.6307526e-05,0.020671039881645682,full,full,full
req_000084,benign,7.414818e-05,0.020119155811836497,full,full,full
req_000085,benign,4.9471855e-05,0.015508781327373641,full,full,full
req_000086,exhaustion,0.004168451,0.01693196691446786,full,full,full
req_000087,injection,0.9995158,0.031154851518448084,full,quarantine,quarantine
req_000088,injection,0.99925554,0.040144871483360975,full,quarantine,quarantine
req_000089,benign,5.185604e-05,0.8081957416928377,full,full,full
req_000090,exhaustion,0.004187286,0.04304460919909137,full,full,full
req_000091,benign,5.1259995e-05,0.8166190025669271,full,full,full
req_000092,benign,7.545948e-05,0.857670608136197,full,full,full
req_000093,benign,8.702278e-05,0.8081806737347905,full,full,full
req_000094,benign,0.00033652782,0.054344805308323314,full,full,full
req_000095,benign,0.00012493134,0.018815302976450538,full,full,full
req_000096,benign,4.9471855e-05,0.8282657526913286,full,full,full
req_000097,benign,6.258488e-05,0.037654348420270184,full,full,full
req_000098,benign,7.760525e-05,0.04143749224829723,full,full,full
req_000099,benign,5.054474e-05,0.808942002537457,full,full,full
req_000100,benign,5.888939e-05,0.04606360568088594,full,full,full
req_000101,benign,5.51939e-05,0.058127025462915115,full,full,full
req_000102,benign,5.6028366e-05,0.06220770256442117,full,full,full
req_000103,benign,0.00029486418,0.03419269763322068,full,full,full
req_000104,benign,5.6266785e-05,0.8823551364273052,full,full,full
req_000105,benign,5.6385994e-05,0.009508294319159064,full,full,full
req_000106,benign,5.7935715e-05,0.8659340817538921,full,full,full
req_000107,benign,5.6624413e-05,0.0361909569520459,full,full,full
req_000108,benign,4.9352646e-05,0.9435817318508034,full,full,full
req_000109,benign,0.00035464764,0.7976390953202959,full,full,full
req_000110,benign,5.6624413e-05,0.047972815269212196,full,full,full
req_000111,benign,5.4717064e-05,0.8022427615137657,full,full,full
req_000112,benign,7.6174736e-05,0.006766380054616109,full,full,full
req_000113,benign,6.842613e-05,0.0562412170662784,full,full,full
req_000114,benign,5.364418e-05,0.8949636853825303,full,full,full
req_000115,benign,8.249283e-05,0.8420876192364217,full,full,full
req_000116,benign,0.000119805336,0.8016159264137895,full,full,full
req_000117,benign,0.00014460087,0.933920951938108,full,full,full
req_000118,benign,5.865097e-05,0.06877183947687165,full,full,full
req_000119,exhaustion,0.00030612946,0.038696534393130214,full,full,full
req_000120,injection,0.9984015,0.05815515427305895,full,quarantine,quarantine
req_000121,benign,5.6624413e-05,0.00475642724596835,full,full,full
req_000122,benign,0.00015091896,0.06068871141586707,full,full,full
req_000123,benign,4.9829483e-05,0.8862388246770546,full,full,full
req_000124,injection,0.9995628,0.04949407807311412,full,quarantine,quarantine
req_000125,benign,0.000116467476,0.8166121810118633,full,full,full
req_000126,benign,6.03199e-05,0.042359412517723176,full,full,full
req_000127,benign,4.9471855e-05,0.8233967336110695,full,full,full
req_000128,benign,4.9471855e-05,0.026910394569745366,full,full,full
req_000129,benign,4.9114227e-05,0.03168121326559537,full,full,full
req_000130,benign,5.507469e-05,0.8453795967396803,full,full,full
req_000131,exhaustion,0.34551167,0.037926698017997966,full,full,full
req_000132,exhaustion,9.119511e-05,0.015066370376228832,full,full,full
req_000133,benign,4.9829483e-05,0.8095827061220334,full,full,full
req_000134,benign,5.185604e-05,0.006273142568454501,full,full,full
req_000135,benign,0.00011706352,0.8277771587147228,full,full,full
req_000136,benign,0.0026011467,0.9537593888157695,full,full,full
req_000137,benign,8.058548e-05,0.8475638227687148,full,full,full
req_000138,benign,6.151199e-05,0.0648846276573984,full,full,full
req_000139,benign,6.604195e-05,0.06497611046107808,full,full,full
req_000140,benign,0.00010573864,0.8094655267850277,full,full,full
req_000141,benign,4.9471855e-05,0.8600847650435318,full,full,full
req_000142,benign,0.00011754036,0.8307972774751936,full,full,full
req_000143,benign,5.352497e-05,0.8676644296285271,full,full,full
req_000144,benign,0.000105023384,0.029279229416351804,full,full,full
req_000145,benign,5.2571297e-05,0.007919020722286826,full,full,full
req_000146,benign,4.9471855e-05,0.028461442231756208,full,full,full
req_000147,benign,0.00010716915,0.002272418573099306,full,full,full
req_000148,benign,5.6624413e-05,0.8355766378966013,full,full,full
req_000149,benign,4.9471855e-05,0.904863251844298,full,full,full
req_000150,exhaustion,0.00031507015,0.04359310805704291,full,full,full
req_000151,benign,6.496906e-05,0.8714473122257446,full,full,full
req_000152,benign,0.00029426813,0.024418920237749865,full,full,full
req_000153,injection,0.99972105,0.06864626558230265,full,quarantine,quarantine
req_000154,benign,6.878376e-05,0.025423727035711677,full,full,full
req_000155,benign,4.9471855e-05,0.8341462516532688,full,full,full
req_000156,benign,4.9471855e-05,0.023403235412667003,full,full,full
req_000157,benign,0.00026267767,0.8873827714403103,full,full,full
req_000158,benign,5.6147575e-05,0.028950066492090826,full,full,full
req_000159,injection,0.99961126,0.02546006704372855,full,quarantine,quarantine
req_000160,benign,0.00028675795,0.05884483011645078,full,full,full
req_000161,benign,5.6028366e-05,0.8097676946745584,full,full,full
req_000162,benign,5.6385994e-05,0.023887395640964683,full,full,full
req_000163,benign,5.185604e-05,0.026037218541558042,full,full,full
req_000164,benign,0.0002591014,0.887604029461039,full,full,full
req_000165,benign,5.054474e-05,0.8380180903835487,full,full,full
req_000166,benign,4.9233437e-05,0.014390533628248877,full,full,full
req_000167,benign,5.6624413e-05,0.058913746472768994,full,full,full
req_000168,benign,0.00011527538,0.009922197292964452,full,full,full
req_000169,injection,0.999204,0.03440364103704861,full,quarantine,quarantine
req_000170,exhaustion,0.0023602247,0.07886047225583548,full,full,full
req_000171,benign,6.7949295e-05,0.02269095991628109,full,full,full
req_000172,benign,4.9471855e-05,0.8673088769278363,full,full,full
req_000173,benign,6.842613e-05,0.004294403517777944,full,full,full
req_000174,benign,5.6624413e-05,0.013406770618900579,full,full,full
req_000175,benign,9.191036e-05,0.8753943591103291,full,full,full
req_000176,benign,0.00016593933,0.0451652336875816,full,full,full
req_000177,benign,9.9658966e-05,0.03161276327510692,full,full,full
req_000178,benign,5.865097e-05,0.029311922924489,full,full,full
req_000179,benign,0.00017732382,0.9068157574128431,full,full,full
req_000180,benign,6.8068504e-05,0.06821133362870228,full,full,full
req_000181,benign,0.00030946732,0.7948204624968329,full,full,full
req_000182,exhaustion,0.00020629168,0.023521011380754853,full,full,full
req_000183,benign,0.00013720989,0.05019387478462323,full,full,full
req_000184,benign,5.8293343e-05,0.025369987099575775,full,full,full
req_000185,benign,0.00013744831,0.05033002042171722,full,full,full
req_000186,exhaustion,0.002287984,0.012758462034908078,full,full,full
req_000187,injection,0.9995064,0.05931382577846641,full,quarantine,quarantine
req_000188,benign,5.8293343e-05,0.04661074473042087,full,full,full
req_000189,benign,0.0001039505,0.7483860346743298,full,full,full
req_000190,benign,5.722046e-05,0.03904705416091129,full,full,full
req_000191,injection,0.9994427,0.0640794464689918,full,quarantine,quarantine
req_000192,benign,5.507469e-05,0.8410523744462035,full,full,full
req_000193,benign,4.9352646e-05,0.814489290434622,full,full,full
req_000194,benign,7.8201294e-05,0.8782916726686782,full,full,full
req_000195,benign,9.524822e-05,0.9479307363807734,full,full,full
req_000196,benign,6.3061714e-05,0.06030463245564539,full,full,full
req_000197,benign,5.6147575e-05,0.04108752756871881,full,full,full
req_000198,benign,5.888939e-05,0.03649473219431931,full,full,full
req_000199,benign,4.9114227e-05,0.04630373805019174,full,full,full
req_000200,benign,5.1498413e-05,0.021833139917590984,full,full,full
req_000201,benign,6.1273575e-05,0.8209022675419733,full,full,full
req_000202,benign,0.000121474266,0.8965299215544555,full,full,full
req_000203,benign,0.00048816204,0.8075262816088489,full,full,full
req_000204,exhaustion,0.026175022,0.03391733342408055,full,full,full
req_000205,benign,0.00019937754,0.050629280259278514,full,full,full
req_000206,benign,0.00012111664,0.014258743660533889,full,full,full
req_000207,benign,7.736683e-05,0.7513093485897608,full,full,full
req_000208,injection,0.9991625,0.048311287270199815,full,quarantine,quarantine
req_000209,benign,7.6532364e-05,0.9147105814205296,full,full,full
req_000210,benign,6.54459e-05,0.02210696525213339,full,full,full
req_000211,benign,5.567074e-05,0.010913915546988173,full,full,full
req_000212,benign,5.054474e-05,0.023199985144434603,full,full,full
req_000213,benign,0.0011803508,0.8868950084964005,full,full,full
req_000214,benign,6.210804e-05,0.8688663398347445,full,full,full
req_000215,benign,5.8293343e-05,0.8640172936821136,full,full,full
req_000216,benign,0.00010728836,0.8007638529321046,full,full,full
req_000217,benign,6.3061714e-05,0.9093926654178491,full,full,full
req_000218,benign,5.054474e-05,0.9181540206362695,full,full,full
req_000219,benign,4.9471855e-05,0.005424921774324833,full,full,full
req_000220,benign,0.00054460764,0.9650747566422477,full,full,full
req_000221,benign,0.00018852949,0.020825433930882813,full,full,full
req_000222,exhaustion,0.013995349,0.017766334445073084,full,full,full
req_000223,injection,0.99786997,0.03391953920670369,full,quarantine,quarantine
req_000224,benign,4.9471855e-05,0.0,full,full,full
req_000225,benign,7.069111e-05,0.8778755686699662,full,full,full
req_000226,benign,5.507469e-05,0.8202184087834936,full,full,full
req_000227,benign,6.508827e-05,0.7604723366507788,full,full,full
req_000228,benign,6.9499016e-05,0.012150461464241109,full,full,full
req_000229,benign,4.9471855e-05,0.02729507017531474,full,full,full
req_000230,exhaustion,0.0043085217,0.022854920489214954,full,full,full
req_000231,benign,7.939339e-05,0.9922822537254763,full,full,full
req_000232,benign,0.00010740757,0.956398609847489,full,full,full
req_000233,benign,5.4717064e-05,0.8976868365746551,full,full,full
req_000234,benign,4.9114227e-05,0.8272289488067093,full,full,full
req_000235,benign,0.00014293194,0.8824730636989215,full,full,full
req_000236,benign,4.9829483e-05,0.0263885179292213,full,full,full
req_000237,benign,5.6147575e-05,0.8553266350788763,full,full,full
req_000238,benign,4.9114227e-05,0.0,full,full,full
req_000239,injection,0.99952865,0.0373030602892087,full,quarantine,quarantine
req_000240,benign,0.00065249205,0.019153403583375486,full,full,full
req_000241,injection,0.999314,0.025047024986566052,full,quarantine,quarantine
req_000242,benign,4.9471855e-05,0.8544650186656704,full,full,full
req_000243,benign,0.000104665756,0.8579861832000075,full,full,full
req_000244,benign,0.00035500526,0.8921188027628294,full,full,full
req_000245,benign,4.9829483e-05,0.8076958115667316,full,full,full
req_000246,benign,0.000106453896,0.04314067623792084,full,full,full
req_000247,benign,6.878376e-05,0.7611817307540878,full,full,full
req_000248,benign,0.00015616417,0.011249310218344119,full,full,full
req_000249,benign,5.698204e-05,0.8880078104276242,full,full,full
req_000250,injection,0.99955916,0.06575289697652249,full,quarantine,quarantine
req_000251,benign,0.00010538101,0.8820564095175866,full,full,full
req_000252,benign,5.507469e-05,0.03323831640196856,full,full,full
req_000253,benign,6.532669e-05,0.8265439334064143,full,full,full
req_000254,benign,0.00010597706,0.8117031659309328,full,full,full
req_000255,benign,0.00013017654,0.7875811094882154,full,full,full
req_000256,benign,4.9114227e-05,0.0376725009006401,full,full,full
req_000257,benign,4.9114227e-05,0.89260703861339,full,full,full
req_000258,benign,7.510185e-05,0.029145994929497907,full,full,full
req_000259,benign,6.0081482e-05,0.8116991395905115,full,full,full
req_000260,benign,7.6532364e-05,0.02298825901253515,full,full,full
req_000261,benign,4.9114227e-05,0.7778973048615712,full,full,full
req_000262,benign,7.927418e-05,0.8717913582942218,full,full,full
req_000263,benign,7.402897e-05,0.06770712844156204,full,full,full
req_000264,benign,9.405613e-05,0.0784371333426183,full,full,full
req_000265,benign,5.4717064e-05,0.7987588687936018,full,full,full
req_000266,benign,5.6505203e-05,0.8260075855132585,full,full,full
req_000267,benign,0.00021094084,0.01782985507435702,full,full,full
req_000268,benign,4.9471855e-05,0.017733139168485904,full,full,full
req_000269,benign,8.2969666e-05,0.801692956113657,full,full,full
req_000270,exhaustion,0.00020962954,0.0,full,full,full
req_000271,benign,4.9352646e-05,0.8352555285148685,full,full,full
req_000272,benign,5.6624413e-05,0.8534491816070425,full,full,full
req_000273,benign,6.258488e-05,0.9263448054923197,full,full,full
req_000274,injection,0.99894255,0.02052429308495625,full,quarantine,quarantine
req_000275,benign,0.0004924536,0.8373550399156787,full,full,full
req_000276,benign,5.6147575e-05,0.8862959167368462,full,full,full
req_000277,benign,6.9499016e-05,0.8155551367729574,full,full,full
req_000278,injection,0.99930954,0.06552658572116737,full,quarantine,quarantine
req_000279,exhaustion,0.00026887655,0.0,full,full,full
req_000280,benign,7.43866e-05,0.7822080332664225,full,full,full
req_000281,benign,4.9114227e-05,0.025773046980181367,full,full,full
req_000282,injection,0.99971116,0.02922430067167394,full,quarantine,quarantine
req_000283,benign,5.9247017e-05,0.05555196022705404,full,full,full
req_000284,benign,0.00033652782,0.8125952522874433,full,full,full
req_000285,benign,6.604195e-05,0.8263088740190769,full,full,full
req_000286,benign,7.426739e-05,0.01754775371470923,full,full,full
req_000287,benign,6.9618225e-05,0.7966411253843689,full,full,full
req_000288,benign,9.9658966e-05,0.8025820905903579,full,full,full
req_000289,exhaustion,0.00036764145,0.03913477265937512,full,full,full
req_000290,benign,6.92606e-05,0.8650231588865257,full,full,full
req_000291,benign,8.08239e-05,0.9813086914309297,full,full,full
req_000292,benign,5.6624413e-05,0.04181491324797337,full,full,full
req_000293,benign,4.9114227e-05,0.9076615496920564,full,full,full
req_000294,benign,4.9471855e-05,0.027830733716986356,full,full,full
req_000295,injection,0.9996119,0.03577152554783461,full,quarantine,quarantine
req_000296,benign,0.000106453896,0.01591084919676922,full,full,full
req_000297,benign,5.6624413e-05,0.7544550111028774,full,full,full
req_000298,benign,4.9114227e-05,0.8116425887091396,full,full,full
req_000299,benign,0.00010418892,0.06501894061365843,full,full,full
req_000300,benign,5.6624413e-05,0.024289902388226516,full,full,full
req_000301,exhaustion,0.00020927191,0.019178893642050835,full,full,full
req_000302,benign,4.9471855e-05,0.87491404549216,full,full,full
req_000303,exhaustion,7.70092e-05,0.03102409450763351,full,full,full
req_000304,benign,7.426739e-05,0.9267146922657967,full,full,full
req_000305,benign,4.9114227e-05,0.0,full,full,full
req_000306,benign,0.000119805336,0.0,full,full,full
req_000307,benign,5.6147575e-05,0.0031440240761931755,full,full,full
req_000308,benign,5.38826e-05,0.028604634168959718,full,full,full
req_000309,benign,0.00013899803,0.028318043007849784,full,full,full
req_000310,benign,6.0796738e-05,0.8703177084514908,full,full,full
req_000311,benign,4.9471855e-05,0.8452467665419814,full,full,full
req_000312,benign,4.9114227e-05,0.8703450000211448,full,full,full
req_000313,benign,0.00034165382,0.8720311145184262,full,full,full
req_000314,injection,0.9994194,0.004556147201568925,full,quarantine,quarantine
req_000315,benign,5.888939e-05,0.7879217407128527,full,full,full
req_000316,injection,0.99966794,0.01929735608314089,full,quarantine,quarantine
req_000317,benign,4.9471855e-05,0.7630816743444248,full,full,full
req_000318,benign,4.9471855e-05,0.8730626510248415,full,full,full
req_000319,benign,0.00044876337,0.02049715095751857,full,full,full
req_000320,benign,4.9114227e-05,0.7650465351181726,full,full,full
req_000321,benign,5.6266785e-05,0.0,full,full,full
req_000322,benign,4.9114227e-05,0.04245482813453623,full,full,full
req_000323,benign,7.104874e-05,0.8007687161369251,full,full,full
req_000324,benign,0.00013744831,0.0,full,full,full
req_000325,benign,0.00020200014,0.795153155054081,full,full,full
req_000326,benign,6.389618e-05,0.024744434932104056,full,full,full
req_000327,benign,7.557869e-05,0.04905352972169201,full,full,full
req_000328,benign,7.867813e-05,0.8550280191745633,full,full,full
req_000329,benign,0.00010216236,0.020012549665397665,full,full,full
req_000330,benign,5.340576e-05,0.8285090315403842,full,full,full
req_000331,benign,0.00059497356,0.045729748761555715,full,full,full
req_000332,benign,5.38826e-05,0.06569752531330306,full,full,full
req_000333,benign,5.6028366e-05,0.01479729064169234,full,full,full
req_000334,benign,7.379055e-05,0.8457733671353288,full,full,full
req_000335,exhaustion,0.0004993677,0.861489459198198,full,full,full
req_000336,benign,4.9471855e-05,0.03420833956279977,full,full,full
req_000337,benign,5.9604645e-05,0.05744364914448492,full,full,full
req_000338,benign,0.00055092573,0.8864083494959408,full,full,full
req_000339,benign,7.212162e-05,0.024157066808253226,full,full,full
req_000340,benign,5.6147575e-05,0.0,full,full,full
req_000341,benign,8.058548e-05,0.01658342656865526,full,full,full
req_000342,benign,5.352497e-05,0.7979324881831332,full,full,full
req_000343,benign,4.9471855e-05,0.7691170378826946,full,full,full
req_000344,injection,0.9992933,0.054678168380801945,full,quarantine,quarantine
req_000345,benign,0.0006994009,0.8470490878101753,full,full,full
req_000346,benign,4.9829483e-05,0.900581088993122,full,full,full
req_000347,benign,0.0014647245,0.8728834459386042,full,full,full
req_000348,benign,0.00013267994,0.012691619433373498,full,full,full
req_000349,benign,7.7843666e-05,0.9133053681380565,full,full,full
req_000350,benign,6.0915947e-05,0.05653671923341441,full,full,full
req_000351,benign,5.6505203e-05,0.03656303126877492,full,full,full
req_000352,benign,5.352497e-05,0.9042685996336528,full,full,full
req_000353,benign,0.0005429387,0.04723779120068837,full,full,full
req_000354,exhaustion,0.00012028217,0.04321981969655142,full,full,full
req_000355,benign,7.1167946e-05,0.026365948789821556,full,full,full
req_000356,benign,6.747246e-05,0.04623904328707241,full,full,full
req_000357,benign,0.00010728836,0.02995885904121206,full,full,full
req_000358,benign,0.00082200766,0.8651070519871467,full,full,full
req_000359,benign,0.0001039505,0.05008916659857293,full,full,full
req_000360,injection,0.99936944,0.027396449114708225,full,quarantine,quarantine
req_000361,benign,5.698204e-05,0.8206310239280289,full,full,full
req_000362,benign,0.00011396408,0.03200193405624073,full,full,full
req_000363,benign,6.842613e-05,0.825268686859951,full,full,full
req_000364,benign,4.9471855e-05,0.8641901755959609,full,full,full
req_000365,benign,5.054474e-05,0.047729894962070404,full,full,full
req_000366,benign,4.9471855e-05,0.7845198408042674,full,full,full
req_000367,benign,6.2942505e-05,0.8962695437761955,full,full,full
req_000368,benign,6.2704086e-05,0.7504093715241247,full,full,full
req_000369,benign,4.9471855e-05,0.7419483324736424,full,full,full
req_000370,benign,4.9114227e-05,0.8440315661800953,full,full,full
req_000371,benign,5.6147575e-05,0.8503364690819553,full,full,full
req_000372,benign,6.842613e-05,0.07542396083084855,full,full,full
req_000373,benign,0.00010025501,0.049106741750965716,full,full,full
req_000374,benign,6.1392784e-05,0.01015828211505012,full,full,full
req_000375,benign,8.2850456e-05,0.031123181641987997,full,full,full
req_000376,benign,5.6147575e-05,0.026210930838157016,full,full,full
req_000377,exhaustion,0.23330033,0.03651098212859185,full,full,full
req_000378,benign,0.00013744831,0.03032993387011349,full,full,full
req_000379,benign,5.6028366e-05,0.8011287224835734,full,full,full
req_000380,benign,9.953976e-05,0.8406222683099952,full,full,full
req_000381,benign,6.0081482e-05,0.8277232339430756,full,full,full
req_000382,benign,7.927418e-05,0.885165218933079,full,full,full
req_000383,benign,6.2942505e-05,0.05402116039267681,full,full,full
req_000384,benign,6.1154366e-05,0.8082838771434993,full,full,full
req_000385,benign,0.000104665756,0.8787994084273479,full,full,full
req_000386,benign,5.507469e-05,0.008063948064087511,full,full,full
req_000387,benign,0.0004492402,0.8691351665264764,full,full,full
req_000388,benign,5.38826e-05,0.8651780146714219,full,full,full
req_000389,benign,5.018711e-05,0.8326928803206037,full,full,full
req_000390,benign,5.6624413e-05,0.007757753458844174,full,full,full
req_000391,benign,0.00012469292,0.04365671169689753,full,full,full
req_000392,benign,4.9471855e-05,0.9366596359680635,full,full,full
req_000393,benign,9.095669e-05,0.03507515566071941,full,full,full
req_000394,benign,6.365776e-05,0.8025661541111151,full,full,full
req_000395,benign,6.54459e-05,0.821502924958862,full,full,full
req_000396,benign,0.00010895729,0.04103235793432719,full,full,full
req_000397,benign,8.165836e-05,0.7874589553544817,full,full,full
req_000398,exhaustion,0.034097433,0.014258960429605356,full,full,full
req_000399,benign,6.9499016e-05,0.046336308771731574,full,full,full
req_000400,benign,6.258488e-05,0.7880677812095426,full,full,full
req_000401,benign,0.00033831596,0.9390660341445172,full,full,full
req_000402,benign,5.209446e-05,0.8622280363083049,full,full,full
req_000403,benign,4.9114227e-05,0.03644201811693889,full,full,full
req_000404,benign,5.018711e-05,0.04997189942532973,full,full,full
req_000405,benign,5.888939e-05,0.01531496328017954,full,full,full
req_000406,benign,6.92606e-05,0.8113672622921718,full,full,full
req_000407,benign,9.191036e-05,0.7528532853788685,full,full,full
req_000408,benign,0.00013792515,0.8518359952212267,full,full,full
req_000409,benign,4.9352646e-05,0.041754871413446054,full,full,full
req_000410,injection,0.99958414,0.04962256615778403,full,quarantine,quarantine
req_000411,benign,5.7816505e-05,0.02667349921543903,full,full,full
req_000412,benign,4.9114227e-05,0.05422977830280298,full,full,full
req_000413,exhaustion,0.00014996529,0.011824258682616905,full,full,full
req_000414,benign,6.4611435e-05,0.05048067411486999,full,full,full
req_000415,benign,0.0003540516,0.8359670918855527,full,full,full
req_000416,benign,0.00011956692,0.020650579968763023,full,full,full
req_000417,benign,5.1498413e-05,0.8319972509755439,full,full,full
req_000418,benign,0.001337409,0.021253441749556526,full,full,full
req_000419,benign,5.352497e-05,0.0080561021479367,full,full,full
req_000420,injection,0.9976622,0.8618596140379997,full,quarantine,quarantine
req_000421,benign,0.00011122227,0.008154340523670076,full,full,full
req_000422,benign,5.6147575e-05,0.8146184847976609,full,full,full
req_000423,benign,6.92606e-05,0.8279830397194199,full,full,full
req_000424,benign,0.00011956692,0.779979329807813,full,full,full
req_000425,injection,0.99944323,0.07891009362582967,full,quarantine,quarantine
req_000426,injection,0.9991504,0.043569131007328954,full,quarantine,quarantine
req_000427,benign,4.9114227e-05,0.034053718779938985,full,full,full
req_000428,benign,6.484985e-05,0.8050811598831662,full,full,full
req_000429,benign,6.4611435e-05,1.0,full,full,full
req_000430,benign,4.9471855e-05,0.8214827725119727,full,full,full
req_000431,benign,0.00011110306,0.8563665002044303,full,full,full
req_000432,benign,5.9604645e-05,0.8384709959431694,full,full,full
req_000433,benign,0.0003619194,0.8300110107674655,full,full,full
req_000434,benign,4.9471855e-05,0.9150534461483953,full,full,full
req_000435,benign,0.00015747547,0.013677271945127318,full,full,full
req_000436,benign,5.7935715e-05,0.9167194407432744,full,full,full
req_000437,benign,5.018711e-05,0.9070908141222618,full,full,full
req_000438,benign,8.2850456e-05,0.7977167418699217,full,full,full
req_000439,benign,5.6028366e-05,0.9017746746987448,full,full,full
req_000440,benign,6.401539e-05,0.8174810957399028,full,full,full
req_000441,benign,5.00679e-05,0.9868229362931225,full,full,full
req_000442,benign,0.00063973665,0.8307084816356082,full,full,full
req_000443,benign,0.00061142445,0.0016916033165202994,full,full,full
req_000444,benign,4.9352646e-05,0.7544461864689059,full,full,full
req_000445,injection,0.99939257,0.029668416442876638,full,quarantine,quarantine
req_000446,benign,4.9471855e-05,0.8209675543942221,full,full,full
req_000447,benign,6.0796738e-05,0.0,full,full,full
req_000448,benign,5.6624413e-05,0.043715129639358884,full,full,full
req_000449,benign,0.0005135536,0.0414025268595478,full,full,full
req_000450,benign,6.9499016e-05,0.839672612810046,full,full,full
req_000451,benign,0.0011637807,0.022309786535533255,full,full,full
req_000452,benign,0.0001206398,0.764835255559566,full,full,full
req_000453,benign,0.00012862682,0.8224179500755444,full,full,full
req_000454,benign,0.00043016672,0.04378315018758068,full,full,full
req_000455,injection,0.9995801,0.047627546880785146,full,quarantine,quarantine
req_000456,benign,0.00011897087,0.786693167173979,full,full,full
req_000457,benign,7.081032e-05,0.039448293785585724,full,full,full
req_000458,benign,0.00010550022,0.04483320791059649,full,full,full
req_000459,benign,6.1154366e-05,0.058736790050623496,full,full,full
req_000460,benign,5.7578087e-05,0.8231007443746783,full,full,full
req_000461,benign,4.9471855e-05,0.03730695863260056,full,full,full
req_000462,benign,0.00011062622,0.8640384746299218,full,full,full
req_000463,benign,4.9471855e-05,0.8388335577910253,full,full,full
req_000464,benign,6.03199e-05,0.8692142921630539,full,full,full
req_000465,benign,0.00018924475,0.013096301137307427,full,full,full
req_000466,benign,0.00020760298,0.010740166935483266,full,full,full
req_000467,benign,6.258488e-05,0.8733462474126291,full,full,full
req_000468,benign,4.9471855e-05,0.8293847862442111,full,full,full
req_000469,injection,0.9972343,0.025766839480066202,full,quarantine,quarantine
req_000470,benign,6.878376e-05,0.9260032180121254,full,full,full
req_000471,exhaustion,0.0021755695,0.028537128689822257,full,full,full
req_000472,benign,0.0001039505,0.036745258931223684,full,full,full
req_000473,benign,7.9751015e-05,0.817329546473341,full,full,full
req_000474,benign,7.367134e-05,0.8926421507589749,full,full,full
req_000475,benign,8.893013e-05,0.015260487653819961,full,full,full
req_000476,benign,5.054474e-05,0.8626834026610569,full,full,full
req_000477,benign,7.605553e-05,0.8916695606072783,full,full,full
req_000478,injection,0.9992572,0.0203588012765038,full,quarantine,quarantine
req_000479,benign,5.6743622e-05,0.8449954767569163,full,full,full
req_000480,benign,0.00036036968,0.03207209580254907,full,full,full
req_000481,benign,0.00015068054,0.8556740051763548,full,full,full
req_000482,benign,6.9499016e-05,0.031867947590224,full,full,full
req_000483,benign,8.9883804e-05,0.9012781584848575,full,full,full
req_000484,injection,0.9992933,0.022834551377854763,full,quarantine,quarantine
req_000485,benign,4.9471855e-05,0.016214796777779768,full,full,full
req_000486,benign,9.62019e-05,0.8326313526285881,full,full,full
req_000487,benign,6.9618225e-05,0.7935158208809899,full,full,full
req_000488,benign,5.6624413e-05,0.009838830457426357,full,full,full
req_000489,benign,4.9471855e-05,0.8235725606416086,full,full,full
req_000490,exhaustion,0.00018566847,0.02904738637050861,full,full,full
req_000491,benign,4.9114227e-05,0.8318194910646182,full,full,full
req_000492,benign,9.250641e-05,0.0549081399156459,full,full,full
req_000493,benign,6.878376e-05,0.029459956823318877,full,full,full
req_000494,benign,6.3061714e-05,0.8098374651347171,full,full,full
req_000495,benign,0.00013744831,0.8117085698054132,full,full,full
req_000496,exhaustion,0.00058317184,0.07333816974017178,full,full,full
req_000497,benign,6.389618e-05,0.036792285454222515,full,full,full
req_000498,benign,9.191036e-05,0.0012713043834954342,full,full,full
req_000499,benign,4.9471855e-05,0.023272527766885383,full,full,full
req_000500,benign,4.9471855e-05,0.04277158556110704,full,full,full
req_000501,benign,0.00026923418,0.8317919500299992,full,full,full
req_000502,benign,5.6147575e-05,0.8067727742382262,full,full,full
req_000503,injection,0.9975127,0.014215737364817477,full,quarantine,quarantine
req_000504,benign,4.9233437e-05,0.02189482810932914,full,full,full
req_000505,benign,0.000567019,0.07195742388695082,full,full,full
req_000506,benign,5.888939e-05,0.8856332481748718,full,full,full
req_000507,benign,9.191036e-05,0.06460181061252199,full,full,full
req_000508,benign,7.545948e-05,0.8274889491810157,full,full,full
req_000509,benign,0.0004979372,0.03279225760169883,full,full,full
req_000510,benign,7.927418e-05,0.8274881191967315,full,full,full
req_000511,benign,5.686283e-05,0.8194791245488391,full,full,full
req_000512,benign,0.00041133165,0.05980050355885057,full,full,full
req_000513,benign,5.8293343e-05,0.8937478125755497,full,full,full
req_000514,benign,0.00023251772,0.04656127970262294,full,full,full
req_000515,benign,5.6147575e-05,0.8223928796717729,full,full,full
req_000516,injection,0.99944097,0.009508746684456976,full,quarantine,quarantine
req_000517,benign,0.00013005733,0.01860221467278006,full,full,full
req_000518,benign,6.365776e-05,0.8870902806022151,full,full,full
req_000519,benign,0.000119805336,0.8433597762830692,full,full,full
req_000520,benign,6.03199e-05,0.05249393774260799,full,full,full
req_000521,benign,5.6624413e-05,0.012809586247430671,full,full,full
req_000522,benign,7.331371e-05,0.8645906835896486,full,full,full
req_000523,benign,6.389618e-05,0.019609758432639384,full,full,full
req_000524,benign,4.9114227e-05,0.7795799657033454,full,full,full
req_000525,benign,0.00013828278,0.9080775180240592,full,full,full
req_000526,benign,7.712841e-05,0.8887978184071733,full,full,full
req_000527,benign,5.6624413e-05,0.05609125361005751,full,full,full
req_000528,benign,5.018711e-05,0.0349480236665025,full,full,full
req_000529,benign,0.000108003616,0.04276052630604703,full,full,full
req_000530,benign,0.00019437075,0.8580339480277399,full,full,full
req_000531,benign,5.209446e-05,0.020560390620885306,full,full,full
req_000532,benign,5.877018e-05,0.020390470515367666,full,full,full
req_000533,benign,6.2823296e-05,0.03871343004209209,full,full,full
req_000534,injection,0.9973647,0.03366900751516599,full,quarantine,quarantine
req_000535,benign,4.9471855e-05,0.9130386686360992,full,full,full
req_000536,benign,0.00015890598,0.030940170450186846,full,full,full
req_000537,benign,5.042553e-05,0.8396049591668591,full,full,full
req_000538,benign,5.865097e-05,0.867098106782047,full,full,full
req_000539,benign,0.00022858381,0.8868332305931966,full,full,full
req_000540,exhaustion,0.00024431944,0.021124372639863175,full,full,full
req_000541,benign,5.0902367e-05,0.8418040619950489,full,full,full
req_000542,benign,7.545948e-05,0.04563334253107231,full,full,full
req_000543,benign,6.2942505e-05,0.03442978674516701,full,full,full
req_000544,benign,5.352497e-05,0.053727453181640905,full,full,full
req_000545,benign,0.00014162064,0.019639347538653262,full,full,full
req_000546,benign,6.92606e-05,0.7484910329380052,full,full,full
req_000547,benign,6.878376e-05,0.06968670476169758,full,full,full
req_000548,benign,5.054474e-05,0.7986554329567058,full,full,full
req_000549,benign,5.6385994e-05,0.822208015571097,full,full,full
req_000550,benign,0.0003080368,0.015546097199712635,full,full,full
req_000551,benign,0.00013196468,0.8656917560318225,full,full,full
req_000552,benign,0.00039738417,0.9444585904489359,full,full,full
req_000553,benign,4.9471855e-05,0.8602198181704184,full,full,full
req_000554,exhaustion,0.0005978346,0.021320172375184514,full,full,full
req_000555,benign,7.83205e-05,0.040494067198427276,full,full,full
req_000556,benign,0.00014007092,0.010916882822363791,full,full,full
req_000557,benign,0.0005392432,0.869969273944716,full,full,full
req_000558,benign,5.6147575e-05,0.8157236111256781,full,full,full
req_000559,benign,5.054474e-05,0.05518214797072359,full,full,full
req_000560,benign,4.9114227e-05,0.824436811484117,full,full,full
req_000561,benign,7.402897e-05,0.06063753280135285,full,full,full
req_000562,benign,4.9471855e-05,0.05312053971789976,full,full,full
req_000563,benign,4.9114227e-05,0.0,full,full,full
req_000564,benign,0.0007457137,0.01752929611522945,full,full,full
req_000565,benign,6.03199e-05,0.9100244376946149,full,full,full
req_000566,benign,4.9829483e-05,0.02944464958179821,full,full,full
req_000567,benign,6.830692e-05,0.8314128822541352,full,full,full
req_000568,benign,6.258488e-05,0.058655166349976084,full,full,full
req_000569,benign,7.8201294e-05,0.8769701258496535,full,full,full
req_000570,benign,0.00025969744,0.9299762639613617,full,full,full
req_000571,benign,7.212162e-05,0.004440862121052852,full,full,full
req_000572,benign,0.000111460686,0.8490274856882056,full,full,full
req_000573,injection,0.9997119,0.042603600442096476,full,quarantine,quarantine
req_000574,benign,0.00013327599,0.009485891781396937,full,full,full
req_000575,benign,0.00013673306,0.8262310794642971,full,full,full
req_000576,benign,4.9114227e-05,0.8579069940236548,full,full,full
req_000577,benign,5.6624413e-05,0.05739255131231223,full,full,full
req_000578,benign,5.6147575e-05,0.8317936263690426,full,full,full
req_000579,benign,0.00017935038,0.8058124220133586,full,full,full
req_000580,benign,7.867813e-05,0.02756749927534303,full,full,full
req_000581,benign,0.0003540516,0.0322200918716156,full,full,full
req_000582,benign,0.0001039505,0.8416975067580492,full,full,full
req_000583,benign,6.1035156e-05,0.016125839487327383,full,full,full
req_000584,injection,0.99968773,0.023738844675684954,full,quarantine,quarantine
req_000585,benign,5.018711e-05,0.005280741457205196,full,full,full
req_000586,benign,0.00042134523,0.0,full,full,full
req_000587,benign,4.9471855e-05,0.7855418486258979,full,full,full
req_000588,benign,5.6266785e-05,0.9117425882936632,full,full,full
req_000589,benign,6.0796738e-05,0.011141453146155715,full,full,full
req_000590,injection,0.99928993,0.055048733649903155,full,quarantine,quarantine
req_000591,benign,9.4652176e-05,0.025467216289554995,full,full,full
req_000592,benign,9.250641e-05,0.7736947545760242,full,full,full
req_000593,injection,0.9991745,0.04250076288170608,full,quarantine,quarantine
req_000594,benign,5.6147575e-05,0.8365057739793305,full,full,full
req_000595,benign,5.6028366e-05,0.03389080631034267,full,full,full
req_000596,benign,6.3061714e-05,0.7976724253368147,full,full,full
req_000597,benign,7.379055e-05,0.8082937853582749,full,full,full
req_000598,benign,6.1154366e-05,0.9303797376915386,full,full,full
req_000599,benign,6.1035156e-05,0.7553276043714034,full,full,full
req_000600,exhaustion,0.0021950603,0.043184819971193854,full,full,full
req_000601,benign,4.9471855e-05,0.8743906958645208,full,full,full
req_000602,injection,0.9991636,0.022503016280447215,full,quarantine,quarantine
req_000603,benign,0.00012862682,0.8594312485212671,full,full,full
req_000604,benign,0.00010693073,0.9810870823570246,full,full,full
req_000605,benign,4.9471855e-05,0.7936578399725127,full,full,full
req_000606,benign,4.9114227e-05,0.834302990189305,full,full,full
req_000607,benign,5.6624413e-05,0.04304681684522439,full,full,full
req_000608,benign,6.246567e-05,0.8155159452573179,full,full,full
req_000609,benign,0.00017106533,0.7829058557620656,full,full,full
req_000610,benign,9.250641e-05,0.01658333852563839,full,full,full
req_000611,benign,4.9471855e-05,0.8610047536970992,full,full,full
req_000612,exhaustion,0.016778171,0.02241375316263912,full,full,full
req_000613,benign,5.567074e-05,0.04065445386077725,full,full,full
req_000614,benign,0.00020200014,0.8702700348496758,full,full,full
req_000615,benign,0.000119805336,0.0316829247855391,full,full,full
req_000616,benign,0.000106573105,0.7779836439641019,full,full,full
req_000617,benign,4.9114227e-05,0.8454286566163304,full,full,full
req_000618,benign,0.00029474497,0.8630440866983908,full,full,full
req_000619,benign,8.8095665e-05,0.8696285925278622,full,full,full
req_000620,benign,4.9829483e-05,0.040752155386324415,full,full,full
req_000621,benign,5.6624413e-05,0.7588492889201623,full,full,full
req_000622,benign,5.185604e-05,0.9423491405923623,full,full,full
req_000623,benign,6.353855e-05,0.8605566804304943,full,full,full
req_000624,benign,5.6147575e-05,0.9402994861109586,full,full,full
req_000625,benign,6.92606e-05,0.031344998926099,full,full,full
req_000626,benign,0.00014781952,0.02682828876068096,full,full,full
req_000627,benign,9.560585e-05,0.038138163012055776,full,full,full
req_000628,benign,0.0005621314,0.022504926100136394,full,full,full
req_000629,benign,4.9114227e-05,0.04326800022304565,full,full,full
req_000630,benign,6.389618e-05,0.037240808495559684,full,full,full
req_000631,benign,4.9471855e-05,0.7983356805338367,full,full,full
req_000632,benign,0.00016129017,0.9343892284054998,full,full,full
req_000633,benign,0.000113129616,0.020957533752693082,full,full,full
req_000634,benign,6.3061714e-05,0.7800207610288111,full,full,full
req_000635,benign,0.0004924536,0.0,full,full,full
req_000636,exhaustion,0.0023530126,0.7921370579437342,full,full,full
req_000637,exhaustion,0.0005655885,0.0230764915733347,full,full,full
req_000638,benign,6.580353e-05,0.02497699850261676,full,full,full
req_000639,benign,4.9471855e-05,0.7971287891661369,full,full,full
req_000640,benign,0.000108122826,0.8800883079485263,full,full,full
req_000641,exhaustion,0.011986256,0.04931856593189965,full,full,full
req_000642,benign,5.6624413e-05,0.0,full,full,full
req_000643,benign,7.045269e-05,0.05837029827952956,full,full,full
req_000644,benign,0.0003079176,0.8319023612490384,full,full,full
req_000645,benign,4.9114227e-05,0.04531420162059313,full,full,full
req_000646,benign,0.0016449094,0.0028548695608988546,full,full,full
req_000647,benign,0.00011897087,0.8945724770639514,full,full,full
req_000648,benign,0.00013577938,0.8498603469291485,full,full,full
req_000649,benign,6.4730644e-05,0.02313010243565289,full,full,full
req_000650,benign,4.9114227e-05,0.8486554603377798,full,full,full
req_000651,benign,0.00013196468,0.8655607310742086,full,full,full
req_000652,benign,5.6147575e-05,0.8814371506428722,full,full,full
req_000653,benign,6.4730644e-05,0.03145126899150331,full,full,full
req_000654,benign,8.547306e-05,0.8258733081936273,full,full,full
req_000655,benign,5.6624413e-05,0.029127008803000107,full,full,full
req_000656,exhaustion,0.0003451109,0.042550181398522055,full,full,full
req_000657,benign,0.0001077652,0.8568062725031581,full,full,full
req_000658,benign,5.888939e-05,0.8768074557725852,full,full,full
req_000659,benign,4.9471855e-05,0.035781599152327245,full,full,full
req_000660,benign,7.236004e-05,0.028690517666618686,full,full,full
req_000661,benign,0.00014019012,0.041595008796273994,full,full,full
req_000662,benign,6.377697e-05,0.06621141651448925,full,full,full
req_000663,benign,8.237362e-05,0.0,full,full,full
req_000664,benign,0.00013363361,0.7940039251839552,full,full,full
req_000665,benign,7.212162e-05,0.8079486613996083,full,full,full
req_000666,benign,0.000104784966,0.027232768645889152,full,full,full
req_000667,benign,5.185604e-05,0.9255648852764645,full,full,full
req_000668,benign,0.00010955334,0.8564088159661281,full,full,full
req_000669,benign,5.2928925e-05,0.9078924449906979,full,full,full
req_000670,benign,9.191036e-05,0.7756509351005558,full,full,full
req_000671,benign,4.9114227e-05,0.8500655977561861,full,full,full
req_000672,benign,4.9471855e-05,0.8870404591344686,full,full,full
req_000673,benign,5.6266785e-05,0.7570016324306001,full,full,full
req_000674,benign,6.9737434e-05,0.05651309990276637,full,full,full
req_000675,benign,4.9471855e-05,0.011164113403701603,full,full,full
req_000676,benign,6.41346e-05,0.9065814941893795,full,full,full
req_000677,benign,0.00016510487,0.8203346261724226,full,full,full
req_000678,benign,0.000109791756,0.035582378032116904,full,full,full
req_000679,benign,0.00010538101,0.930035627710363,full,full,full
req_000680,benign,6.1392784e-05,0.02093051245498423,full,full,full
req_000681,benign,9.870529e-05,0.7833317973291608,full,full,full
req_000682,benign,4.9471855e-05,0.0,full,full,full
req_000683,benign,5.6147575e-05,0.03629434548161735,full,full,full
req_000684,benign,0.00013923645,0.9150524138068683,full,full,full
req_000685,benign,6.902218e-05,0.8580057779969399,full,full,full
req_000686,benign,5.6624413e-05,0.8098952704668987,full,full,full
req_000687,benign,6.914139e-05,0.011166156817338135,full,full,full
req_000688,benign,7.069111e-05,0.041024896221166944,full,full,full
req_000689,benign,9.739399e-05,0.048952274590841505,full,full,full
req_000690,benign,6.842613e-05,0.8838115771499748,full,full,full
req_000691,benign,5.7578087e-05,0.8892161043582033,full,full,full
req_000692,benign,6.0796738e-05,0.029200283838168282,full,full,full
req_000693,benign,6.0796738e-05,0.01352086381418029,full,full,full
req_000694,benign,6.41346e-05,0.846604893524399,full,full,full
req_000695,benign,4.9471855e-05,0.7790409012120447,full,full,full
req_000696,benign,5.209446e-05,0.0060180376507968925,full,full,full
req_000697,injection,0.9996807,0.020202477299352595,full,quarantine,quarantine
req_000698,benign,4.9233437e-05,0.04427948962928655,full,full,full
req_000699,benign,5.3286552e-05,0.04758026000209844,full,full,full
req_000700,benign,5.018711e-05,0.8187648557706658,full,full,full
req_000701,benign,4.9471855e-05,0.010199519364067856,full,full,full
req_000702,benign,5.6266785e-05,0.030935434489546977,full,full,full
req_000703,benign,9.381771e-05,0.7399819191831262,full,full,full
req_000704,benign,6.2942505e-05,0.043493548406043275,full,full,full
req_000705,benign,0.00080400705,0.05355587065550508,full,full,full
req_000706,benign,0.00010049343,0.7196878066671993,full,full,full
req_000707,benign,5.567074e-05,0.02193555900475305,full,full,full
req_000708,benign,5.507469e-05,0.03687297292347173,full,full,full
req_000709,benign,5.6266785e-05,0.8312132701710623,full,full,full
req_000710,benign,7.83205e-05,0.8174211023831317,full,full,full
req_000711,benign,0.0017486215,0.0,full,full,full
req_000712,benign,5.6147575e-05,0.036205389871620336,full,full,full
req_000713,injection,0.99919945,0.03381668175615709,full,quarantine,quarantine
req_000714,benign,4.9471855e-05,0.884655443778644,full,full,full
req_000715,benign,8.201599e-05,0.8443785848112053,full,full,full
req_000716,benign,4.9471855e-05,0.8570079619918641,full,full,full
req_000717,benign,0.00010752678,0.03329283050661699,full,full,full
req_000718,benign,7.200241e-05,0.8517271401045708,full,full,full
req_000719,benign,4.9471855e-05,0.8143164752891375,full,full,full
req_000720,benign,7.2956085e-05,0.8686513119836792,full,full,full
req_000721,exhaustion,0.00032663345,0.03459941983318737,full,full,full
req_000722,benign,0.00012362003,0.8655521379730458,full,full,full
req_000723,benign,5.38826e-05,0.025321359799327283,full,full,full
req_000724,benign,7.1287155e-05,0.9845122637570997,full,full,full
req_000725,benign,4.9471855e-05,0.7446719406383352,full,full,full
req_000726,benign,5.6147575e-05,0.049374524348940865,full,full,full
req_000727,benign,5.6147575e-05,0.8215659729680174,full,full,full
req_000728,benign,0.0006687641,0.8271652259586516,full,full,full
req_000729,exhaustion,0.022985518,0.02208978139582605,full,full,full
req_000730,benign,6.7949295e-05,0.8526267620340496,full,full,full
req_000731,benign,4.9829483e-05,0.8370863645178892,full,full,full
req_000732,benign,0.00012362003,0.8183614655106727,full,full,full
req_000733,benign,0.00013387203,0.8372838687182252,full,full,full
req_000734,benign,4.9114227e-05,0.8203628118810684,full,full,full
req_000735,injection,0.9995486,0.0,full,quarantine,quarantine
req_000736,benign,6.7949295e-05,0.9038704483270467,full,full,full
req_000737,benign,0.0019654632,0.8348263667502756,full,full,full
req_000738,benign,5.865097e-05,0.04970296332382303,full,full,full
req_000739,benign,5.6624413e-05,0.0235641760025286,full,full,full
req_000740,benign,0.0010659099,0.016917425322243905,full,full,full
req_000741,benign,0.00035965443,0.7413001243220672,full,full,full
req_000742,benign,5.698204e-05,0.0,full,full,full
req_000743,benign,0.00063687563,0.7661645426168806,full,full,full
req_000744,benign,5.6624413e-05,0.036369059051617116,full,full,full
req_000745,benign,0.00013697147,0.8560078123185331,full,full,full
req_000746,benign,5.8293343e-05,0.01988767123184155,full,full,full
req_000747,benign,4.9829483e-05,0.06313630065511944,full,full,full
req_000748,benign,7.092953e-05,0.8582874037263789,full,full,full
req_000749,exhaustion,0.25893182,0.021175061246169528,full,full,full
req_000750,benign,0.0015721321,0.0021103978591061716,full,full,full
req_000751,benign,0.00015091896,0.028840557885502955,full,full,full
req_000752,exhaustion,0.0029064417,0.03293382577577488,full,full,full
req_000753,benign,9.23872e-05,0.032928121036716794,full,full,full
req_000754,benign,6.92606e-05,0.817757774104358,full,full,full
req_000755,benign,6.711483e-05,0.9014686048824139,full,full,full
req_000756,benign,5.6624413e-05,0.8312379962995845,full,full,full
req_000757,benign,0.00010895729,0.00504883575066576,full,full,full
req_000758,benign,5.6028366e-05,0.836051567149987,full,full,full
req_000759,benign,7.56979e-05,0.048944651110953724,full,full,full
req_000760,benign,6.7949295e-05,0.022154231264326526,full,full,full
req_000761,benign,7.593632e-05,0.8996400709787542,full,full,full
req_000762,benign,9.524822e-05,0.05116761153119709,full,full,full
req_000763,benign,4.9471855e-05,0.0,full,full,full
req_000764,benign,9.047985e-05,0.06991995369440919,full,full,full
req_000765,injection,0.999226,0.0447826044395947,full,quarantine,quarantine
req_000766,injection,0.99944323,0.043707722237020186,full,quarantine,quarantine
req_000767,benign,4.9471855e-05,0.05062372141361132,full,full,full
req_000768,benign,0.00013327599,0.9579598048122365,full,full,full
req_000769,benign,7.760525e-05,0.848489296994673,full,full,full
req_000770,benign,6.9856644e-05,0.8423695033581979,full,full,full
req_000771,benign,9.393692e-05,0.030439281632019734,full,full,full
req_000772,benign,4.9471855e-05,0.9032216712127071,full,full,full
req_000773,benign,9.059906e-05,0.838229492664787,full,full,full
req_000774,benign,5.1498413e-05,0.8736601049087641,full,full,full
req_000775,benign,0.00012648106,0.03408414111651393,full,full,full
req_000776,benign,7.18832e-05,0.026070763573908355,full,full,full
req_000777,benign,6.92606e-05,0.911653657257146,full,full,full
req_000778,benign,5.6147575e-05,0.014310529334781531,full,full,full
req_000779,benign,6.2942505e-05,0.026355098926701667,full,full,full
req_000780,benign,5.6147575e-05,0.013379604439611135,full,full,full
req_000781,benign,5.018711e-05,0.8884877619652858,full,full,full
req_000782,benign,4.9114227e-05,0.8956415754749064,full,full,full
req_000783,benign,4.9471855e-05,0.04780249463569464,full,full,full
req_000784,benign,0.00010418892,0.742927058697994,full,full,full
req_000785,exhaustion,0.0014946461,0.016449823487323642,full,full,full
req_000786,benign,5.6624413e-05,0.8199344178539183,full,full,full
req_000787,benign,4.9352646e-05,0.8957410241433015,full,full,full
req_000788,benign,0.0001424551,0.7936097361287731,full,full,full
req_000789,exhaustion,0.7494304,0.023237912960828118,full,full,sandbox
req_000790,benign,0.00010895729,0.8318593979231861,full,full,full
req_000791,benign,5.7578087e-05,0.04848204900289134,full,full,full
req_000792,benign,4.9471855e-05,0.7779473608463654,full,full,full
req_000793,benign,4.9471855e-05,0.020071427962641115,full,full,full
req_000794,benign,5.6147575e-05,0.06454336551817286,full,full,full
req_000795,benign,4.9471855e-05,0.7437236058362029,full,full,full
req_000796,benign,5.7578087e-05,0.8665988966237544,full,full,full
req_000797,benign,4.9471855e-05,0.03344386765141531,full,full,full
req_000798,benign,5.9127808e-05,0.021335621748009334,full,full,full
req_000799,injection,0.99924874,0.029729914432509823,full,quarantine,quarantine
req_000800,benign,0.00012362003,0.030122109065431012,full,full,full
req_000801,benign,5.9127808e-05,0.8583892377210189,full,full,full
req_000802,benign,5.1498413e-05,0.8681911037750781,full,full,full
req_000803,benign,5.6028366e-05,0.9244480792411405,full,full,full
req_000804,benign,0.00011253357,0.8493607381997677,full,full,full
req_000805,benign,0.00021642447,0.8550276751210939,full,full,full
req_000806,benign,5.888939e-05,0.821134460408515,full,full,full
req_000807,exhaustion,0.04271722,0.040159895006324005,full,full,full
req_000808,benign,4.9471855e-05,0.9024801231938737,full,full,full
req_000809,benign,6.830692e-05,0.0,full,full,full
req_000810,benign,9.191036e-05,0.06535052795357027,full,full,full
req_000811,benign,6.878376e-05,0.823241153145556,full,full,full
req_000812,benign,6.258488e-05,0.030081177419353906,full,full,full
req_000813,benign,5.054474e-05,0.8662522410015522,full,full,full
req_000814,benign,7.2836876e-05,0.8925297085379263,full,full,full
req_000815,benign,9.346008e-05,0.8619201620233852,full,full,full
req_000816,benign,5.1379204e-05,0.8303744917293787,full,full,full
req_000817,benign,6.663799e-05,0.031931195048067705,full,full,full
req_000818,benign,0.0001320839,0.850593657171422,full,full,full
req_000819,benign,0.000121474266,0.03769537552130732,full,full,full
req_000820,injection,0.9984476,0.03013822048173784,full,quarantine,quarantine
req_000821,benign,5.6028366e-05,0.04374661597306802,full,full,full
req_000822,benign,6.7949295e-05,0.8569166022631995,full,full,full
req_000823,exhaustion,0.0029667616,0.020524269423369493,full,full,full
req_000824,benign,6.842613e-05,0.0,full,full,full
req_000825,benign,4.9114227e-05,0.8436494381875609,full,full,full
req_000826,benign,4.9471855e-05,0.7570991242751302,full,full,full
req_000827,benign,5.209446e-05,0.8860005322592222,full,full,full
req_000828,benign,4.9471855e-05,0.05401746781222751,full,full,full
req_000829,benign,4.9114227e-05,0.04765886319486129,full,full,full
req_000830,benign,4.9114227e-05,0.9996718562302621,full,full,full
req_000831,benign,5.6028366e-05,0.8301300383305341,full,full,full
req_000832,injection,0.9993702,0.035279670043696275,full,quarantine,quarantine
req_000833,benign,4.9829483e-05,0.8701799477196427,full,full,full
req_000834,benign,6.258488e-05,0.8221506353014542,full,full,full
req_000835,benign,4.9114227e-05,0.027736537239862132,full,full,full
req_000836,benign,0.000119805336,0.8780970845060059,full,full,full
req_000837,benign,0.00014483929,0.013497437909060137,full,full,full
req_000838,benign,0.0028279424,0.8676852731970978,full,full,full
req_000839,benign,0.00021773577,0.7744050957910507,full,full,full
req_000840,benign,0.000100016594,0.7978870221922634,full,full,full
req_000841,benign,9.250641e-05,0.03492095134525358,full,full,full
req_000842,benign,4.9471855e-05,0.035817072777625726,full,full,full
req_000843,benign,6.16312e-05,0.8641707660818003,full,full,full
req_000844,benign,7.176399e-05,0.03172015992675581,full,full,full
req_000845,benign,5.209446e-05,0.9105251874732503,full,full,full
req_000846,benign,0.00216645,0.04805364898827046,full,full,full
req_000847,benign,6.055832e-05,0.8455441996637993,full,full,full
req_000848,benign,4.9829483e-05,0.04562465282423748,full,full,full
req_000849,benign,6.663799e-05,0.021481024939701887,full,full,full
req_000850,benign,6.7830086e-05,0.8733339412336878,full,full,full
req_000851,benign,0.00013327599,0.8705419397308792,full,full,full
req_000852,benign,8.440018e-05,0.8987721205108194,full,full,full
req_000853,benign,0.00047063828,0.023179182623077613,full,full,full
req_000854,benign,6.651878e-05,0.8092068383530725,full,full,full
req_000855,benign,5.9127808e-05,0.0,full,full,full
req_000856,benign,7.426739e-05,0.055127290682208126,full,full,full
req_000857,benign,7.498264e-05,0.9187512845230584,full,full,full
req_000858,benign,4.9471855e-05,0.03452262586961881,full,full,full
req_000859,benign,0.000113368034,0.012145435340443527,full,full,full
req_000860,exhaustion,0.0021834373,0.8162001294833052,full,full,full
req_000861,benign,5.030632e-05,0.051108742650102276,full,full,full
req_000862,benign,4.9352646e-05,0.825747760256543,full,full,full
req_000863,benign,5.6147575e-05,0.8767983552981157,full,full,full
req_000864,benign,6.604195e-05,0.03398188549938423,full,full,full
req_000865,benign,0.000105023384,0.05123425395073174,full,full,full
req_000866,benign,0.00013160706,0.023983282463321418,full,full,full
req_000867,benign,5.6147575e-05,0.07581873991685523,full,full,full
req_000868,benign,6.258488e-05,0.8723771080634077,full,full,full
req_000869,benign,4.9471855e-05,0.7978489652620462,full,full,full
req_000870,benign,7.545948e-05,0.030458826943797535,full,full,full
req_000871,benign,0.000111579895,0.05806990015228801,full,full,full
req_000872,benign,0.00010561943,0.8786764691838174,full,full,full
req_000873,benign,5.6028366e-05,0.8274649546488916,full,full,full
req_000874,injection,0.99946064,0.0315881708403086,full,quarantine,quarantine
req_000875,benign,4.9471855e-05,0.8640789538503221,full,full,full
req_000876,benign,5.6505203e-05,0.8584904318981722,full,full,full
req_000877,injection,0.99939644,0.040636098514072974,full,quarantine,quarantine
req_000878,benign,7.033348e-05,0.02731074583443133,full,full,full
req_000879,benign,8.85725e-05,0.9761875278282959,full,full,full
req_000880,benign,7.4505806e-05,0.9372351173656612,full,full,full
req_000881,benign,0.00013828278,0.017681427233564723,full,full,full
req_000882,benign,7.3075294e-05,0.06239997427688928,full,full,full
req_000883,exhaustion,0.002805829,0.00966298349189141,full,full,full
req_000884,benign,5.6624413e-05,0.0,full,full,full
req_000885,benign,8.833408e-05,0.8133117084308831,full,full,full
req_000886,benign,5.567074e-05,0.0582194901936134,full,full,full
req_000887,exhaustion,0.011275351,0.04857429957110879,full,full,full
req_000888,injection,0.99944323,0.0320194680822377,full,quarantine,quarantine
req_000889,benign,5.018711e-05,0.8364169725207279,full,full,full
req_000890,benign,0.00019997358,0.02409819356971281,full,full,full
req_000891,benign,6.92606e-05,0.87864061512981,full,full,full
req_000892,benign,6.41346e-05,0.03555236040475548,full,full,full
req_000893,benign,5.6624413e-05,0.8415423509239324,full,full,full
req_000894,benign,4.9114227e-05,0.852946612274392,full,full,full
req_000895,exhaustion,0.003450632,0.02077795792357313,full,full,full
req_000896,benign,6.67572e-05,0.017006566371885426,full,full,full
req_000897,benign,0.00022441149,0.8634540531411036,full,full,full
req_000898,benign,5.209446e-05,0.8505675256929104,full,full,full
req_000899,benign,5.1259995e-05,0.8476838532222705,full,full,full
req_000900,benign,0.000113129616,0.016220108191027836,full,full,full
req_000901,benign,0.0008627176,0.7509059977777438,full,full,full
req_000902,benign,5.3167343e-05,0.8374869830036458,full,full,full
req_000903,benign,5.6624413e-05,0.8658078375234475,full,full,full
req_000904,benign,5.018711e-05,0.9170456517447889,full,full,full
req_000905,injection,0.99944323,0.04168278599935169,full,quarantine,quarantine
req_000906,benign,0.0013720989,0.9227658855497053,full,full,full
req_000907,benign,9.191036e-05,0.8684975561170643,full,full,full
req_000908,benign,0.00015449524,0.03801299685199605,full,full,full
req_000909,benign,7.867813e-05,0.033194541529677296,full,full,full
req_000910,benign,7.045269e-05,0.017352674398173545,full,full,full
req_000911,benign,0.00019019842,0.8965907277200644,full,full,full
req_000912,benign,5.6624413e-05,0.9844662408390588,full,full,full
req_000913,benign,0.000104665756,0.8621315192648795,full,full,full
req_000914,exhaustion,0.039381504,0.03244021833938511,full,full,full
req_000915,benign,7.83205e-05,0.04588165858585361,full,full,full
req_000916,benign,5.543232e-05,0.028141201467292164,full,full,full
req_000917,exhaustion,0.0018624067,0.043694890597219184,full,full,full
req_000918,benign,6.1154366e-05,0.8352892639620011,full,full,full
req_000919,benign,6.830692e-05,0.028112760778459134,full,full,full
req_000920,benign,6.604195e-05,0.023785749467409537,full,full,full
req_000921,benign,6.0796738e-05,0.05713001870406571,full,full,full
req_000922,benign,6.496906e-05,0.8193987283787116,full,full,full
req_000923,benign,6.9737434e-05,0.8534669350783533,full,full,full
req_000924,benign,6.520748e-05,0.014799578315642697,full,full,full
req_000925,benign,0.000119805336,0.00011274700938524937,full,full,full
req_000926,benign,6.0796738e-05,0.8310721454512111,full,full,full
req_000927,benign,5.6147575e-05,0.8116918277179674,full,full,full
req_000928,benign,4.9471855e-05,0.8177846250149583,full,full,full
req_000929,benign,4.9114227e-05,0.8281573172314624,full,full,full
req_000930,benign,0.00030946732,0.07069204506566804,full,full,full
req_000931,benign,7.402897e-05,0.06250686752719775,full,full,full
req_000932,benign,0.00010228157,0.05452708649828443,full,full,full
req_000933,benign,0.00019568205,0.872179051717127,full,full,full
req_000934,benign,5.507469e-05,0.034186414720871534,full,full,full
req_000935,benign,0.00033652782,0.8928122737518251,full,full,full
req_000936,injection,0.9984815,0.03278981585702137,full,quarantine,quarantine
req_000937,benign,5.888939e-05,0.05889585346163353,full,full,full
req_000938,benign,6.878376e-05,0.8301537379587792,full,full,full
req_000939,benign,4.9471855e-05,0.8660192665579824,full,full,full
req_000940,benign,5.6147575e-05,0.005143007659505601,full,full,full
req_000941,benign,4.9114227e-05,0.8871037658295181,full,full,full
req_000942,benign,0.0006210804,0.734854501979809,full,full,full
req_000943,benign,0.00010573864,0.021046558643042494,full,full,full
req_000944,benign,9.763241e-05,0.016517482148639358,full,full,full
req_000945,benign,5.7458878e-05,0.8706490911670296,full,full,full
req_000946,benign,7.772446e-05,0.9179434471781003,full,full,full
req_000947,benign,0.00015473366,0.0007624712198568487,full,full,full
req_000948,benign,5.6385994e-05,0.056504474337747926,full,full,full
req_000949,benign,7.104874e-05,0.7673068077045646,full,full,full
req_000950,benign,0.00010728836,0.8525411218372093,full,full,full
req_000951,benign,5.6624413e-05,0.07000329052402413,full,full,full
req_000952,benign,4.9471855e-05,0.03115992355612651,full,full,full
req_000953,benign,4.9471855e-05,0.04732991113648345,full,full,full
req_000954,benign,5.4717064e-05,0.7653032371232307,full,full,full
req_000955,benign,9.4890594e-05,0.8843562714093318,full,full,full
req_000956,benign,5.6624413e-05,0.011984481367587688,full,full,full
req_000957,exhaustion,0.0001295805,0.019710796739712964,full,full,full
req_000958,benign,7.927418e-05,0.055727077757842094,full,full,full
req_000959,benign,0.000111579895,0.8061364795413072,full,full,full
req_000960,benign,6.2942505e-05,0.028967997899745475,full,full,full
req_000961,benign,6.246567e-05,0.01809900914569399,full,full,full
req_000962,benign,6.520748e-05,0.9000391950719738,full,full,full
req_000963,benign,7.557869e-05,0.031221639280295685,full,full,full
req_000964,benign,0.0037460327,0.012596935322066294,full,full,full
req_000965,benign,0.00011217594,0.036121765869596055,full,full,full
req_000966,benign,4.9710274e-05,0.8909720982939284,full,full,full
req_000967,benign,5.6624413e-05,0.04398629232903219,full,full,full
req_000968,benign,4.9471855e-05,0.036871401489977244,full,full,full
req_000969,benign,0.00014674664,0.030532347703908218,full,full,full
req_000970,benign,4.9114227e-05,0.03586373927212953,full,full,full
req_000971,benign,4.9471855e-05,0.9288324062220497,full,full,full
req_000972,benign,4.9114227e-05,0.05231755898931924,full,full,full
req_000973,benign,4.9233437e-05,0.05318043850232926,full,full,full
req_000974,injection,0.9992543,0.052565032693584104,full,quarantine,quarantine
req_000975,benign,5.1617622e-05,0.04308297796236772,full,full,full
req_000976,benign,7.760525e-05,0.809092833984256,full,full,full
req_000977,benign,0.00016462803,0.912757858805708,full,full,full
req_000978,benign,7.200241e-05,0.025223090733035976,full,full,full
req_000979,benign,7.247925e-05,0.8630389976604758,full,full,full
req_000980,benign,0.000104665756,0.03545557374006024,full,full,full
req_000981,exhaustion,0.00035083294,0.041453737090156505,full,full,full
req_000982,benign,0.00013172626,0.7872569266907983,full,full,full
req_000983,benign,5.698204e-05,0.04453125953948115,full,full,full
req_000984,benign,6.0796738e-05,0.03408025325943756,full,full,full
req_000985,benign,5.6266785e-05,0.7920979920622025,full,full,full
req_000986,benign,9.3102455e-05,0.02933431452460644,full,full,full
req_000987,benign,0.00013720989,0.033012351406695964,full,full,full
req_000988,injection,0.9987545,0.05976571657371,full,quarantine,quarantine
req_000989,injection,0.99796,0.003444366649881587,full,quarantine,quarantine
req_000990,benign,5.6147575e-05,0.8168977742330548,full,full,full
req_000991,benign,0.00015723705,0.0033050669364915776,full,full,full
req_000992,benign,5.7816505e-05,0.043012176070592115,full,full,full
req_000993,benign,5.9485435e-05,0.022157340779100913,full,full,full
req_000994,benign,0.00010037422,0.00200249105417534,full,full,full
req_000995,exhaustion,0.032412767,0.053930013825714836,full,full,full
req_000996,benign,0.0001052618,0.8041226458092553,full,full,full
req_000997,injection,0.9993812,0.01551007473819994,full,quarantine,quarantine
req_000998,benign,0.00012373924,0.7665493670064296,full,full,full
req_000999,benign,8.070469e-05,0.8264878154616686,full,full,full
req_001000,benign,5.507469e-05,0.8309893441607148,full,full,full
req_001001,injection,0.9988159,0.038275464243664216,full,quarantine,quarantine
req_001002,benign,6.997585e-05,0.8265369913103775,full,full,full
req_001003,benign,0.00010681152,0.05841132080199186,full,full,full
req_001004,injection,0.99944323,0.054253335561371324,full,quarantine,quarantine
req_001005,benign,0.0001232624,0.01746847856568337,full,full,full
req_001006,benign,0.0003157854,0.8845133542863112,full,full,full
req_001007,benign,6.687641e-05,0.8758272134042111,full,full,full
req_001008,benign,0.00011396408,0.030206101047318645,full,full,full
req_001009,benign,5.1259995e-05,0.8128831148715127,full,full,full
req_001010,benign,9.894371e-05,0.8305639915255127,full,full,full
req_001011,benign,6.92606e-05,0.8520540385604963,full,full,full
req_001012,benign,7.2956085e-05,0.8430656381394469,full,full,full
req_001013,benign,6.0796738e-05,0.8543188271790376,full,full,full
req_001014,benign,0.000106573105,0.8446280701401728,full,full,full
req_001015,benign,6.6280365e-05,0.0,full,full,full
req_001016,benign,5.2690506e-05,0.7697794412362002,full,full,full
req_001017,benign,4.9471855e-05,0.0014646576097509384,full,full,full
req_001018,injection,0.99973243,0.047017746238831246,full,quarantine,quarantine
req_001019,benign,0.0008867383,0.05792147701140149,full,full,full
req_001020,benign,0.000121712685,0.8225901731277131,full,full,full
req_001021,benign,4.9471855e-05,0.029953601561568847,full,full,full
req_001022,exhaustion,0.034806907,0.04149505800300747,full,full,full
req_001023,benign,4.9471855e-05,0.03571853316874905,full,full,full
req_001024,benign,0.0005392432,0.03380148250859834,full,full,full
req_001025,benign,0.00017303228,0.8895974982642969,full,full,full
req_001026,benign,5.6147575e-05,0.009128754848089081,full,full,full
req_001027,benign,0.00013673306,0.7672388876632625,full,full,full
req_001028,benign,0.00011301041,0.7414228065745556,full,full,full
req_001029,benign,6.54459e-05,0.8888408519916411,full,full,full
req_001030,benign,5.698204e-05,0.023891288912258623,full,full,full
req_001031,benign,4.9352646e-05,0.862866473321597,full,full,full
req_001032,benign,7.7962875e-05,0.007206598088103363,full,full,full
req_001033,benign,9.3340874e-05,0.9215697019686838,full,full,full
req_001034,benign,4.9471855e-05,0.9095835493509059,full,full,full
req_001035,benign,5.018711e-05,0.0055285621402639505,full,full,full
req_001036,benign,0.00069105625,0.8376652193202635,full,full,full
req_001037,benign,7.379055e-05,0.039356114737840606,full,full,full
req_001038,benign,4.9471855e-05,0.8863328705582575,full,full,full
req_001039,benign,4.9114227e-05,0.7680485548942779,full,full,full
req_001040,benign,4.9471855e-05,0.03503998636856268,full,full,full
req_001041,benign,4.9114227e-05,0.05737722238613181,full,full,full
req_001042,benign,8.010864e-05,0.8533957695531424,full,full,full
req_001043,benign,6.67572e-05,0.9276847469478058,full,full,full
req_001044,benign,0.000108003616,0.0,full,full,full
req_001045,benign,0.00013792515,0.8781995556083715,full,full,full
req_001046,benign,4.9471855e-05,0.8885662402798249,full,full,full
req_001047,benign,0.00028938055,0.007794183225888707,full,full,full
req_001048,benign,5.054474e-05,0.002226668625012373,full,full,full
req_001049,benign,5.6147575e-05,0.9102526915889624,full,full,full
req_001050,benign,7.9512596e-05,0.8698775918866338,full,full,full
req_001051,benign,5.507469e-05,0.0,full,full,full
req_001052,benign,5.054474e-05,0.029346202967947987,full,full,full
req_001053,benign,5.352497e-05,0.05115042188423585,full,full,full
req_001054,benign,0.00014722347,0.04290489443363643,full,full,full
req_001055,injection,0.9978743,0.8540643928849632,full,quarantine,quarantine
req_001056,exhaustion,0.00056809187,0.056864993100095,full,full,full
req_001057,benign,4.9114227e-05,0.04605358928590059,full,full,full
req_001058,exhaustion,0.037035823,0.01851622334284149,full,full,full
req_001059,benign,0.00011694431,0.7538666713173783,full,full,full
req_001060,benign,5.6624413e-05,0.04540196591717734,full,full,full
req_001061,benign,0.0003540516,0.8501524971254455,full,full,full
req_001062,benign,0.00054365396,0.02313950640107957,full,full,full
req_001063,benign,5.698204e-05,0.7743525458050088,full,full,full
req_001064,benign,0.000105023384,0.019921122073757486,full,full,full
req_001065,benign,9.62019e-05,0.029192512375367123,full,full,full
req_001066,benign,0.001100421,0.7818264990131493,full,full,full
req_001067,benign,5.6028366e-05,0.8637017601162662,full,full,full
req_001068,benign,0.000113129616,0.006579266405032164,full,full,full
req_001069,injection,0.99415416,0.035057072636660955,full,full,quarantine
req_001070,benign,5.6147575e-05,0.022720126119239358,full,full,full
req_001071,benign,6.0796738e-05,0.8159192697123221,full,full,full
req_001072,injection,0.99938065,0.9165382084248325,full,quarantine,quarantine
req_001073,benign,6.878376e-05,0.011996220828062409,full,full,full
req_001074,benign,6.67572e-05,0.03369980294747049,full,full,full
req_001075,exhaustion,0.038582385,0.055557560401411354,full,full,full
req_001076,benign,4.9471855e-05,0.026200667564260323,full,full,full
req_001077,benign,7.1525574e-05,0.8660505219541546,full,full,full
req_001078,benign,6.496906e-05,0.7842577295196308,full,full,full
req_001079,benign,6.0081482e-05,0.7732869390880494,full,full,full
req_001080,benign,6.496906e-05,0.8383768756121468,full,full,full
req_001081,benign,4.9471855e-05,0.033965550508533865,full,full,full
req_001082,benign,0.00016856194,0.8780155983158786,full,full,full
req_001083,benign,8.2969666e-05,0.8499355850875352,full,full,full
req_001084,benign,0.00011372566,0.8792751485684139,full,full,full
req_001085,benign,6.663799e-05,0.8643716410757181,full,full,full
req_001086,exhaustion,0.00021892786,0.8586159944544752,full,full,full
req_001087,benign,5.6266785e-05,0.8530747487339856,full,full,full
req_001088,benign,0.000105023384,0.041369104014211865,full,full,full
req_001089,benign,4.9352646e-05,0.051418798488893046,full,full,full
req_001090,benign,6.568432e-05,0.9501633137246916,full,full,full
req_001091,benign,0.00014686584,0.7603394349095086,full,full,full
req_001092,injection,0.99940795,0.0006179756545102895,full,quarantine,quarantine
req_001093,benign,7.1167946e-05,0.8985722807234368,full,full,full
req_001094,benign,6.604195e-05,0.8693373818035123,full,full,full
req_001095,benign,7.867813e-05,0.9188089269412965,full,full,full
req_001096,exhaustion,0.001570642,0.035844465593242156,full,full,full
req_001097,benign,0.00016605854,0.7851762806742582,full,full,full
req_001098,benign,4.9352646e-05,0.041632029881464125,full,full,full
req_001099,benign,0.00029426813,0.7780629789967023,full,full,full
req_001100,benign,0.0005135536,0.032308141562066864,full,full,full
req_001101,benign,7.367134e-05,0.9204246800316215,full,full,full
req_001102,benign,9.1433525e-05,0.8261495182056945,full,full,full
req_001103,benign,7.1525574e-05,0.8753332009847794,full,full,full
req_001104,benign,5.6505203e-05,0.04532558323387428,full,full,full
req_001105,injection,0.99944466,0.027007223914024766,full,quarantine,quarantine
req_001106,benign,6.210804e-05,0.0371324993823402,full,full,full
req_001107,benign,0.0001295805,0.768870612709516,full,full,full
req_001108,benign,7.6413155e-05,0.0,full,full,full
req_001109,benign,9.572506e-05,0.8585132537504712,full,full,full
req_001110,benign,0.00012362003,0.8842312378237788,full,full,full
req_001111,injection,0.9993792,0.9126667813980744,full,quarantine,quarantine
req_001112,benign,4.9471855e-05,0.020782814299263312,full,full,full
req_001113,benign,0.002186656,0.04121280890860693,full,full,full
req_001114,benign,4.9114227e-05,0.04186522031894702,full,full,full
req_001115,benign,6.3061714e-05,0.8755627197654416,full,full,full
req_001116,benign,5.6624413e-05,0.04508879870832638,full,full,full
req_001117,benign,0.0005429387,0.024209979793842866,full,full,full
req_001118,benign,6.663799e-05,0.8874853247200299,full,full,full
req_001119,benign,0.00015604496,0.07271601502498157,full,full,full
req_001120,benign,5.352497e-05,0.8599736212899246,full,full,full
req_001121,benign,4.9829483e-05,0.01262972390759767,full,full,full
req_001122,benign,5.8174133e-05,0.7526921919692812,full,full,full
req_001123,benign,0.00010216236,0.8379542381918641,full,full,full
req_001124,benign,6.604195e-05,0.8593114402839896,full,full,full
req_001125,benign,5.018711e-05,0.8479592676007076,full,full,full
req_001126,benign,4.9471855e-05,0.7708675601965055,full,full,full
req_001127,benign,5.209446e-05,0.035790616759770896,full,full,full
req_001128,benign,6.997585e-05,0.03941701244641361,full,full,full
req_001129,exhaustion,0.0011497736,0.0223509744934007,full,full,full
req_001130,benign,0.0013302565,0.010072853028124138,full,full,full
req_001131,benign,7.104874e-05,0.8196407309515406,full,full,full
req_001132,benign,5.00679e-05,0.8558702132478291,full,full,full
req_001133,benign,4.9471855e-05,0.8124813437759236,full,full,full
req_001134,benign,5.6624413e-05,0.03266120973255156,full,full,full
req_001135,benign,4.9352646e-05,0.7678670568953571,full,full,full
req_001136,benign,6.568432e-05,0.8348540773780295,full,full,full
req_001137,benign,9.608269e-05,0.886923702995012,full,full,full
req_001138,benign,0.00039619207,0.019380392677657895,full,full,full
req_001139,benign,6.842613e-05,0.845293983493329,full,full,full
req_001140,benign,6.54459e-05,0.047870997478373596,full,full,full
req_001141,benign,0.00021630526,0.8198137945887355,full,full,full
req_001142,benign,5.6624413e-05,0.8831309701733527,full,full,full
req_001143,benign,0.00012564659,0.7711233054947001,full,full,full
req_001144,benign,5.7935715e-05,0.948898408510933,full,full,full
req_001145,benign,5.6624413e-05,0.8424724888877301,full,full,full
req_001146,benign,4.9471855e-05,0.9542180709782692,full,full,full
req_001147,benign,0.00010895729,0.9042421553294183,full,full,full
req_001148,injection,0.9993904,0.005593747733712375,full,quarantine,quarantine
req_001149,benign,6.92606e-05,0.8820378465147269,full,full,full
req_001150,injection,0.9995354,0.0034662081839347478,full,quarantine,quarantine
req_001151,benign,6.258488e-05,0.8682283900958944,full,full,full
req_001152,benign,7.8201294e-05,0.029122024779104028,full,full,full
req_001153,benign,5.733967e-05,0.8175446493903543,full,full,full
req_001154,benign,6.580353e-05,0.813895845148848,full,full,full
req_001155,benign,9.250641e-05,0.022692260696567233,full,full,full
req_001156,benign,5.6147575e-05,0.7762908363149068,full,full,full
req_001157,benign,5.6505203e-05,0.0,full,full,full
req_001158,benign,4.9352646e-05,0.050132602614098326,full,full,full
req_001159,benign,0.00010287762,0.05341724014084556,full,full,full
req_001160,benign,5.185604e-05,0.021162088231877305,full,full,full
req_001161,benign,6.7949295e-05,0.8244831971932409,full,full,full
req_001162,benign,4.9471855e-05,0.8835612704299236,full,full,full
req_001163,benign,4.9114227e-05,0.0380823631647518,full,full,full
req_001164,benign,5.6624413e-05,0.8241055839006123,full,full,full
req_001165,injection,0.98953575,0.004209478524217089,full,full,quarantine
req_001166,benign,4.9352646e-05,0.044240079413915674,full,full,full
req_001167,benign,0.00014042854,0.8768575081529328,full,full,full
req_001168,benign,0.00054472685,0.8835604142014999,full,full,full
req_001169,benign,5.567074e-05,0.0,full,full,full
req_001170,benign,4.9352646e-05,0.025657779491497716,full,full,full
req_001171,benign,5.6624413e-05,0.050361064562982095,full,full,full
req_001172,benign,6.41346e-05,0.8465957265711497,full,full,full
req_001173,benign,6.020069e-05,0.016243056769538054,full,full,full
req_001174,benign,6.210804e-05,0.9284691895481936,full,full,full
req_001175,benign,9.441376e-05,0.922310682190778,full,full,full
req_001176,benign,7.259846e-05,0.8127239420378097,full,full,full
req_001177,benign,6.7949295e-05,0.8001628100547098,full,full,full
req_001178,benign,7.212162e-05,0.737627798489288,full,full,full
req_001179,benign,0.0002194047,0.7659040918353415,full,full,full
req_001180,benign,8.249283e-05,0.020263062429310603,full,full,full
req_001181,benign,0.000104665756,0.8345958454824836,full,full,full
req_001182,benign,4.9114227e-05,0.034006297705109684,full,full,full
req_001183,benign,4.9471855e-05,0.03967388182347556,full,full,full
req_001184,benign,6.0915947e-05,0.0416065076865436,full,full,full
req_001185,benign,5.6028366e-05,0.0035717957651813306,full,full,full
req_001186,benign,4.9471855e-05,0.007224738300857729,full,full,full
req_001187,exhaustion,0.012744427,0.06987301364895868,full,full,full
req_001188,benign,6.663799e-05,0.8483406817616306,full,full,full
req_001189,benign,5.1498413e-05,0.842343173446578,full,full,full
req_001190,exhaustion,0.001990497,0.042830787120690314,full,full,full
req_001191,benign,7.867813e-05,0.8516180066632001,full,full,full
req_001192,benign,5.6624413e-05,0.8394354621527859,full,full,full
req_001193,benign,0.00011384487,0.06397791148912216,full,full,full
req_001194,benign,0.00012278557,0.007348389854791623,full,full,full
req_001195,benign,6.592274e-05,0.05281697443904387,full,full,full
req_001196,benign,5.8293343e-05,0.8108124223730648,full,full,full
req_001197,benign,6.890297e-05,0.8561238560356842,full,full,full
req_001198,benign,0.00018745661,0.022981689133723004,full,full,full
req_001199,benign,0.00010383129,0.034995000389027336,full,full,full
req_001200,injection,0.99936944,0.07823751186603897,full,quarantine,quarantine
req_001201,benign,6.580353e-05,0.8925924533291286,full,full,full
req_001202,benign,0.00016236305,0.034879720562813306,full,full,full
req_001203,benign,7.176399e-05,0.04492259106665642,full,full,full
req_001204,exhaustion,0.0036916137,0.8730291865571167,full,full,full
req_001205,benign,5.567074e-05,0.8327575131556841,full,full,full
req_001206,exhaustion,0.09278488,0.019624691156286636,full,full,full
req_001207,injection,0.99939,0.042349357886911486,full,quarantine,quarantine
req_001208,benign,0.000119924545,0.8416987719925574,full,full,full
req_001209,benign,6.496906e-05,0.0,full,full,full
req_001210,benign,6.771088e-05,0.9524713761247203,full,full,full
req_001211,benign,5.0902367e-05,0.0,full,full,full
req_001212,benign,5.6624413e-05,0.917074760495457,full,full,full
req_001213,benign,6.0796738e-05,0.0,full,full,full
req_001214,benign,4.9471855e-05,0.04251215405394489,full,full,full
req_001215,benign,0.0001128912,0.8659772607743698,full,full,full
req_001216,benign,5.38826e-05,0.7962420335683384,full,full,full
req_001217,benign,6.222725e-05,0.8123042455494561,full,full,full
req_001218,benign,0.000105023384,0.8570208480464735,full,full,full
req_001219,benign,4.9471855e-05,0.8407963147914577,full,full,full
req_001220,benign,9.906292e-05,0.03465317671753228,full,full,full
req_001221,benign,0.00029426813,0.0,full,full,full
req_001222,exhaustion,0.027514338,0.061174717120363736,full,full,full
req_001223,benign,4.9471855e-05,0.8112984675110115,full,full,full
req_001224,benign,0.0006352067,0.042544055077160844,full,full,full
req_001225,benign,7.331371e-05,0.9014338548350941,full,full,full
req_001226,benign,5.6147575e-05,0.7828905205465987,full,full,full
req_001227,exhaustion,0.0012720227,0.015810860449899718,full,full,full
req_001228,injection,0.9992733,0.03682348046920058,full,quarantine,quarantine
req_001229,benign,9.1671944e-05,0.8270749049149775,full,full,full
req_001230,benign,6.1154366e-05,0.8932528514928257,full,full,full
req_001231,benign,4.9114227e-05,0.829164031836949,full,full,full
req_001232,benign,0.00014638901,0.05225320788043945,full,full,full
req_001233,benign,4.9114227e-05,0.8490929073243861,full,full,full
req_001234,benign,5.030632e-05,0.0327914499398495,full,full,full
req_001235,benign,4.9471855e-05,0.825408074229101,full,full,full
req_001236,benign,5.6147575e-05,0.7568641179268643,full,full,full
req_001237,benign,9.1314316e-05,0.0324013863699943,full,full,full
req_001238,benign,4.9471855e-05,0.8518724954189183,full,full,full
req_001239,benign,5.4240227e-05,0.8536928382294897,full,full,full
req_001240,benign,5.8293343e-05,0.7690243277733986,full,full,full
req_001241,benign,6.580353e-05,0.893808047422788,full,full,full
req_001242,injection,0.99928504,0.013563873766128241,full,quarantine,quarantine
req_001243,exhaustion,0.00028902292,0.013297078900472777,full,full,full
req_001244,benign,5.8293343e-05,0.0,full,full,full
req_001245,benign,6.1273575e-05,0.0008143754843105248,full,full,full
req_001246,benign,0.001208365,0.7558471137501236,full,full,full
req_001247,benign,6.842613e-05,0.06688275648316946,full,full,full
req_001248,benign,0.0001386404,0.8412733417474018,full,full,full
req_001249,benign,9.441376e-05,0.02949167843958337,full,full,full
req_001250,benign,6.6399574e-05,0.8411955556382719,full,full,full
req_001251,benign,6.4611435e-05,0.03974857279413606,full,full,full
req_001252,benign,5.7816505e-05,0.8042098646452127,full,full,full
req_001253,benign,7.18832e-05,0.8198280046285236,full,full,full
req_001254,benign,4.9114227e-05,0.9469609436761359,full,full,full
req_001255,benign,7.7962875e-05,0.774120143891752,full,full,full
req_001256,benign,0.00022119284,0.0420684895500723,full,full,full
req_001257,benign,0.00012397766,0.03529621607294613,full,full,full
req_001258,exhaustion,0.23384625,0.0016195059926804659,full,full,full
req_001259,benign,4.9471855e-05,0.0,full,full,full
req_001260,benign,6.484985e-05,0.8481391171660934,full,full,full
req_001261,benign,0.00028783083,0.8824659012561318,full,full,full
req_001262,benign,5.6147575e-05,0.06999775829013505,full,full,full
req_001263,benign,4.9114227e-05,0.9040590939038309,full,full,full
req_001264,benign,5.698204e-05,0.90214339556565,full,full,full
req_001265,benign,4.9471855e-05,0.02162300096707321,full,full,full
req_001266,benign,5.888939e-05,0.9101086377237873,full,full,full
req_001267,benign,7.903576e-05,0.025735178464509543,full,full,full
req_001268,benign,4.9829483e-05,0.05277885171456334,full,full,full
req_001269,benign,8.833408e-05,0.9356004152186619,full,full,full
req_001270,benign,0.0014842153,0.07414477313944738,full,full,full
req_001271,benign,5.888939e-05,0.7943453623660137,full,full,full
req_001272,benign,6.365776e-05,0.03156367816447087,full,full,full
req_001273,benign,5.1379204e-05,0.036595029826540074,full,full,full
req_001274,benign,0.00011193752,0.0389292758491984,full,full,full
req_001275,injection,0.99925166,0.0331763951318213,full,quarantine,quarantine
req_001276,benign,8.869171e-05,0.8096963954687033,full,full,full
req_001277,benign,6.03199e-05,0.9037004470842853,full,full,full
req_001278,benign,5.698204e-05,0.8872505555037867,full,full,full
req_001279,exhaustion,0.22284573,0.030346782859558503,full,full,full
req_001280,benign,7.379055e-05,0.038336187959281454,full,full,full
req_001281,benign,0.00011122227,0.022744516197121888,full,full,full
req_001282,benign,4.9114227e-05,0.8128070475297041,full,full,full
req_001283,benign,6.9499016e-05,0.8387737856512002,full,full,full
req_001284,benign,7.927418e-05,0.9053051922267011,full,full,full
req_001285,benign,0.00030946732,0.8822944103565051,full,full,full
req_001286,benign,5.6147575e-05,0.010038217063112718,full,full,full
req_001287,benign,7.259846e-05,0.9112673495047494,full,full,full
req_001288,injection,0.99932224,0.003471462345140869,full,quarantine,quarantine
req_001289,benign,0.00011897087,0.9145913667261742,full,full,full
req_001290,benign,0.000109791756,0.0,full,full,full
req_001291,benign,5.6624413e-05,0.7617755365474341,full,full,full
req_001292,injection,0.9995976,0.03146216135969675,full,quarantine,quarantine
req_001293,benign,6.759167e-05,0.8880217579483899,full,full,full
req_001294,benign,7.426739e-05,0.014268150624768956,full,full,full
req_001295,benign,5.567074e-05,0.049158285832822134,full,full,full
req_001296,benign,0.014483154,0.8821493261043425,full,full,full
req_001297,benign,7.176399e-05,0.007260397828639555,full,full,full
req_001298,benign,5.4717064e-05,0.04982614129464571,full,full,full
req_001299,benign,4.9829483e-05,0.8108564395793821,full,full,full
req_001300,benign,6.830692e-05,0.011475913229618804,full,full,full
req_001301,benign,6.067753e-05,0.7963715928351317,full,full,full
req_001302,benign,5.6743622e-05,0.8410063728201329,full,full,full
req_001303,exhaustion,0.00074499846,0.03679973835173768,full,full,full
req_001304,benign,0.00060760975,0.8720520905411799,full,full,full
req_001305,benign,4.9114227e-05,0.022668401917247474,full,full,full
req_001306,benign,0.0005648732,0.006436187072484997,full,full,full
req_001307,benign,0.00016629696,0.7794767838978356,full,full,full
req_001308,benign,5.8293343e-05,0.8597484760101288,full,full,full
req_001309,benign,4.9471855e-05,0.03174210209407565,full,full,full
req_001310,benign,0.0022940636,0.8028899585060093,full,full,full
req_001311,benign,4.9114227e-05,0.0359135462425426,full,full,full
req_001312,benign,5.7935715e-05,0.8253457345454425,full,full,full
req_001313,benign,7.7843666e-05,0.9201890871728922,full,full,full
req_001314,benign,0.00010728836,0.79545298591376,full,full,full
req_001315,benign,5.054474e-05,0.03633398180801259,full,full,full
req_001316,benign,0.000104904175,0.7467180484518023,full,full,full
req_001317,benign,4.9471855e-05,0.8745024497215207,full,full,full
req_001318,benign,6.9737434e-05,0.892724719817034,full,full,full
req_001319,benign,0.00022941828,0.04627433726355305,full,full,full
req_001320,benign,5.185604e-05,0.043517320260176934,full,full,full
req_001321,benign,0.00013804436,0.036951552512853515,full,full,full
req_001322,benign,6.1154366e-05,0.026563348975264744,full,full,full
req_001323,benign,9.250641e-05,0.023548888380834587,full,full,full
req_001324,benign,4.9114227e-05,0.7545771990161957,full,full,full
req_001325,benign,9.7990036e-05,0.8313773414849487,full,full,full
req_001326,benign,0.00019520521,0.014421872701723378,full,full,full
req_001327,benign,0.00013840199,0.9259798447405682,full,full,full
req_001328,benign,7.259846e-05,0.9459456399864388,full,full,full
req_001329,benign,4.9471855e-05,0.034914158647239714,full,full,full
req_001330,benign,0.00012111664,0.0503224825995185,full,full,full
req_001331,benign,6.842613e-05,0.8173496631084324,full,full,full
req_001332,benign,5.6147575e-05,0.039685522623000805,full,full,full
req_001333,benign,6.4492226e-05,0.8736852878322126,full,full,full
req_001334,benign,5.221367e-05,0.8097028422035417,full,full,full
req_001335,benign,5.7458878e-05,0.8282236930565202,full,full,full
req_001336,benign,0.00010383129,0.8150337385653509,full,full,full
req_001337,benign,0.01063925,0.041264798389644114,full,quarantine,full
req_001338,benign,5.4717064e-05,0.030714173060405532,full,full,full
req_001339,benign,0.0006210804,0.03963266208603204,full,full,full
req_001340,benign,6.9499016e-05,0.005699349587074895,full,full,full
req_001341,benign,7.104874e-05,0.848158994578474,full,full,full
req_001342,benign,4.9471855e-05,0.030526417747833885,full,full,full
req_001343,benign,0.00011956692,0.7856098248925266,full,full,full
req_001344,benign,5.185604e-05,0.03590635347657866,full,full,full
req_001345,benign,0.00014197826,0.8916181041597835,full,full,full
req_001346,benign,5.054474e-05,0.8597023729366277,full,full,full
req_001347,benign,4.9114227e-05,0.8958753453979936,full,full,full
req_001348,exhaustion,0.0020697117,0.0501447228724468,full,full,full
req_001349,benign,8.165836e-05,0.8272183405605256,full,full,full
req_001350,benign,4.9114227e-05,0.03244452612139275,full,full,full
req_001351,benign,5.185604e-05,0.8289453844887358,full,full,full
req_001352,benign,0.0001052618,0.7757621443438655,full,full,full
req_001353,benign,5.018711e-05,0.9479126231276982,full,full,full
req_001354,benign,6.735325e-05,0.8610196523292954,full,full,full
req_001355,injection,0.99926615,0.8290750500533965,full,quarantine,quarantine
req_001356,benign,4.9471855e-05,0.012277422520124162,full,full,full
req_001357,benign,0.0003658533,0.03407298150404121,full,full,full
req_001358,benign,5.507469e-05,0.8755347810287311,full,full,full
req_001359,benign,5.6147575e-05,0.8393551822527817,full,full,full
req_001360,benign,5.6624413e-05,0.8655636210472012,full,full,full
req_001361,benign,0.00010967255,0.005384422675406262,full,full,full
req_001362,injection,0.9991504,0.02199570599010467,full,quarantine,quarantine
req_001363,benign,0.00010728836,0.020548599734078,full,full,full
req_001364,benign,5.6624413e-05,0.007137888024562448,full,full,full
req_001365,benign,7.402897e-05,0.7358588075069457,full,full,full
req_001366,benign,0.00022023916,0.004063320359621658,full,full,full
req_001367,benign,0.00011742115,0.011875309639492834,full,full,full
req_001368,benign,6.663799e-05,0.891694033865753,full,full,full
req_001369,benign,0.00015819073,0.014611519736079236,full,full,full
req_001370,benign,4.9471855e-05,0.9255297947009927,full,full,full
req_001371,benign,5.018711e-05,0.9395434517879352,full,full,full
req_001372,benign,4.9114227e-05,0.055366829283085964,full,full,full
req_001373,benign,5.6147575e-05,0.881596846593938,full,full,full
req_001374,benign,6.4492226e-05,0.8168947043271778,full,full,full
req_001375,benign,0.00035965443,0.052874529340987506,full,full,full
req_001376,benign,0.00014674664,0.8322968330393296,full,full,full
req_001377,benign,6.258488e-05,0.8761251817942979,full,full,full
req_001378,benign,5.733967e-05,0.039493350036422875,full,full,full
req_001379,benign,4.9114227e-05,0.059025396324863866,full,full,full
req_001380,benign,0.00015830994,0.9094190507238322,full,full,full
req_001381,benign,4.9471855e-05,0.05519025285185175,full,full,full
req_001382,benign,0.0001654625,0.8672755357199221,full,full,full
req_001383,benign,9.191036e-05,0.042386553665798264,full,full,full
req_001384,benign,0.00013256073,0.04787490971982891,full,full,full
req_001385,benign,5.054474e-05,0.8527377503182988,full,full,full
req_001386,benign,4.9471855e-05,0.054847512074037236,full,full,full
req_001387,benign,5.185604e-05,0.8536464832970675,full,full,full
req_001388,benign,5.018711e-05,0.02643103351051599,full,full,full
req_001389,benign,0.000119805336,0.04095720820589519,full,full,full
req_001390,benign,9.250641e-05,0.7684431789320556,full,full,full
req_001391,benign,0.00014531612,0.0004560349082175369,full,full,full
req_001392,benign,0.0001039505,0.026480395230374553,full,full,full
req_001393,benign,5.6505203e-05,0.9098674966982253,full,full,full
req_001394,benign,6.7949295e-05,0.05123175385017266,full,full,full
req_001395,benign,4.9471855e-05,0.019209689730248565,full,full,full
req_001396,benign,6.7830086e-05,0.843538972420677,full,full,full
req_001397,benign,0.00030231476,0.8090153363004038,full,full,full
req_001398,benign,0.00014150143,0.8029401736376358,full,full,full
req_001399,benign,4.9352646e-05,0.019479509674785643,full,full,full
req_001400,benign,4.9829483e-05,0.8945260516744661,full,full,full
req_001401,benign,5.185604e-05,0.04948165253617983,full,full,full
req_001402,benign,6.6161156e-05,0.8295753548997982,full,full,full
req_001403,benign,8.094311e-05,0.8643649111447452,full,full,full
req_001404,benign,7.4625015e-05,0.03459291519436966,full,full,full
req_001405,benign,5.507469e-05,0.041929767670946444,full,full,full
req_001406,benign,5.0902367e-05,0.04497504592698148,full,full,full
req_001407,benign,5.507469e-05,0.005618994473829526,full,full,full
req_001408,injection,0.9991741,0.01945923491494774,full,quarantine,quarantine
req_001409,benign,6.16312e-05,0.04411868484027996,full,full,full
req_001410,benign,0.00025826693,0.6958563121154625,full,full,full
req_001411,benign,0.00010728836,0.7932080636308936,full,full,full
req_001412,benign,0.00014066696,0.0075930837806807185,full,full,full
req_001413,benign,0.00014424324,0.04190653883819345,full,full,full
req_001414,exhaustion,0.0006210804,0.0,full,full,full
req_001415,benign,5.888939e-05,0.8555341074140173,full,full,full
req_001416,benign,0.0013673902,0.8359080302631603,full,full,full
req_001417,benign,5.7578087e-05,0.06460993284751533,full,full,full
req_001418,benign,5.6266785e-05,0.021269556240014115,full,full,full
req_001419,benign,4.9114227e-05,0.9156341136023223,full,full,full
req_001420,benign,6.055832e-05,0.8637341884266552,full,full,full
req_001421,benign,5.686283e-05,0.8297810826552807,full,full,full
req_001422,benign,6.1154366e-05,0.7284634225965565,full,full,full
req_001423,benign,5.185604e-05,0.01805867424076819,full,full,full
req_001424,benign,6.8068504e-05,0.012245536599887395,full,full,full
req_001425,benign,5.6624413e-05,0.7500906732483684,full,full,full
req_001426,benign,6.246567e-05,0.8518672513473452,full,full,full
req_001427,benign,4.9352646e-05,0.9171037323529997,full,full,full
req_001428,benign,0.00014460087,0.8367315655310135,full,full,full
req_001429,benign,0.00016129017,0.039268869041284626,full,full,full
req_001430,benign,9.250641e-05,0.9580500120206797,full,full,full
req_001431,benign,4.9233437e-05,0.024013568196651264,full,full,full
req_001432,benign,6.0796738e-05,0.032829797742190824,full,full,full
req_001433,benign,7.259846e-05,0.8956538042301755,full,full,full
req_001434,benign,6.878376e-05,0.024898468960921995,full,full,full
req_001435,benign,0.000119805336,0.8408357422620301,full,full,full
req_001436,benign,7.212162e-05,0.0,full,full,full
req_001437,benign,5.7935715e-05,0.9591816535147684,full,full,full
req_001438,benign,0.00016081333,0.8160289888862801,full,full,full
req_001439,benign,4.9471855e-05,0.07620746194846668,full,full,full
req_001440,injection,0.99921423,0.030109956906047262,full,quarantine,quarantine
req_001441,benign,4.9471855e-05,0.8031158158797453,full,full,full
req_001442,benign,4.9471855e-05,0.025526089705913566,full,full,full
req_001443,injection,0.99806726,0.042217186158139006,full,quarantine,quarantine
req_001444,benign,5.7935715e-05,0.8348179707378766,full,full,full
req_001445,exhaustion,0.00867784,0.015116321795895591,full,full,full
req_001446,benign,0.021289289,0.03576250893051345,full,full,full
req_001447,benign,5.185604e-05,0.03401051977680182,full,full,full
req_001448,benign,6.663799e-05,0.021849259429625036,full,full,full
req_001449,benign,5.6505203e-05,0.8771210801140884,full,full,full
req_001450,benign,5.2809715e-05,0.8186183408948859,full,full,full
req_001451,benign,5.4717064e-05,0.03049875649684823,full,full,full
req_001452,benign,9.715557e-05,0.040800232515105735,full,full,full
req_001453,benign,6.067753e-05,0.8030676107429853,full,full,full
req_001454,exhaustion,0.0023995042,0.056375416619742436,full,full,full
req_001455,benign,5.555153e-05,0.8062502081881614,full,full,full
req_001456,benign,4.9471855e-05,0.7322590503002515,full,full,full
req_001457,benign,5.054474e-05,0.8472678267263714,full,full,full
req_001458,benign,5.888939e-05,0.8995325863161429,full,full,full
req_001459,benign,9.8228455e-05,0.8346670709108674,full,full,full
req_001460,injection,0.9993395,0.028191753919017227,full,quarantine,quarantine
req_001461,benign,0.0001026392,0.029072329720509126,full,full,full
req_001462,exhaustion,0.028561115,0.03389228834448902,full,full,full
req_001463,benign,0.00011467934,0.8604413050433031,full,full,full
req_001464,benign,4.9352646e-05,0.02088991732791962,full,full,full
req_001465,benign,6.425381e-05,0.8138662711509538,full,full,full
req_001466,benign,0.0002694726,0.7617950826362287,full,full,full
req_001467,benign,4.9829483e-05,0.025715287824726773,full,full,full
req_001468,benign,5.853176e-05,0.9033318954060502,full,full,full
req_001469,benign,5.6624413e-05,0.7966641757002287,full,full,full
req_001470,benign,6.1154366e-05,0.8759256453250243,full,full,full
req_001471,benign,5.9604645e-05,0.8615903063206889,full,full,full
req_001472,benign,4.9471855e-05,0.06448055065030932,full,full,full
req_001473,benign,4.9114227e-05,0.8290882294220029,full,full,full
req_001474,benign,5.042553e-05,0.8832230568256492,full,full,full
req_001475,benign,8.845329e-05,0.02985779122104052,full,full,full
req_001476,injection,0.99935514,0.0438098164447883,full,quarantine,quarantine
req_001477,benign,7.9751015e-05,0.041836732097713526,full,full,full
req_001478,exhaustion,0.00022381544,0.019525612706000287,full,full,full
req_001479,benign,4.9471855e-05,0.0843210442577923,full,full,full
req_001480,benign,5.2571297e-05,0.025946295714935688,full,full,full
req_001481,benign,7.2836876e-05,0.8718732083344801,full,full,full
req_001482,benign,6.663799e-05,0.7995656763939492,full,full,full
req_001483,benign,4.9829483e-05,0.03651731127620532,full,full,full
req_001484,benign,4.9829483e-05,0.031124848507417594,full,full,full
req_001485,benign,6.9499016e-05,0.9214698143810354,full,full,full
req_001486,injection,0.9994013,0.023519820171320135,full,quarantine,quarantine
req_001487,benign,4.9471855e-05,0.8330229756833286,full,full,full
req_001488,injection,0.99925,0.8804350840160731,full,quarantine,quarantine
req_001489,benign,6.4492226e-05,0.0019347645451158434,full,full,full
req_001490,benign,0.0001295805,0.8280875937092979,full,full,full
req_001491,benign,0.000111460686,0.817688039620591,full,full,full
req_001492,benign,7.927418e-05,0.8609595059280282,full,full,full
req_001493,exhaustion,0.00026756525,0.047357042274207284,full,full,full
req_001494,benign,0.000402987,0.8410271395635561,full,full,full
req_001495,benign,6.830692e-05,0.8400696412935995,full,full,full
req_001496,injection,0.99937916,0.01856280779122126,full,quarantine,quarantine
req_001497,benign,6.830692e-05,0.04782669992315311,full,full,full
req_001498,benign,0.00010025501,0.04009468582940644,full,full,full
req_001499,benign,0.00022119284,0.8611977743267797,full,full,full
req_001500,benign,0.000106453896,0.037319665191400495,full,full,full
req_001501,exhaustion,0.00026589632,0.032249050711672965,full,full,full
req_001502,benign,0.00012362003,0.0593514944505191,full,full,full
req_001503,benign,9.191036e-05,0.008862156521322627,full,full,full
req_001504,benign,9.8228455e-05,0.0,full,full,full
req_001505,benign,0.00015461445,0.8071836917235176,full,full,full
req_001506,benign,0.00024718046,0.01611345951704332,full,full,full
req_001507,benign,0.00026148558,0.846450684884487,full,full,full
req_001508,benign,4.9471855e-05,0.02867095046403686,full,full,full
req_001509,benign,4.9114227e-05,0.03567521980778298,full,full,full
req_001510,exhaustion,0.009426296,0.8468988179248643,full,full,full
req_001511,benign,0.00020390749,0.7899174779470713,full,full,full
req_001512,benign,6.54459e-05,0.8943267888765237,full,full,full
req_001513,exhaustion,0.013608336,0.06348847935076726,full,full,full
req_001514,injection,0.9993665,0.021622790274000776,full,quarantine,quarantine
req_001515,benign,0.00028413534,0.8689091217023401,full,full,full
req_001516,benign,5.7935715e-05,0.029953459272691222,full,full,full
req_001517,benign,7.867813e-05,0.03938062889691646,full,full,full
req_001518,benign,0.0001039505,0.845266720281142,full,full,full
req_001519,benign,4.9233437e-05,0.04418229105927908,full,full,full
req_001520,benign,7.2836876e-05,0.8123617276225267,full,full,full
req_001521,benign,4.9471855e-05,0.7398502848723357,full,full,full
req_001522,benign,5.698204e-05,0.02843432630016468,full,full,full
req_001523,benign,6.747246e-05,0.9532342033404881,full,full,full
req_001524,exhaustion,0.0019170046,0.06828382837359956,full,full,full
req_001525,benign,4.9114227e-05,0.966431047965218,full,full,full
req_001526,benign,0.00013673306,0.8728850848433296,full,full,full
req_001527,benign,4.9471855e-05,0.7997956392815865,full,full,full
req_001528,exhaustion,0.0050005913,0.026796414744141427,full,full,full
req_001529,exhaustion,0.0002529025,0.010123960047365488,full,full,full
req_001530,benign,5.8293343e-05,0.8662466554842129,full,full,full
req_001531,benign,6.9737434e-05,0.021210194739226515,full,full,full
req_001532,benign,0.00013196468,0.8867357747021014,full,full,full
req_001533,injection,0.9996146,0.04724732817859109,full,quarantine,quarantine
req_001534,benign,0.00011897087,0.04656376877381785,full,full,full
req_001535,benign,6.830692e-05,0.042355576695068266,full,full,full
req_001536,benign,5.1140785e-05,0.8575116184115773,full,full,full
req_001537,benign,5.209446e-05,0.061592957617728136,full,full,full
req_001538,benign,7.212162e-05,0.014148642657441313,full,full,full
req_001539,benign,4.9471855e-05,0.919427446969729,full,full,full
req_001540,injection,0.9996146,0.04345090109246983,full,quarantine,quarantine
req_001541,benign,9.191036e-05,0.8115212455516347,full,full,full
req_001542,benign,5.507469e-05,0.9676490756525118,full,full,full
req_001543,benign,6.4492226e-05,0.7873661707442523,full,full,full
req_001544,benign,4.9114227e-05,0.8450986615929329,full,full,full
req_001545,benign,0.00011205673,0.887512189221584,full,full,full
req_001546,benign,4.9471855e-05,0.7347991000593366,full,full,full
req_001547,benign,0.0017185211,0.015513667909741877,full,full,full
req_001548,benign,0.00046038628,0.03223570313936898,full,full,full
req_001549,exhaustion,0.00035738945,0.04437311363137076,full,full,full
req_001550,benign,6.67572e-05,0.8642360473214292,full,full,full
req_001551,benign,0.00010216236,0.8613907205447803,full,full,full
req_001552,benign,5.6624413e-05,0.8399270436141668,full,full,full
req_001553,benign,6.9499016e-05,0.9048066872928413,full,full,full
req_001554,benign,7.426739e-05,0.8316656454078374,full,full,full
req_001555,benign,7.176399e-05,0.04530320980189769,full,full,full
req_001556,benign,6.365776e-05,0.8690721728154446,full,full,full
req_001557,benign,4.9114227e-05,0.8936302101442892,full,full,full
req_001558,benign,6.03199e-05,0.9064286262253598,full,full,full
req_001559,benign,6.92606e-05,0.030605686764548383,full,full,full
req_001560,benign,9.250641e-05,0.008999078849618258,full,full,full
req_001561,benign,0.0001270771,0.03210951607965083,full,full,full
req_001562,exhaustion,0.0031129718,0.05250712753801322,full,full,full
req_001563,benign,5.6624413e-05,0.795658487765326,full,full,full
req_001564,benign,4.9114227e-05,0.8659809563116966,full,full,full
req_001565,benign,0.000121474266,0.8823913594808556,full,full,full
req_001566,benign,5.054474e-05,0.05943668466122824,full,full,full
req_001567,benign,5.6147575e-05,0.9341071513584103,full,full,full
req_001568,benign,0.00020629168,0.7979471021965897,full,full,full
req_001569,benign,7.7962875e-05,0.8516142292231587,full,full,full
req_001570,exhaustion,0.012389779,0.0,full,full,full
req_001571,benign,6.92606e-05,0.8848597061532341,full,full,full
req_001572,benign,0.00014019012,0.7937509653648973,full,full,full
req_001573,exhaustion,0.0006278157,0.01158312629214879,full,full,full
req_001574,benign,0.00060391426,0.910186653447983,full,full,full
req_001575,injection,0.99821144,0.035384984569188746,full,quarantine,quarantine
req_001576,injection,0.9994931,0.029504509877869737,full,quarantine,quarantine
req_001577,injection,0.99881274,0.02598278995860669,full,quarantine,quarantine
req_001578,benign,4.9471855e-05,0.05630359737593858,full,full,full
req_001579,benign,0.00010704994,0.8376720912911241,full,full,full
req_001580,benign,5.6624413e-05,0.910845738796194,full,full,full
req_001581,benign,9.250641e-05,0.8015482178332314,full,full,full
req_001582,benign,0.00013887882,0.021924209494358055,full,full,full
req_001583,benign,6.0796738e-05,0.7554284671929526,full,full,full
req_001584,benign,0.00048840046,0.9252002483174491,full,full,full
req_001585,benign,0.000104665756,0.04078270207969722,full,full,full
req_001586,benign,6.151199e-05,0.024770671858113456,full,full,full
req_001587,benign,4.9471855e-05,0.7738219588240881,full,full,full
req_001588,benign,5.6505203e-05,0.7834420218856081,full,full,full
req_001589,benign,6.759167e-05,0.023064747347682074,full,full,full
req_001590,benign,0.00035119057,0.07625588777536074,full,full,full
req_001591,benign,6.878376e-05,0.04343098504172221,full,full,full
req_001592,exhaustion,0.02048117,0.03321887285238702,full,full,full
req_001593,benign,0.004931569,0.0431294842059196,full,full,full
req_001594,benign,5.6505203e-05,0.06482257632016061,full,full,full
req_001595,benign,5.054474e-05,0.8005129466914589,full,full,full
req_001596,injection,0.99786997,0.03947145268746328,full,quarantine,quarantine
req_001597,benign,0.00017035007,0.8502666095978195,full,full,full
req_001598,benign,5.733967e-05,0.030769135608234695,full,full,full
req_001599,benign,0.00093251467,0.04601138621528788,full,full,full
req_001600,exhaustion,0.0002040267,0.016454704504477096,full,full,full
req_001601,benign,6.258488e-05,0.8609050561899387,full,full,full
req_001602,benign,6.92606e-05,0.025330806094946548,full,full,full
req_001603,benign,0.00011575222,0.03518104566050434,full,full,full
req_001604,benign,0.0007100105,0.8221570527555598,full,full,full
req_001605,benign,8.2969666e-05,0.07681987986938366,full,full,full
req_001606,benign,4.9471855e-05,0.05050210914733351,full,full,full
req_001607,benign,5.5789948e-05,0.040461145084733426,full,full,full
req_001608,benign,0.00019913912,0.05099617588642237,full,full,full
req_001609,benign,6.198883e-05,0.8473657315023578,full,full,full
req_001610,benign,6.496906e-05,0.8660860456212691,full,full,full
req_001611,benign,5.8293343e-05,0.8681864450983624,full,full,full
req_001612,benign,5.733967e-05,0.027600889616565163,full,full,full
req_001613,benign,4.9471855e-05,0.06441494229773864,full,full,full
req_001614,benign,0.00022548437,0.7686862865302044,full,full,full
req_001615,injection,0.9993538,0.030175433392733837,full,quarantine,quarantine
req_001616,exhaustion,0.00198102,0.04159406541095008,full,full,full
req_001617,benign,5.6147575e-05,0.8790034887312838,full,full,full
req_001618,benign,5.4717064e-05,0.903265758497338,full,full,full
req_001619,benign,9.191036e-05,0.027402758535500456,full,full,full
req_001620,benign,5.9723854e-05,0.0,full,full,full
req_001621,benign,5.698204e-05,0.8633401871193651,full,full,full
req_001622,benign,4.9471855e-05,0.08664118054901795,full,full,full
req_001623,benign,6.842613e-05,0.8688727559365448,full,full,full
req_001624,benign,5.6147575e-05,0.8243991523564651,full,full,full
req_001625,benign,0.00012254715,0.855391573996128,full,full,full
req_001626,benign,4.9114227e-05,0.03988523570757043,full,full,full
req_001627,benign,0.00012278557,0.8889656467494662,full,full,full
req_001628,benign,4.9471855e-05,0.05952344549924113,full,full,full
req_001629,benign,7.3075294e-05,0.8868233493163243,full,full,full
req_001630,injection,0.9973647,0.02983498885512807,full,quarantine,quarantine
req_001631,benign,5.1259995e-05,0.03266797445810473,full,full,full
req_001632,benign,0.00010550022,0.9490166810357274,full,full,full
req_001633,benign,7.164478e-05,0.024838446084115076,full,full,full
req_001634,benign,0.000104665756,0.8282485625637909,full,full,full
req_001635,injection,0.990708,0.0038586975410672963,full,full,quarantine
req_001636,benign,0.00012230873,0.8839242094268609,full,full,full
req_001637,exhaustion,0.012738705,0.03953032766113787,full,full,full
req_001638,injection,0.9994753,0.025432147174870034,full,quarantine,quarantine
req_001639,benign,0.0001001358,0.7470036320637519,full,full,full
req_001640,benign,5.6624413e-05,0.8721725577792095,full,full,full
req_001641,benign,0.0001232624,0.025890554854207302,full,full,full
req_001642,benign,6.055832e-05,0.8578782840470247,full,full,full
req_001643,benign,0.000119805336,0.8752786341607763,full,full,full
req_001644,benign,6.9499016e-05,0.018384086576785114,full,full,full
req_001645,injection,0.99955916,0.0620167716443417,full,quarantine,quarantine
req_001646,benign,4.9471855e-05,0.004744361338617956,full,full,full
req_001647,exhaustion,0.00030958652,0.868015917485689,full,full,full
req_001648,benign,5.6028366e-05,0.9105108633845275,full,full,full
req_001649,exhaustion,0.00016880035,0.054094800479410815,full,full,full
req_001650,benign,6.1154366e-05,0.8056535356815028,full,full,full
req_001651,benign,7.748604e-05,0.012896069578123469,full,full,full
req_001652,benign,0.00015735626,0.02672168820102571,full,full,full
req_001653,benign,7.6413155e-05,0.002665419031555056,full,full,full
req_001654,benign,0.00018650293,0.7576896260521591,full,full,full
req_001655,benign,9.5009804e-05,0.804336027536339,full,full,full
req_001656,benign,5.018711e-05,0.04054703621354879,full,full,full
req_001657,exhaustion,0.0008597374,0.043213427445525726,full,full,full
req_001658,benign,5.054474e-05,0.8216472263725644,full,full,full
req_001659,benign,0.0005373359,0.03385580732609806,full,full,full
req_001660,benign,0.00011944771,0.8161420280507876,full,full,full
req_001661,benign,5.877018e-05,0.8267437061946735,full,full,full
req_001662,benign,5.38826e-05,0.874809028330337,full,full,full
req_001663,exhaustion,0.00020879507,0.06592081788145844,full,full,full
req_001664,benign,6.4611435e-05,0.8549347092389822,full,full,full
req_001665,benign,5.7935715e-05,0.8919151757257674,full,full,full
req_001666,benign,7.939339e-05,0.04630116039455966,full,full,full
req_001667,benign,7.8201294e-05,0.8180984643979816,full,full,full
req_001668,injection,0.9996146,0.05685035991653954,full,quarantine,quarantine
req_001669,benign,4.9829483e-05,0.05224017374702204,full,full,full
req_001670,benign,0.000119805336,0.7819680024757341,full,full,full
req_001671,benign,4.9471855e-05,0.033091900301055306,full,full,full
req_001672,exhaustion,0.0005123615,0.8213234390675723,full,full,full
req_001673,benign,9.608269e-05,0.7542409283670342,full,full,full
req_001674,benign,4.9114227e-05,0.8740474435859242,full,full,full
req_001675,benign,0.0024129152,0.8051937712222337,full,full,full
req_001676,benign,5.2809715e-05,0.04020341880065375,full,full,full
req_001677,benign,4.9471855e-05,0.8683003597579142,full,full,full
req_001678,injection,0.9930628,0.036550602365349474,full,full,quarantine
req_001679,benign,4.9233437e-05,0.0,full,full,full
req_001680,benign,0.00011897087,0.7472273208682763,full,full,full
req_001681,benign,6.878376e-05,0.05989856540587954,full,full,full
req_001682,benign,5.6028366e-05,0.8174085877623926,full,full,full
req_001683,benign,0.0002296567,0.7761403238294291,full,full,full
req_001684,benign,6.830692e-05,0.03580612717383195,full,full,full
req_001685,benign,6.4492226e-05,0.9135437967277954,full,full,full
req_001686,benign,6.92606e-05,0.8544003296504548,full,full,full
req_001687,benign,9.512901e-05,0.0403048524601772,full,full,full
req_001688,benign,6.4492226e-05,0.023056650445599732,full,full,full
req_001689,benign,4.9471855e-05,0.8433846888184675,full,full,full
req_001690,exhaustion,0.0002529025,0.0,full,full,full
req_001691,benign,4.9114227e-05,0.8814339498636741,full,full,full
req_001692,benign,8.6307526e-05,0.8975842090992384,full,full,full
req_001693,benign,0.00011134148,0.03752610428395584,full,full,full
req_001694,benign,4.9471855e-05,0.0402316094599318,full,full,full
req_001695,benign,5.6624413e-05,0.03675772384017233,full,full,full
req_001696,benign,6.4492226e-05,0.022105407356946948,full,full,full
req_001697,benign,5.7935715e-05,0.825229742185584,full,full,full
req_001698,benign,6.1035156e-05,0.8919531741220676,full,full,full
req_001699,benign,0.0001039505,0.0622866195514517,full,full,full
req_001700,benign,0.00020354986,0.029593553619720436,full,full,full
req_001701,benign,6.2942505e-05,0.015477446519382928,full,full,full
req_001702,benign,0.00014173985,0.8846966405416758,full,full,full
req_001703,benign,0.0001103878,0.8254846953626465,full,full,full
req_001704,benign,0.00013685226,0.04457960409187942,full,full,full
req_001705,benign,4.9471855e-05,0.812004313657217,full,full,full
req_001706,benign,5.4717064e-05,0.044808657615810064,full,full,full
req_001707,benign,0.00011694431,0.7920296116786106,full,full,full
req_001708,benign,9.119511e-05,0.0672260980959154,full,full,full
req_001709,benign,8.9883804e-05,0.8228518602559133,full,full,full
req_001710,benign,5.877018e-05,0.818155510792485,full,full,full
req_001711,benign,5.6624413e-05,0.0,full,full,full
req_001712,benign,8.702278e-05,0.060594534336220404,full,full,full
req_001713,benign,5.4001808e-05,0.8491527149773312,full,full,full
req_001714,benign,6.1154366e-05,0.03423824707746433,full,full,full
req_001715,benign,7.915497e-05,0.8161511221795196,full,full,full
req_001716,benign,0.00022345781,0.0,full,full,full
req_001717,benign,0.000728786,0.8337886026558224,full,full,full
req_001718,benign,5.8412552e-05,0.02285841824978409,full,full,full
req_001719,benign,4.9114227e-05,0.8629302299344337,full,full,full
req_001720,exhaustion,0.015938818,0.018479555785977347,full,full,full
req_001721,benign,5.6147575e-05,0.023031232015046588,full,full,full
req_001722,benign,0.00015103817,0.053047301087191315,full,full,full
req_001723,benign,9.6559525e-05,0.7657436586129654,full,full,full
req_001724,benign,7.3075294e-05,0.8543656347082834,full,full,full
req_001725,benign,5.865097e-05,0.8153694449274174,full,full,full
req_001726,benign,4.9114227e-05,0.858611065881536,full,full,full
req_001727,benign,0.00013804436,0.01414799303789907,full,full,full
req_001728,benign,5.9485435e-05,0.8163255357306458,full,full,full
req_001729,injection,0.999468,0.8446801604549029,full,quarantine,quarantine
req_001730,benign,0.00012278557,0.8743521256755449,full,full,full
req_001731,benign,0.0001925826,0.8012277840420855,full,full,full
req_001732,benign,5.0663948e-05,0.8593434156286544,full,full,full
req_001733,benign,4.9471855e-05,0.8758433090798772,full,full,full
req_001734,benign,6.0796738e-05,0.010098379382420843,full,full,full
req_001735,benign,0.000119805336,0.05798300744830737,full,full,full
req_001736,benign,0.00014984608,0.03489871934768283,full,full,full
req_001737,exhaustion,0.017593741,0.0565581146411228,full,full,full
req_001738,benign,0.00050997734,0.07322779479789072,full,full,full
req_001739,benign,9.191036e-05,0.7148599643076687,full,full,full
req_001740,benign,0.00018209219,0.800602538278475,full,full,full
req_001741,injection,0.9996423,0.03433886365756579,full,quarantine,quarantine
req_001742,benign,6.7949295e-05,0.8547342490539678,full,full,full
req_001743,benign,4.9471855e-05,0.05430122019215809,full,full,full
req_001744,benign,5.6624413e-05,0.032771110920339415,full,full,full
req_001745,benign,5.9485435e-05,0.8670442892768936,full,full,full
req_001746,benign,8.535385e-05,0.02507375176556879,full,full,full
req_001747,benign,0.0004760027,0.8776840445773646,full,full,full
req_001748,benign,0.00013804436,0.7917873132598744,full,full,full
req_001749,benign,6.9856644e-05,0.05014679710659167,full,full,full
req_001750,benign,4.9471855e-05,0.8506662350659809,full,full,full
req_001751,benign,7.855892e-05,1.0,full,full,full
req_001752,benign,6.842613e-05,0.039655680040056776,full,full,full
req_001753,benign,7.83205e-05,0.8634105114760001,full,full,full
req_001754,benign,5.6505203e-05,0.7756280525686389,full,full,full
req_001755,benign,0.0001128912,0.9067782281007918,full,full,full
req_001756,benign,0.0001538992,0.8556650100121073,full,full,full
req_001757,benign,5.6147575e-05,0.8954961607306582,full,full,full
req_001758,benign,0.00012505054,0.8546458581830191,full,full,full
req_001759,benign,9.250641e-05,0.027586563316630088,full,full,full
req_001760,benign,0.0025992393,0.8170314449515065,full,full,full
req_001761,benign,0.00017911196,0.03403889483019038,full,full,full
req_001762,benign,4.9233437e-05,0.0395602235051908,full,full,full
req_001763,benign,5.7816505e-05,0.856871949312192,full,full,full
req_001764,benign,0.00014460087,0.9031097621883243,full,full,full
req_001765,benign,0.00012362003,0.0743005781213101,full,full,full
req_001766,exhaustion,7.903576e-05,0.014316795179793437,full,full,full
req_001767,benign,0.00014567375,0.014475287207658321,full,full,full
req_001768,benign,5.6624413e-05,0.8751625849052553,full,full,full
req_001769,benign,4.9471855e-05,0.8070206368010941,full,full,full
req_001770,exhaustion,0.00021559,0.0571243265631596,full,full,full
req_001771,benign,4.9471855e-05,0.8915200412221632,full,full,full
req_001772,benign,0.00012934208,0.8403986426783073,full,full,full
req_001773,benign,0.0006108284,0.02051088399485909,full,full,full
req_001774,benign,5.507469e-05,0.011500205967626746,full,full,full
req_001775,injection,0.99939173,0.023796751328916455,full,quarantine,quarantine
req_001776,benign,0.00030946732,0.8342623633969505,full,full,full
req_001777,exhaustion,0.00016379356,0.7788088694294295,full,full,full
req_001778,benign,5.698204e-05,0.8290622136375662,full,full,full
req_001779,benign,5.8293343e-05,0.029658729868928087,full,full,full
req_001780,benign,5.8293343e-05,0.9245297469654021,full,full,full
req_001781,benign,4.9114227e-05,0.013963721955026803,full,full,full
req_001782,benign,7.927418e-05,0.014730985260985497,full,full,full
req_001783,injection,0.99955916,0.00935268875073544,full,quarantine,quarantine
req_001784,benign,0.00012731552,0.8855880504662965,full,full,full
req_001785,benign,5.6147575e-05,0.8686356732780426,full,full,full
req_001786,benign,0.00010716915,0.8317750718147576,full,full,full
req_001787,benign,4.9471855e-05,0.8571585819710436,full,full,full
req_001788,exhaustion,7.915497e-05,0.02135040373838172,full,full,full
req_001789,benign,4.9471855e-05,0.8997355580420934,full,full,full
req_001790,benign,0.00038015842,0.07332149465630469,full,full,full
req_001791,benign,0.0005249381,0.9627508647914887,full,full,full
req_001792,benign,0.0029124618,0.8390492698760477,full,full,full
req_001793,benign,5.6266785e-05,0.925933540570707,full,full,full
req_001794,benign,0.00012493134,0.04460851850330374,full,full,full
req_001795,exhaustion,0.0022502542,0.06109882861204034,full,full,full
req_001796,benign,9.870529e-05,0.7913236424420793,full,full,full
req_001797,benign,4.9114227e-05,0.7591927954723385,full,full,full
req_001798,exhaustion,0.00015306473,0.03577545262669114,full,full,full
req_001799,benign,6.0915947e-05,0.03587265915745765,full,full,full
req_001800,benign,5.0663948e-05,0.8170108505707365,full,full,full
req_001801,benign,4.9471855e-05,0.8798115569257957,full,full,full
req_001802,benign,0.000104665756,0.8054255739017817,full,full,full
req_001803,benign,0.00014472008,0.8491961363615672,full,full,full
req_001804,benign,0.00018006563,0.7973592671024642,full,full,full
req_001805,benign,0.00015282631,0.01577590378721258,full,full,full
req_001806,benign,4.9471855e-05,0.8371749721973267,full,full,full
req_001807,benign,0.0019603372,0.027588001270502028,full,full,full
req_001808,benign,6.604195e-05,0.8416953114567641,full,full,full
req_001809,benign,4.9471855e-05,0.9581603697578761,full,full,full
req_001810,benign,6.067753e-05,0.034201579192578095,full,full,full
req_001811,injection,0.9996329,0.8914391021701101,full,quarantine,quarantine
req_001812,benign,0.00039619207,0.029219296297392512,full,full,full
req_001813,benign,4.9114227e-05,0.8174909100911358,full,full,full
req_001814,benign,0.00016272068,0.8645189409542019,full,full,full
req_001815,benign,6.6280365e-05,0.7573475205051272,full,full,full
req_001816,benign,6.92606e-05,0.91633227078801,full,full,full
req_001817,benign,5.6147575e-05,0.8633037101048425,full,full,full
req_001818,benign,4.9471855e-05,0.001436296602400848,full,full,full
req_001819,benign,0.00024276972,0.0,full,full,full
req_001820,benign,4.9471855e-05,0.039346495980494195,full,full,full
req_001821,benign,0.000104665756,0.011288693774093101,full,full,full
req_001822,benign,5.9366226e-05,0.919113178785681,full,full,full
req_001823,injection,0.99937224,0.04325631764863594,full,quarantine,quarantine
req_001824,benign,0.00010454655,0.9116994925506323,full,full,full
req_001825,benign,4.9471855e-05,0.05412946755573833,full,full,full
req_001826,benign,4.9114227e-05,0.8060134239278248,full,full,full
req_001827,benign,5.4717064e-05,0.9173821528575505,full,full,full
req_001828,benign,8.094311e-05,0.7892146832268684,full,full,full
req_001829,benign,5.9485435e-05,0.8194593232978875,full,full,full
req_001830,injection,0.99925166,0.027727412057454187,full,quarantine,quarantine
req_001831,benign,0.00010740757,0.004681479642797193,full,full,full
req_001832,benign,0.00013720989,0.7843167134767111,full,full,full
req_001833,injection,0.99853593,0.8361399293234621,full,quarantine,quarantine
req_001834,benign,4.9114227e-05,0.8511401877370792,full,full,full
req_001835,benign,4.9352646e-05,0.843131271507775,full,full,full
req_001836,benign,0.00013196468,0.059662130700171206,full,full,full
req_001837,benign,0.0001039505,0.04957879694555836,full,full,full
req_001838,benign,5.018711e-05,0.023502812905471286,full,full,full
req_001839,benign,9.191036e-05,0.8377869464013906,full,full,full
req_001840,benign,7.259846e-05,0.7377746180714132,full,full,full
req_001841,benign,8.249283e-05,0.03705867177780446,full,full,full
req_001842,benign,6.365776e-05,0.7531404322737383,full,full,full
req_001843,benign,4.9471855e-05,0.8848818792517166,full,full,full
req_001844,exhaustion,0.0036219954,0.05244343787489515,full,full,full
req_001845,injection,0.9994924,0.050698453882397146,full,quarantine,quarantine
req_001846,benign,4.9114227e-05,0.0438580075200548,full,full,full
req_001847,benign,6.151199e-05,0.02204674475347787,full,full,full
req_001848,benign,5.6624413e-05,0.0,full,full,full
req_001849,benign,8.237362e-05,0.015332670344745704,full,full,full
req_001850,benign,4.9471855e-05,0.015654980943210398,full,full,full
req_001851,exhaustion,0.00084006786,0.05802778740300284,full,full,full
req_001852,benign,0.002216518,0.8102138397906512,full,full,full
req_001853,benign,4.9114227e-05,0.9330293735296873,full,full,full
req_001854,benign,5.018711e-05,0.02595196822520332,full,full,full
req_001855,benign,5.6624413e-05,0.00038276673980332937,full,full,full
req_001856,benign,7.176399e-05,0.8856260926943679,full,full,full
req_001857,benign,5.7935715e-05,0.04035235164346761,full,full,full
req_001858,benign,4.9471855e-05,0.054977962248608944,full,full,full
req_001859,benign,6.842613e-05,0.8828017138486914,full,full,full
req_001860,injection,0.9993346,0.9008265223215035,full,quarantine,quarantine
req_001861,benign,4.9114227e-05,0.05833985019099404,full,full,full
req_001862,benign,0.000582695,0.023547504097800452,full,full,full
req_001863,benign,6.7830086e-05,0.05107363622616212,full,full,full
req_001864,benign,5.6624413e-05,0.04692203683585584,full,full,full
req_001865,benign,6.92606e-05,0.00746445220314311,full,full,full
req_001866,benign,6.92606e-05,0.8057318668233213,full,full,full
req_001867,benign,0.000106453896,0.7975672147999114,full,full,full
req_001868,benign,4.9471855e-05,0.060625752488855725,full,full,full
req_001869,injection,0.9993688,0.03324892211515248,full,quarantine,quarantine
req_001870,benign,4.9471855e-05,0.003141719018804716,full,full,full
req_001871,benign,0.0018450618,0.8462022623899373,full,full,full
req_001872,benign,7.212162e-05,0.07659580688511754,full,full,full
req_001873,benign,5.733967e-05,0.004423968212180853,full,full,full
req_001874,benign,0.00032794476,0.02952876588891977,full,full,full
req_001875,benign,4.9233437e-05,0.8002161095999952,full,full,full
req_001876,benign,0.00010514259,0.8846670443969503,full,full,full
req_001877,benign,0.0013343096,0.8490220288573445,full,full,full
req_001878,benign,5.6624413e-05,0.806055037671152,full,full,full
req_001879,benign,0.00013673306,0.022166829236976285,full,full,full
req_001880,benign,4.9114227e-05,0.8070244421893519,full,full,full
req_001881,benign,6.759167e-05,0.035802071224471314,full,full,full
req_001882,benign,4.9471855e-05,0.8125323821854313,full,full,full
req_001883,benign,5.6147575e-05,0.9118584592247082,full,full,full
req_001884,benign,8.8214874e-05,0.04863244981176364,full,full,full
req_001885,benign,4.9471855e-05,0.7791591298189234,full,full,full
req_001886,benign,5.6147575e-05,0.8398484360643379,full,full,full
req_001887,benign,4.9471855e-05,0.8686076159047652,full,full,full
req_001888,benign,7.414818e-05,0.049074693024626054,full,full,full
req_001889,exhaustion,0.00026756525,0.027112837467058167,full,full,full
req_001890,benign,0.00012862682,0.8044970343797861,full,full,full
req_001891,benign,9.441376e-05,0.8072592400470926,full,full,full
req_001892,benign,0.0001295805,0.0027239242240830637,full,full,full
req_001893,benign,5.1617622e-05,0.8497270548927804,full,full,full
req_001894,benign,9.191036e-05,0.8762767801067363,full,full,full
req_001895,benign,5.9723854e-05,0.03837351349263092,full,full,full
req_001896,benign,0.00013828278,0.8780102137374678,full,full,full
req_001897,benign,4.9471855e-05,0.006670557530519199,full,full,full
req_001898,benign,6.16312e-05,0.8401268227622359,full,full,full
req_001899,benign,5.6624413e-05,0.05354206493375552,full,full,full
req_001900,benign,8.928776e-05,0.8253334797906198,full,full,full
req_001901,benign,5.698204e-05,0.8552625058785807,full,full,full
req_001902,benign,5.6624413e-05,0.8833722696177327,full,full,full
req_001903,benign,5.8412552e-05,0.83007965029364,full,full,full
req_001904,benign,4.9471855e-05,0.007518750363088009,full,full,full
req_001905,benign,6.4492226e-05,0.05332827708248625,full,full,full
req_001906,benign,5.6505203e-05,0.9028166039662939,full,full,full
req_001907,benign,4.9114227e-05,0.8621791157677424,full,full,full
req_001908,benign,5.6624413e-05,0.7671052839864396,full,full,full
req_001909,benign,7.8201294e-05,0.8811941949129674,full,full,full
req_001910,benign,5.38826e-05,0.9465057988225869,full,full,full
req_001911,exhaustion,0.0005642772,0.008201795815657595,full,full,full
req_001912,benign,6.580353e-05,0.02237381703428705,full,full,full
req_001913,benign,0.00020378828,0.8376726288967858,full,full,full
req_001914,benign,0.000104665756,0.041853292096508794,full,full,full
req_001915,benign,6.92606e-05,0.04148979200558528,full,full,full
req_001916,benign,5.0663948e-05,0.8900104971250742,full,full,full
req_001917,benign,0.0001654625,0.032681042217987566,full,full,full
req_001918,benign,6.9499016e-05,0.8764392716513346,full,full,full
req_001919,benign,0.00015032291,0.8663522589722568,full,full,full
req_001920,benign,4.9471855e-05,0.0014909687551464962,full,full,full
req_001921,benign,9.3102455e-05,0.0032153257541016195,full,full,full
req_001922,benign,4.9114227e-05,0.8424172538846795,full,full,full
req_001923,benign,0.0005392432,0.03449008057324778,full,full,full
req_001924,benign,0.00041252375,0.0,full,full,full
req_001925,benign,5.6624413e-05,0.829021165427928,full,full,full
req_001926,benign,6.687641e-05,0.903536562949983,full,full,full
req_001927,benign,5.6624413e-05,0.8143782750783104,full,full,full
req_001928,benign,9.191036e-05,0.8386560277040722,full,full,full
req_001929,benign,0.00071424246,0.05493047603651956,full,full,full
req_001930,benign,5.8293343e-05,0.015996225065310576,full,full,full
req_001931,benign,0.00024479628,0.8315108623259924,full,full,full
req_001932,benign,5.0902367e-05,0.8918060204299053,full,full,full
req_001933,benign,5.7816505e-05,0.8897985962967719,full,full,full
req_001934,benign,4.9114227e-05,0.7916285460376801,full,full,full
req_001935,benign,9.727478e-05,0.0,full,full,full
req_001936,benign,5.9247017e-05,0.7974042344003589,full,full,full
req_001937,benign,4.9471855e-05,0.8384760187263185,full,full,full
req_001938,benign,4.9233437e-05,0.04196331740701709,full,full,full
req_001939,benign,6.1154366e-05,0.0,full,full,full
req_001940,benign,6.16312e-05,0.06815354454422187,full,full,full
req_001941,benign,0.00012648106,0.01012324399646819,full,full,full
req_001942,benign,5.9604645e-05,0.03444570384676275,full,full,full
req_001943,benign,5.054474e-05,0.8171742931795337,full,full,full
req_001944,benign,0.00013244152,0.03421344213365163,full,full,full
req_001945,benign,4.9471855e-05,0.7631797709117538,full,full,full
req_001946,benign,4.9114227e-05,0.8612977332372871,full,full,full
req_001947,injection,0.99951565,0.0,full,quarantine,quarantine
req_001948,benign,4.9471855e-05,0.844848179387108,full,full,full
req_001949,benign,0.00051629543,0.7924402294659416,full,full,full
req_001950,benign,5.6624413e-05,0.007616600176994372,full,full,full
req_001951,benign,5.6624413e-05,0.9051380235675417,full,full,full
req_001952,benign,4.9471855e-05,0.0,full,full,full
req_001953,benign,4.9829483e-05,0.8701936875653831,full,full,full
req_001954,benign,4.9114227e-05,0.8574549350957625,full,full,full
req_001955,benign,0.00019806623,0.7248178168897211,full,full,full
req_001956,benign,6.1154366e-05,0.035659544422954645,full,full,full
req_001957,benign,6.9499016e-05,0.8817362052510207,full,full,full
req_001958,benign,4.9471855e-05,0.8851588320226929,full,full,full
req_001959,benign,5.6147575e-05,0.8578904373097281,full,full,full
req_001960,injection,0.9995274,0.8182685708657719,full,quarantine,quarantine
req_001961,benign,4.9471855e-05,0.8250910389864293,full,full,full
req_001962,benign,0.000104665756,0.8750056149906957,full,full,full
req_001963,benign,4.9114227e-05,0.080672860566436,full,full,full
req_001964,benign,5.1021576e-05,0.8262564279548557,full,full,full
req_001965,benign,6.1154366e-05,0.03336541870004219,full,full,full
req_001966,benign,7.557869e-05,0.8840663033213659,full,full,full
req_001967,benign,5.507469e-05,0.019283283484653562,full,full,full
req_001968,benign,4.9471855e-05,0.006755124426882302,full,full,full
req_001969,exhaustion,0.00022667646,0.04146761882759213,full,full,full
req_001970,benign,5.054474e-05,0.04274283612539011,full,full,full
req_001971,benign,0.00059115887,0.02461071595128487,full,full,full
req_001972,benign,6.580353e-05,0.8056508092024123,full,full,full
req_001973,benign,7.045269e-05,0.8887414451787987,full,full,full
req_001974,exhaustion,0.0006810427,0.03808454970276092,full,full,full
req_001975,benign,6.4492226e-05,0.7896185820128119,full,full,full
req_001976,benign,0.000106573105,0.008261722371262666,full,full,full
req_001977,benign,0.00011897087,0.8496909749404985,full,full,full
req_001978,benign,5.6147575e-05,0.035501326368976696,full,full,full
req_001979,benign,5.507469e-05,0.885807877901069,full,full,full
req_001980,benign,0.00029426813,0.8594270354442417,full,full,full
req_001981,benign,0.00041610003,0.02417244342438028,full,full,full
req_001982,benign,7.7843666e-05,0.04874341797265804,full,full,full
req_001983,benign,0.00010585785,0.8602572003665107,full,full,full
req_001984,benign,5.722046e-05,0.8730329540057686,full,full,full
req_001985,benign,0.0001347065,0.09236104258930683,full,full,full
req_001986,benign,7.83205e-05,0.8939922816702525,full,full,full
req_001987,exhaustion,0.00086790323,0.01151954283210439,full,full,full
req_001988,benign,0.00026983023,0.8594539860818815,full,full,full
req_001989,benign,5.209446e-05,0.7865899975565014,full,full,full
req_001990,benign,5.6624413e-05,0.8890721103006957,full,full,full
req_001991,benign,6.41346e-05,0.009367769508749919,full,full,full
req_001992,exhaustion,0.00022238493,0.021728518240556785,full,full,full
req_001993,benign,5.7578087e-05,0.8525024723215447,full,full,full
req_001994,benign,0.00013375282,0.03327784023185249,full,full,full
req_001995,benign,0.00013959408,0.8293718466205867,full,full,full
req_001996,benign,5.877018e-05,0.0316118541364439,full,full,full
req_001997,exhaustion,0.9837323,0.020485750146083514,full,full,quarantine
req_001998,benign,0.00010025501,0.872115049821073,full,full,full
req_001999,benign,0.0001296997,0.9283473620906335,full,full,full
req_002000,benign,8.881092e-05,0.06823431422635254,full,full,full
req_002001,benign,5.507469e-05,0.9458462127615864,full,full,full
req_002002,benign,4.9471855e-05,0.00937991476242879,full,full,full
req_002003,benign,5.6624413e-05,0.045712850442670316,full,full,full
req_002004,benign,5.8054924e-05,0.8130767613653526,full,full,full
req_002005,benign,4.9471855e-05,0.8973317642252907,full,full,full
req_002006,benign,7.009506e-05,0.939008282189132,full,full,full
req_002007,benign,5.6505203e-05,0.9682862559887032,full,full,full
req_002008,benign,4.9114227e-05,0.009139068213660083,full,full,full
req_002009,benign,5.7935715e-05,0.8456295013430217,full,full,full
req_002010,benign,0.000105023384,0.8889239889309613,full,full,full
req_002011,benign,0.000106453896,0.8114098589569436,full,full,full
req_002012,benign,5.6624413e-05,0.8811202151823436,full,full,full
req_002013,benign,0.00020223856,0.8807711167084933,full,full,full
req_002014,benign,5.6624413e-05,0.8307650066040748,full,full,full
req_002015,benign,6.341934e-05,0.0139764146054406,full,full,full
req_002016,benign,9.3102455e-05,0.809522779244939,full,full,full
req_002017,benign,5.6028366e-05,0.8694913316243467,full,full,full
req_002018,benign,5.6624413e-05,0.916487360770326,full,full,full
req_002019,benign,7.665157e-05,0.8688183000576051,full,full,full
req_002020,benign,4.9471855e-05,0.9901342780333138,full,full,full
req_002021,benign,0.000102996826,0.022271500167294178,full,full,full
req_002022,benign,6.246567e-05,0.8263330766254163,full,full,full
req_002023,benign,5.0663948e-05,0.8875476207566191,full,full,full
req_002024,benign,5.9366226e-05,0.7988525687218329,full,full,full
req_002025,benign,4.9114227e-05,0.013213287778113043,full,full,full
req_002026,benign,6.580353e-05,0.8945239408567689,full,full,full
req_002027,benign,4.9471855e-05,0.8634380305152267,full,full,full
req_002028,benign,7.379055e-05,0.020799046376128276,full,full,full
req_002029,injection,0.99928993,0.9007034339654248,full,quarantine,quarantine
req_002030,benign,0.00011181831,0.8751311588018234,full,full,full
req_002031,benign,8.21352e-05,0.0462149489548454,full,full,full
req_002032,benign,5.1259995e-05,0.03988152828024188,full,full,full
req_002033,benign,5.054474e-05,0.03986189397948148,full,full,full
req_002034,benign,7.426739e-05,0.8008045952652291,full,full,full
req_002035,exhaustion,0.00036525726,0.027942924690937607,full,full,full
req_002036,exhaustion,0.0007009506,0.0105169079741983,full,full,full
req_002037,benign,7.9512596e-05,0.03401063361936492,full,full,full
req_002038,benign,4.9471855e-05,0.9009662039749335,full,full,full
req_002039,benign,5.9127808e-05,0.02274269419067907,full,full,full
req_002040,benign,5.8293343e-05,0.9020641374507498,full,full,full
req_002041,benign,0.00011694431,0.8602635767360759,full,full,full
req_002042,benign,7.760525e-05,0.8192064530279537,full,full,full
req_002043,benign,5.567074e-05,0.8957709564484114,full,full,full
req_002044,benign,0.00015425682,0.87880233161658,full,full,full
req_002045,benign,5.1498413e-05,0.02463693487572085,full,full,full
req_002046,benign,0.00024300814,0.015812090179269343,full,full,full
req_002047,benign,5.00679e-05,0.9911631408511169,full,full,full
req_002048,benign,7.927418e-05,0.013152684268454905,full,full,full
req_002049,benign,4.9114227e-05,0.9094112233507222,full,full,full
req_002050,benign,0.0001732707,0.8567248555239778,full,full,full
req_002051,benign,5.6624413e-05,0.02925150203413831,full,full,full
req_002052,benign,5.6505203e-05,0.003989563218525893,full,full,full
req_002053,benign,5.6028366e-05,0.03207639370815599,full,full,full
req_002054,benign,6.9737434e-05,0.9697114103334581,full,full,full
req_002055,benign,0.000108003616,0.8314986412087959,full,full,full
req_002056,benign,4.9471855e-05,0.838197047342488,full,full,full
req_002057,benign,0.000104665756,0.018236397751733465,full,full,full
req_002058,benign,6.92606e-05,0.8718202494102483,full,full,full
req_002059,benign,4.9114227e-05,0.8440316276000123,full,full,full
req_002060,benign,0.00028675795,0.033819660719029226,full,full,full
req_002061,benign,6.0796738e-05,0.7870698767800528,full,full,full
req_002062,benign,9.75132e-05,0.027447621028736303,full,full,full
req_002063,benign,5.6266785e-05,0.048248209098660406,full,full,full
req_002064,benign,6.16312e-05,0.014263763403219866,full,full,full
req_002065,benign,4.9471855e-05,0.9039973623747299,full,full,full
req_002066,benign,8.559227e-05,0.8892387460103902,full,full,full
req_002067,benign,0.0005429387,0.8689432272496562,full,full,full
req_002068,benign,0.00050997734,0.040822259039004695,full,full,full
req_002069,benign,6.258488e-05,0.910748909618565,full,full,full
req_002070,benign,5.698204e-05,0.025587675055659252,full,full,full
req_002071,exhaustion,0.0001873374,0.06342035565221704,full,full,full
req_002072,benign,6.4492226e-05,0.8596865278295015,full,full,full
req_002073,benign,5.6624413e-05,0.04705632512819092,full,full,full
req_002074,benign,0.00038903952,0.8822944557694078,full,full,full
req_002075,benign,4.9471855e-05,0.9543329950701435,full,full,full
req_002076,benign,7.545948e-05,0.8927185391237742,full,full,full
req_002077,benign,5.018711e-05,0.8401788915703869,full,full,full
req_002078,benign,6.4492226e-05,0.024874889168240308,full,full,full
req_002079,benign,0.000104665756,0.8955411806529352,full,full,full
req_002080,benign,9.286404e-05,0.019817264193504616,full,full,full
req_002081,benign,0.0001039505,0.8446676585074009,full,full,full
req_002082,benign,4.9114227e-05,0.7638518293434856,full,full,full
req_002083,benign,7.379055e-05,0.8358563708042734,full,full,full
req_002084,benign,0.00013244152,0.7868943133105698,full,full,full
req_002085,benign,5.9485435e-05,0.86281671044726,full,full,full
req_002086,benign,8.332729e-05,0.8578192457840943,full,full,full
req_002087,benign,5.1498413e-05,0.01911720006364536,full,full,full
req_002088,exhaustion,0.0026370883,0.054746616860994524,full,full,full
req_002089,benign,6.556511e-05,0.0513914460640256,full,full,full
req_002090,benign,0.00010621548,0.9227903576369562,full,full,full
req_002091,benign,4.9114227e-05,0.7949228219923411,full,full,full
req_002092,benign,5.6266785e-05,0.05406575262234124,full,full,full
req_002093,benign,5.9485435e-05,0.05933989614234192,full,full,full
req_002094,exhaustion,0.00046563148,0.0018664852656235069,full,full,full
req_002095,benign,5.877018e-05,0.7962520161985812,full,full,full
req_002096,benign,7.164478e-05,0.0608003466074899,full,full,full
req_002097,benign,0.0006715059,0.8580867288431481,full,full,full
req_002098,injection,0.99942946,0.02835268061439166,full,quarantine,quarantine
req_002099,benign,0.00011587143,0.0500734846258295,full,full,full
req_002100,benign,4.9471855e-05,0.7696809993361111,full,full,full
req_002101,exhaustion,9.679794e-05,0.03404369948886367,full,full,full
req_002102,benign,0.000108122826,0.0,full,full,full
req_002103,benign,5.1498413e-05,0.048914351673366746,full,full,full
req_002104,benign,0.00010538101,0.9393869699768045,full,full,full
req_002105,benign,4.9471855e-05,0.9121989084844903,full,full,full
req_002106,benign,5.888939e-05,0.032445376663404586,full,full,full
req_002107,benign,5.054474e-05,0.8263718186221914,full,full,full
req_002108,benign,0.00010740757,0.039183542770013506,full,full,full
req_002109,benign,6.6280365e-05,0.021397274189403084,full,full,full
req_002110,exhaustion,0.00086683035,0.03701116507818243,full,full,full
req_002111,benign,0.014110446,0.7795847052297348,full,full,full
req_002112,benign,8.571148e-05,0.832608188582539,full,full,full
req_002113,benign,6.604195e-05,0.914672430035935,full,full,full
req_002114,benign,0.000119805336,0.8560401624828922,full,full,full
req_002115,benign,6.7949295e-05,0.8281368913555417,full,full,full
req_002116,exhaustion,0.011030316,0.014729036514784915,full,full,full
req_002117,benign,0.00039595366,0.9000103750863744,full,full,full
req_002118,benign,0.0001770854,0.8577983958639538,full,full,full
req_002119,benign,5.8293343e-05,0.8631097381315993,full,full,full
req_002120,exhaustion,0.00015163422,0.06539603188267037,full,full,full
req_002121,benign,5.6147575e-05,0.017842507830718668,full,full,full
req_002122,benign,5.6624413e-05,0.8052476711268902,full,full,full
req_002123,injection,0.9997045,0.889015094630593,full,quarantine,quarantine
req_002124,benign,5.6624413e-05,0.7909979428809649,full,full,full
req_002125,benign,5.6147575e-05,0.8755884495859655,full,full,full
req_002126,benign,0.00012862682,0.8143484394304392,full,full,full
req_002127,benign,4.9471855e-05,0.892685664801007,full,full,full
req_002128,benign,0.00019437075,0.05321754855770051,full,full,full
req_002129,benign,5.1259995e-05,0.018825878173340638,full,full,full
req_002130,benign,5.6147575e-05,0.8649394402132261,full,full,full
req_002131,benign,4.9471855e-05,0.030987846824915406,full,full,full
req_002132,benign,5.7458878e-05,0.8076652210700402,full,full,full
req_002133,benign,5.1379204e-05,0.8429273714949133,full,full,full
req_002134,benign,5.888939e-05,0.8044782904457193,full,full,full
req_002135,benign,4.9471855e-05,0.7907543954326743,full,full,full
req_002136,benign,0.0001219511,0.9042901871980165,full,full,full
req_002137,benign,9.250641e-05,0.020563841727460213,full,full,full
req_002138,benign,6.92606e-05,0.9120896691272126,full,full,full
req_002139,benign,0.00031018257,0.006673020778484754,full,full,full
req_002140,benign,7.426739e-05,0.7532357581566169,full,full,full
req_002141,benign,4.9471855e-05,0.771338043565216,full,full,full
req_002142,benign,6.92606e-05,0.8829857460355803,full,full,full
req_002143,benign,6.03199e-05,0.0,full,full,full
req_002144,benign,9.858608e-05,0.027768031354670705,full,full,full
req_002145,benign,6.997585e-05,0.9015107803510887,full,full,full
req_002146,benign,5.6624413e-05,0.8285354472924179,full,full,full
req_002147,benign,4.9471855e-05,0.7905153542315437,full,full,full
req_002148,benign,5.8293343e-05,0.8463284937524378,full,full,full
req_002149,benign,4.9471855e-05,0.8786635791222845,full,full,full
req_002150,benign,0.000172019,0.8394807319541036,full,full,full
req_002151,benign,5.7458878e-05,0.8413927560881697,full,full,full
req_002152,injection,0.99924284,0.06151542924253885,full,quarantine,quarantine
req_002153,benign,6.830692e-05,0.7790825325894616,full,full,full
req_002154,benign,0.00015723705,0.8312686348537445,full,full,full
req_002155,benign,4.9114227e-05,0.7687587923752948,full,full,full
req_002156,injection,0.99961454,0.01641156705845672,full,quarantine,quarantine
req_002157,benign,6.67572e-05,0.8073078628471159,full,full,full
req_002158,exhaustion,0.00048553944,0.04306417184649436,full,full,full
req_002159,benign,0.00032138824,0.7705133615413517,full,full,full
req_002160,benign,5.018711e-05,0.022264213804831526,full,full,full
req_002161,benign,4.9471855e-05,0.04983409250245374,full,full,full
req_002162,benign,6.4492226e-05,0.06906408326426738,full,full,full
req_002163,benign,7.164478e-05,0.8646161183023832,full,full,full
req_002164,benign,6.7949295e-05,0.8949843861316984,full,full,full
req_002165,benign,8.2850456e-05,0.8478476481112707,full,full,full
req_002166,benign,6.41346e-05,0.8319788624568799,full,full,full
req_002167,benign,5.8293343e-05,0.9497483176555225,full,full,full
req_002168,benign,6.365776e-05,0.8753366813593952,full,full,full
req_002169,benign,5.9127808e-05,0.7897040074545856,full,full,full
req_002170,benign,4.9471855e-05,0.8367059242396511,full,full,full
req_002171,benign,4.9114227e-05,0.040318556425109765,full,full,full
req_002172,benign,7.355213e-05,0.022339925806114755,full,full,full
req_002173,benign,5.6624413e-05,0.06976691021426187,full,full,full
req_002174,exhaustion,0.00012469292,0.9517047764690174,full,full,full
req_002175,benign,7.4863434e-05,0.8201294914169946,full,full,full
req_002176,benign,7.426739e-05,0.8686432321769755,full,full,full
req_002177,benign,0.0001552105,0.8164946105193731,full,full,full
req_002178,benign,4.9471855e-05,0.8496016710437524,full,full,full
req_002179,benign,4.9829483e-05,0.8768121551635554,full,full,full
req_002180,benign,0.00010573864,0.7830965244971838,full,full,full
req_002181,benign,4.9471855e-05,0.01592805613604518,full,full,full
req_002182,benign,0.00037765503,0.014988723997434677,full,full,full
req_002183,benign,5.6147575e-05,0.03353463910919841,full,full,full
req_002184,benign,6.4492226e-05,0.029308642158468682,full,full,full
req_002185,benign,5.888939e-05,0.7861012886118848,full,full,full
req_002186,benign,6.41346e-05,0.8696377002796912,full,full,full
req_002187,benign,6.9856644e-05,0.7935217943045424,full,full,full
req_002188,benign,0.0026503801,0.04780393441912486,full,full,full
req_002189,injection,0.9997471,0.052110340643160974,full,quarantine,quarantine
req_002190,benign,0.000104665756,0.8058340201632924,full,full,full
req_002191,benign,5.1617622e-05,0.048822932070110056,full,full,full
req_002192,benign,0.00011193752,0.016173324816054734,full,full,full
req_002193,benign,0.0005206466,0.7074150255731783,full,full,full
req_002194,benign,7.9751015e-05,0.7766560315593762,full,full,full
req_002195,benign,6.389618e-05,0.7448627344231876,full,full,full
req_002196,benign,0.00022381544,0.8502978017980051,full,full,full
req_002197,injection,0.9993458,0.055569439402270104,full,quarantine,quarantine
req_002198,benign,5.4478645e-05,0.842157864341524,full,full,full
req_002199,benign,5.6624413e-05,0.8468755296087063,full,full,full
req_002200,benign,0.000108003616,0.03482964705184259,full,full,full
req_002201,injection,0.9992592,0.06254671213157513,full,quarantine,quarantine
req_002202,benign,0.00022858381,0.8291236340643295,full,full,full
req_002203,benign,7.581711e-05,0.8745799343405867,full,full,full
req_002204,benign,4.9471855e-05,0.03640525250492191,full,full,full
req_002205,benign,5.9485435e-05,0.04216969974815038,full,full,full
req_002206,benign,9.894371e-05,0.03899664640564346,full,full,full
req_002207,benign,0.00012624264,0.8396451163386812,full,full,full
req_002208,benign,5.9723854e-05,0.8141669938981408,full,full,full
req_002209,benign,6.878376e-05,0.019138179895803097,full,full,full
req_002210,benign,5.6147575e-05,0.013952103139854906,full,full,full
req_002211,benign,4.9471855e-05,0.025065235802538444,full,full,full
req_002212,benign,5.51939e-05,0.8368582259830092,full,full,full
req_002213,benign,0.000119805336,0.020007030710613088,full,full,full
req_002214,benign,7.402897e-05,0.8324859687609372,full,full,full
req_002215,benign,5.6624413e-05,0.022287116635887914,full,full,full
req_002216,benign,0.00013804436,0.8319045415399007,full,full,full
req_002217,benign,6.723404e-05,0.9085637241381713,full,full,full
req_002218,benign,5.6624413e-05,0.05620011066300852,full,full,full
req_002219,benign,4.9114227e-05,0.053531671376444684,full,full,full
req_002220,benign,5.6147575e-05,0.8363006760899057,full,full,full
req_002221,benign,6.580353e-05,0.09930006077522915,full,full,full
req_002222,benign,7.259846e-05,0.90056863919444,full,full,full
req_002223,injection,0.9399226,0.008899952158518895,full,full,quarantine
req_002224,benign,5.1498413e-05,0.8923944535167141,full,full,full
req_002225,benign,0.00011897087,0.012347038716858064,full,full,full
req_002226,exhaustion,0.012891233,0.07617575557517875,full,full,full
req_002227,benign,4.9114227e-05,0.8159132507869874,full,full,full
req_002228,benign,6.8068504e-05,0.05196411312170031,full,full,full
req_002229,benign,0.0001462698,0.9391007215066027,full,full,full
req_002230,benign,5.8293343e-05,0.8249845973157905,full,full,full
req_002231,benign,6.1035156e-05,0.8769112518073368,full,full,full
req_002232,benign,4.9471855e-05,0.004158072317011111,full,full,full
req_002233,benign,4.9471855e-05,0.8624549420210508,full,full,full
req_002234,benign,4.9471855e-05,0.030532659051408843,full,full,full
req_002235,benign,0.00016188622,0.8100902192164792,full,full,full
req_002236,benign,8.201599e-05,0.849240471029366,full,full,full
req_002237,benign,4.9829483e-05,0.05646793659012049,full,full,full
req_002238,benign,6.0796738e-05,0.030365474908353413,full,full,full
req_002239,benign,6.92606e-05,0.9001830926289295,full,full,full
req_002240,benign,6.759167e-05,0.8433349445513124,full,full,full
req_002241,benign,4.9114227e-05,0.034616999266324784,full,full,full
req_002242,benign,6.03199e-05,0.7877570834373286,full,full,full
req_002243,benign,5.018711e-05,0.01857849717983217,full,full,full
req_002244,benign,5.9604645e-05,0.018746978652918994,full,full,full
req_002245,benign,0.000105023384,0.845608779917664,full,full,full
req_002246,benign,5.7458878e-05,0.842358900407126,full,full,full
req_002247,injection,0.9992572,0.8858455696382663,full,quarantine,quarantine
req_002248,injection,0.9991504,0.0059741085839925545,full,quarantine,quarantine
req_002249,benign,5.8174133e-05,0.0035063390567725942,full,full,full
req_002250,benign,5.6147575e-05,0.03643429073544947,full,full,full
req_002251,injection,0.9993921,0.0,full,quarantine,quarantine
req_002252,benign,4.9114227e-05,0.03161265639866118,full,full,full
req_002253,benign,6.41346e-05,0.8153309734261165,full,full,full
req_002254,benign,0.0006941557,0.8310461676749972,full,full,full
req_002255,exhaustion,0.0003234148,0.029485407810059264,full,full,full
req_002256,benign,0.000119805336,0.8656695251855488,full,full,full
req_002257,benign,5.8293343e-05,0.04337063237352378,full,full,full
req_002258,injection,0.99956584,0.009507236969238678,full,quarantine,quarantine
req_002259,benign,0.00054711103,0.7866435243142184,full,full,full
req_002260,benign,0.00021213293,0.7969504275970837,full,full,full
req_002261,benign,0.00017106533,0.053482251244367354,full,full,full
req_002262,benign,0.00020629168,0.07000016917875773,full,full,full
req_002263,benign,0.0008198619,0.8368170633127873,full,full,full
req_002264,benign,7.212162e-05,0.8071708317598132,full,full,full
req_002265,benign,9.763241e-05,0.8114311443555855,full,full,full
req_002266,benign,6.0081482e-05,0.043776921205730554,full,full,full
req_002267,benign,5.2452087e-05,0.0,full,full,full
req_002268,benign,6.651878e-05,0.007320656259668705,full,full,full
req_002269,benign,9.9658966e-05,0.8375185654060355,full,full,full
req_002270,benign,0.00011372566,0.8716545732836832,full,full,full
req_002271,benign,7.343292e-05,0.0019570104358871444,full,full,full
req_002272,benign,6.580353e-05,0.04353050296461581,full,full,full
req_002273,benign,7.593632e-05,0.8310697709898814,full,full,full
req_002274,benign,0.0002451539,0.8361045721040975,full,full,full
req_002275,benign,0.00015306473,0.8866518185214609,full,full,full
req_002276,benign,5.018711e-05,0.04668478942385426,full,full,full
req_002277,benign,4.9471855e-05,0.7317830589265196,full,full,full
req_002278,exhaustion,0.0006688833,0.041662164107929646,full,full,full
req_002279,benign,4.9114227e-05,0.021061418894693158,full,full,full
req_002280,benign,6.92606e-05,0.8464741605955652,full,full,full
req_002281,injection,0.99972486,0.01975307427916459,full,quarantine,quarantine
req_002282,injection,0.99969393,0.033810029863864284,full,quarantine,quarantine
req_002283,benign,0.00013971329,0.9413125496754754,full,full,full
req_002284,benign,5.698204e-05,0.7698661712008974,full,full,full
req_002285,benign,0.000102996826,0.04303197512093225,full,full,full
req_002286,benign,5.7935715e-05,0.03050884568778186,full,full,full
req_002287,benign,6.8068504e-05,0.06257480896681489,full,full,full
req_002288,benign,6.9737434e-05,0.8130079255593312,full,full,full
req_002289,benign,4.9114227e-05,0.0,full,full,full
req_002290,benign,5.9247017e-05,0.8556316934179777,full,full,full
req_002291,exhaustion,0.04286313,0.07944127798842382,full,full,full
req_002292,benign,4.9114227e-05,0.7809173866535122,full,full,full
req_002293,exhaustion,0.00029104948,0.01382736339937627,full,full,full
req_002294,benign,0.00018745661,0.8767128525020293,full,full,full
req_002295,benign,0.00040370226,0.0,full,full,full
req_002296,benign,6.16312e-05,0.0024347235441825564,full,full,full
req_002297,benign,5.9604645e-05,0.8816858924052087,full,full,full
req_002298,benign,4.9114227e-05,0.9038952360168113,full,full,full
req_002299,benign,6.6280365e-05,0.7917601289685668,full,full,full
req_002300,benign,4.9471855e-05,0.8890639890907266,full,full,full
req_002301,benign,4.9471855e-05,0.03924940101082966,full,full,full
req_002302,benign,5.877018e-05,0.03275083986256398,full,full,full
req_002303,benign,9.250641e-05,0.011385343643904453,full,full,full
req_002304,benign,4.9114227e-05,0.029183071101433217,full,full,full
req_002305,injection,0.9995146,0.049165183010216856,full,quarantine,quarantine
req_002306,benign,6.258488e-05,0.027855527920727378,full,full,full
req_002307,benign,0.00013434887,0.05404912740516291,full,full,full
req_002308,benign,0.00014638901,0.023617857009873296,full,full,full
req_002309,benign,5.6624413e-05,0.042864885002197,full,full,full
req_002310,benign,0.000113248825,0.8282353742266261,full,full,full
req_002311,benign,5.7935715e-05,0.844200688614871,full,full,full
req_002312,benign,5.6147575e-05,0.8938751932928111,full,full,full
req_002313,benign,0.00010883808,0.9523255179300985,full,full,full
req_002314,benign,0.00013363361,0.8909885378297889,full,full,full
req_002315,benign,5.1617622e-05,0.8254989764884387,full,full,full
req_002316,benign,5.221367e-05,0.8829197428002079,full,full,full
req_002317,benign,7.8201294e-05,0.047933272313563716,full,full,full
req_002318,benign,5.6624413e-05,0.9718655129811755,full,full,full
req_002319,benign,0.00019139051,0.8817464869818834,full,full,full
req_002320,benign,7.736683e-05,0.028789459929823756,full,full,full
req_002321,benign,5.9366226e-05,0.8482548603471887,full,full,full
req_002322,benign,0.00013232231,0.7905908418365294,full,full,full
req_002323,injection,0.99968684,0.05877605973732909,full,quarantine,quarantine
req_002324,benign,5.698204e-05,0.8282491048995414,full,full,full
req_002325,benign,5.507469e-05,0.0037493362504166725,full,full,full
req_002326,benign,5.6624413e-05,0.8617334827020777,full,full,full
req_002327,benign,0.000110030174,0.05211235672787898,full,full,full
req_002328,benign,0.00012254715,0.8992832214061969,full,full,full
req_002329,benign,4.9352646e-05,0.027040858129289948,full,full,full
req_002330,benign,0.0003130436,0.860013309325217,full,full,full
req_002331,benign,0.020061135,0.8425235919054479,full,quarantine,full
req_002332,exhaustion,0.0019109845,0.7593819313528727,full,full,full
req_002333,benign,0.000104665756,0.8713430547604261,full,full,full
req_002334,benign,0.00013804436,0.885373444185325,full,full,full
req_002335,benign,9.4652176e-05,0.8138163978890179,full,full,full
req_002336,benign,4.9114227e-05,0.0,full,full,full
req_002337,benign,5.6624413e-05,0.8173474575822564,full,full,full
req_002338,benign,6.568432e-05,0.905278592167137,full,full,full
req_002339,benign,4.9114227e-05,0.004349431498289157,full,full,full
req_002340,benign,9.250641e-05,0.006338633455355229,full,full,full
req_002341,benign,0.00011873245,0.7919937007860017,full,full,full
req_002342,benign,4.9114227e-05,0.9852886597905439,full,full,full
req_002343,benign,5.018711e-05,0.02543690328328376,full,full,full
req_002344,benign,0.00014221668,0.800976378429439,full,full,full
req_002345,benign,5.6624413e-05,0.8616151017891457,full,full,full
req_002346,benign,5.567074e-05,0.824348819510816,full,full,full
req_002347,exhaustion,0.001711905,0.9428992785777662,full,full,full
req_002348,benign,6.210804e-05,0.8313467922181603,full,full,full
req_002349,benign,0.00016629696,0.009952380735991626,full,full,full
req_002350,benign,0.00010871887,0.9006655470779644,full,full,full
req_002351,exhaustion,0.25018853,0.0257207158127064,full,full,full
req_002352,benign,5.352497e-05,0.026748792135179868,full,full,full
req_002353,injection,0.99865323,0.007055224147675222,full,quarantine,quarantine
req_002354,benign,8.845329e-05,0.8336630652871921,full,full,full
req_002355,benign,7.1525574e-05,0.0,full,full,full
req_002356,injection,0.99972534,0.06684313192283611,full,quarantine,quarantine
req_002357,benign,5.6505203e-05,0.03200257079705017,full,full,full
req_002358,benign,0.000108003616,0.9048167728375098,full,full,full
req_002359,benign,0.0001206398,0.9151739701014824,full,full,full
req_002360,benign,0.003251195,0.00942584367300002,full,full,full
req_002361,benign,4.9471855e-05,0.8949939492501249,full,full,full
req_002362,exhaustion,0.015030146,0.8476484966181588,full,full,full
req_002363,benign,5.4717064e-05,0.020752250573495397,full,full,full
req_002364,benign,5.6147575e-05,0.010045210648246088,full,full,full
req_002365,benign,7.200241e-05,0.7632532938124816,full,full,full
req_002366,benign,4.9471855e-05,0.013872426580900765,full,full,full
req_002367,benign,5.7935715e-05,0.044680794948370677,full,full,full
req_002368,benign,4.9114227e-05,0.7677455460942118,full,full,full
req_002369,benign,4.9471855e-05,0.8317659177496921,full,full,full
req_002370,benign,0.00014138222,0.02164796921009099,full,full,full
req_002371,benign,0.000287354,0.030803304722407613,full,full,full
req_002372,benign,4.9114227e-05,0.005066136464186258,full,full,full
req_002373,exhaustion,0.0003681183,0.038719715996691745,full,full,full
req_002374,benign,4.9471855e-05,0.8658695382694028,full,full,full
req_002375,benign,9.250641e-05,0.8909938579786527,full,full,full
req_002376,benign,4.9114227e-05,0.04190735144463248,full,full,full
req_002377,benign,5.698204e-05,0.025498155969730346,full,full,full
req_002378,benign,0.00015795231,0.01624529520240594,full,full,full
req_002379,benign,6.878376e-05,0.020944374492053885,full,full,full
req_002380,benign,4.9471855e-05,0.8131540986073809,full,full,full
req_002381,benign,5.352497e-05,0.04079853689324469,full,full,full
req_002382,benign,0.0003477335,0.017403963421458887,full,full,full
req_002383,benign,0.00010454655,0.7902165874593912,full,full,full
req_002384,benign,7.259846e-05,0.8031433324734308,full,full,full
req_002385,benign,5.6624413e-05,0.8980163380521963,full,full,full
req_002386,injection,0.9992592,0.01138011364237667,full,quarantine,quarantine
req_002387,benign,0.00010573864,0.7279016936794175,full,full,full
req_002388,benign,5.352497e-05,0.8640854521701656,full,full,full
req_002389,benign,6.1273575e-05,0.023498959323001695,full,full,full
req_002390,benign,5.6147575e-05,0.8770428685197592,full,full,full
req_002391,benign,7.915497e-05,0.8761048851540663,full,full,full
req_002392,benign,5.6624413e-05,0.8336605095001333,full,full,full
req_002393,benign,0.000104665756,0.04746247086172606,full,full,full
req_002394,benign,0.00028723478,0.821598051520682,full,full,full
req_002395,benign,8.21352e-05,0.8487746169886127,full,full,full
req_002396,benign,7.2836876e-05,0.03729600065457152,full,full,full
req_002397,benign,4.9829483e-05,0.022575372749838753,full,full,full
req_002398,benign,5.6147575e-05,0.918259465611885,full,full,full
req_002399,benign,0.000114798546,0.8158568697424396,full,full,full
req_002400,benign,5.4597855e-05,0.08844756055544674,full,full,full
req_002401,benign,5.733967e-05,0.8173812708504172,full,full,full
req_002402,benign,4.9471855e-05,0.8798013649188995,full,full,full
req_002403,benign,9.393692e-05,0.030528892679824463,full,full,full
req_002404,benign,5.6624413e-05,0.03857017819131749,full,full,full
req_002405,benign,4.9114227e-05,0.8849375754035972,full,full,full
req_002406,benign,9.119511e-05,0.04189242295775299,full,full,full
req_002407,benign,5.9366226e-05,0.03176742385137771,full,full,full
req_002408,benign,4.9471855e-05,0.7841740412244669,full,full,full
req_002409,benign,0.00013804436,0.8776700069303949,full,full,full
req_002410,injection,0.99931943,0.028861233589551234,full,quarantine,quarantine
req_002411,benign,6.3061714e-05,0.0,full,full,full
req_002412,benign,0.00017267466,0.031275106803357884,full,full,full
req_002413,benign,0.00010597706,0.8085269910190139,full,full,full
req_002414,benign,4.9114227e-05,0.821444624480993,full,full,full
req_002415,injection,0.99968696,0.01173150798088821,full,quarantine,quarantine
req_002416,injection,0.9996329,0.02576673454172574,full,quarantine,quarantine
req_002417,benign,0.0015115738,0.037002786409022194,full,full,full
req_002418,benign,8.6426735e-05,0.8682565233453067,full,full,full
req_002419,benign,5.6147575e-05,0.02185358742241069,full,full,full
req_002420,benign,9.191036e-05,0.8590666852352731,full,full,full
req_002421,benign,5.8293343e-05,0.021054469247104895,full,full,full
req_002422,benign,4.9114227e-05,0.8363165093305008,full,full,full
req_002423,benign,0.0005598664,0.8546595344807165,full,full,full
req_002424,benign,0.000119805336,0.8402426514263602,full,full,full
req_002425,benign,0.00019055605,0.7953133753528951,full,full,full
req_002426,benign,8.392334e-05,0.8521821911397788,full,full,full
req_002427,benign,5.877018e-05,0.8223804830382492,full,full,full
req_002428,benign,6.937981e-05,0.8539328122363613,full,full,full
req_002429,benign,5.6028366e-05,0.0,full,full,full
req_002430,benign,4.9471855e-05,0.051360501303565786,full,full,full
req_002431,benign,6.401539e-05,0.008779912157362072,full,full,full
req_002432,benign,4.9471855e-05,0.8192557238819613,full,full,full
req_002433,benign,4.9471855e-05,0.8522232693409114,full,full,full
req_002434,benign,9.250641e-05,0.826429135491418,full,full,full
req_002435,benign,0.00012719631,0.004162641436653146,full,full,full
req_002436,benign,5.7816505e-05,0.008651026437286349,full,full,full
req_002437,benign,7.212162e-05,0.8940797257392116,full,full,full
req_002438,benign,6.0796738e-05,0.02221110739269399,full,full,full
req_002439,benign,4.9114227e-05,0.8681678435096104,full,full,full
req_002440,benign,5.7935715e-05,0.04384946670668556,full,full,full
req_002441,exhaustion,0.0016499758,0.03419897954115697,full,full,full
req_002442,benign,0.0005040169,0.8316373394144945,full,full,full
req_002443,benign,5.567074e-05,0.03621937491843788,full,full,full
req_002444,benign,0.00012910366,0.8882627661487978,full,full,full
req_002445,benign,7.259846e-05,0.825631882177331,full,full,full
req_002446,benign,4.9829483e-05,0.8554880563346269,full,full,full
req_002447,benign,5.7935715e-05,0.9028594872225313,full,full,full
req_002448,injection,0.9993458,0.8420590797412073,full,quarantine,quarantine
req_002449,benign,7.1167946e-05,0.04588776229099825,full,full,full
req_002450,benign,5.6624413e-05,0.0,full,full,full
req_002451,injection,0.9991504,0.036023163133042976,full,quarantine,quarantine
req_002452,benign,5.364418e-05,0.03494561292366066,full,full,full
req_002453,exhaustion,0.00013196468,0.02389140298819533,full,full,full
req_002454,benign,9.250641e-05,0.8652252840525714,full,full,full
req_002455,injection,0.99944323,0.01696799502142937,full,quarantine,quarantine
req_002456,benign,7.4744225e-05,0.7369660156057993,full,full,full
req_002457,benign,5.6147575e-05,0.008754508204786994,full,full,full
req_002458,benign,8.237362e-05,0.9073329096834095,full,full,full
req_002459,benign,4.9471855e-05,0.045070561513216284,full,full,full
req_002460,benign,4.9829483e-05,0.03177808501756574,full,full,full
req_002461,benign,8.416176e-05,0.7913067535298859,full,full,full
req_002462,benign,6.0796738e-05,0.034701645004943285,full,full,full
req_002463,benign,0.00042313337,0.03959703561744522,full,full,full
req_002464,benign,6.854534e-05,0.8371968634219232,full,full,full
req_002465,benign,4.9471855e-05,0.9095874221057582,full,full,full
req_002466,exhaustion,0.0012867451,0.03217470002024818,full,full,full
req_002467,benign,0.00010383129,0.8247808052079829,full,full,full
req_002468,benign,7.8201294e-05,0.8909830888216911,full,full,full
req_002469,benign,0.00010740757,0.8910974021991684,full,full,full
req_002470,exhaustion,0.0019008517,0.04072612845260416,full,full,full
req_002471,exhaustion,0.0003143549,0.02455704735162386,full,full,full
req_002472,benign,5.6505203e-05,0.8691388925660212,full,full,full
req_002473,benign,9.250641e-05,0.8679615032896887,full,full,full
req_002474,benign,4.9114227e-05,0.044081822394446385,full,full,full
req_002475,benign,4.9471855e-05,0.9138886098678832,full,full,full
req_002476,benign,5.3167343e-05,0.8825625041633552,full,full,full
req_002477,benign,9.250641e-05,0.8489535757880852,full,full,full
req_002478,benign,6.54459e-05,0.055481924162330276,full,full,full
req_002479,exhaustion,0.0017235279,0.036634268440818726,full,full,full
req_002480,benign,4.9829483e-05,0.060145995499876564,full,full,full
req_002481,injection,0.99955565,0.05189181666000758,full,quarantine,quarantine
req_002482,benign,5.018711e-05,0.8550870449648552,full,full,full
req_002483,benign,6.663799e-05,0.8204808393779269,full,full,full
req_002484,benign,0.00016736984,0.8259773282730221,full,full,full
req_002485,benign,4.9471855e-05,0.051282512664208246,full,full,full
req_002486,benign,4.9114227e-05,0.8363534219446253,full,full,full
req_002487,benign,9.8228455e-05,0.9003516885038388,full,full,full
req_002488,injection,0.9995801,0.039993246850343694,full,quarantine,quarantine
req_002489,benign,5.6147575e-05,0.021273712379453087,full,full,full
req_002490,benign,0.00016391277,0.0627368691969073,full,full,full
req_002491,benign,0.00067055225,0.8288455889658328,full,full,full
req_002492,injection,0.9995682,0.019471262033052245,full,quarantine,quarantine
req_002493,benign,4.9114227e-05,0.07103041544874568,full,full,full
req_002494,injection,0.99932325,0.028157314581779745,full,quarantine,quarantine
req_002495,benign,4.9471855e-05,0.0310682018738473,full,full,full
req_002496,benign,4.9114227e-05,0.8700372474099762,full,full,full
req_002497,benign,4.9114227e-05,0.8627022149979721,full,full,full
req_002498,benign,7.104874e-05,0.8241290725412171,full,full,full
req_002499,benign,8.273125e-05,0.7763898405301338,full,full,full
req_002500,benign,0.00032615662,0.02786640729882847,full,full,full
req_002501,benign,0.00010287762,0.06250840292473316,full,full,full
req_002502,benign,5.38826e-05,0.009278530329368023,full,full,full
req_002503,exhaustion,0.0016799569,0.06125067593917763,full,full,full
req_002504,benign,4.9471855e-05,0.02500990044583345,full,full,full
req_002505,benign,9.739399e-05,0.8227666631367213,full,full,full
req_002506,benign,0.00010383129,0.8037886585433447,full,full,full
req_002507,benign,0.0001436472,0.8771856760941374,full,full,full
req_002508,benign,7.9631805e-05,0.8683240587499182,full,full,full
req_002509,benign,5.2809715e-05,0.92811217726062,full,full,full
req_002510,injection,0.99944323,0.0318839716758587,full,quarantine,quarantine
req_002511,benign,5.6147575e-05,0.8643959980620868,full,full,full
req_002512,benign,5.6624413e-05,0.03933980574420627,full,full,full
req_002513,benign,4.9114227e-05,0.8730117890419766,full,full,full
req_002514,benign,4.9471855e-05,0.024670454542971378,full,full,full
req_002515,benign,5.7935715e-05,0.8268770311171418,full,full,full
req_002516,benign,6.9499016e-05,0.04813236388822343,full,full,full
req_002517,benign,0.00018459558,0.0415692244885631,full,full,full
req_002518,benign,5.38826e-05,0.05655796688026174,full,full,full
req_002519,benign,6.711483e-05,0.8456628371378049,full,full,full
req_002520,benign,6.03199e-05,0.05664068706011796,full,full,full
req_002521,benign,4.9233437e-05,0.026737934149652576,full,full,full
req_002522,benign,5.209446e-05,0.876077794960084,full,full,full
req_002523,benign,9.250641e-05,0.7983807192700375,full,full,full
req_002524,benign,7.4863434e-05,1.0,full,full,full
req_002525,benign,6.508827e-05,0.0,full,full,full
req_002526,benign,5.6028366e-05,0.04005601965315515,full,full,full
req_002527,benign,5.6147575e-05,0.013552396711134663,full,full,full
req_002528,benign,0.00011372566,0.7812522711125526,full,full,full
req_002529,benign,5.6624413e-05,0.05703542544878511,full,full,full
req_002530,benign,4.9114227e-05,0.8287200502153904,full,full,full
req_002531,benign,5.6624413e-05,0.048214813637209815,full,full,full
req_002532,exhaustion,0.0002952218,0.04918207377918414,full,full,full
req_002533,benign,5.6624413e-05,0.7920659897393514,full,full,full
req_002534,benign,6.0796738e-05,0.9670963722608155,full,full,full
req_002535,injection,0.9995372,0.0,full,quarantine,quarantine
req_002536,benign,0.00015723705,0.7590022007259151,full,full,full
req_002537,benign,6.16312e-05,0.8736079577391975,full,full,full
req_002538,benign,6.2942505e-05,0.015475279594565634,full,full,full
req_002539,benign,4.9471855e-05,0.8325916195717507,full,full,full
req_002540,benign,0.00012934208,0.838007573558553,full,full,full
req_002541,benign,5.4001808e-05,0.9039435944592485,full,full,full
req_002542,benign,4.9233437e-05,0.0,full,full,full
req_002543,benign,4.9471855e-05,0.7884139480693081,full,full,full
req_002544,benign,6.198883e-05,0.9105776651249144,full,full,full
req_002545,injection,0.99946713,0.030263669319415105,full,quarantine,quarantine
req_002546,exhaustion,0.3848518,0.043454371852314516,full,full,sandbox
req_002547,benign,0.00012087822,0.043000786511778445,full,full,full
req_002548,benign,4.9114227e-05,0.02800361484920552,full,full,full
req_002549,benign,8.416176e-05,0.07437257829241412,full,full,full
req_002550,benign,4.9710274e-05,0.9098001817306458,full,full,full
req_002551,benign,0.00039094687,0.0,full,full,full
req_002552,benign,0.00015640259,0.8566593301756668,full,full,full
req_002553,benign,4.9829483e-05,0.8024801642962796,full,full,full
req_002554,benign,5.054474e-05,0.034624101920118,full,full,full
req_002555,benign,6.878376e-05,0.034523537424133555,full,full,full
req_002556,benign,5.567074e-05,0.8883323919339443,full,full,full
req_002557,benign,5.6624413e-05,0.7876589121548423,full,full,full
req_002558,benign,0.00026863813,0.8181442723088237,full,full,full
req_002559,benign,0.00012791157,0.7818825381094073,full,full,full
req_002560,benign,9.250641e-05,0.8020773195376574,full,full,full
req_002561,benign,7.867813e-05,0.9227211822972794,full,full,full
req_002562,benign,4.9352646e-05,0.7885745816205697,full,full,full
req_002563,benign,7.927418e-05,0.8572951351278658,full,full,full
req_002564,benign,0.000104665756,0.8072804217456762,full,full,full
req_002565,benign,0.00011575222,0.8992643520051595,full,full,full
req_002566,benign,0.0002911687,0.03961433674735437,full,full,full
req_002567,benign,0.00038677454,0.8475509857660838,full,full,full
req_002568,benign,6.735325e-05,0.03625200190939033,full,full,full
req_002569,benign,4.9471855e-05,0.01892684096566431,full,full,full
req_002570,benign,6.4730644e-05,0.019728076699644867,full,full,full
req_002571,benign,5.6147575e-05,0.049879869586702937,full,full,full
req_002572,benign,4.9114227e-05,0.8444784212136596,full,full,full
req_002573,benign,7.390976e-05,0.9217003562471752,full,full,full
req_002574,benign,6.556511e-05,0.795356063567499,full,full,full
req_002575,benign,4.9829483e-05,0.03773964951478498,full,full,full
req_002576,injection,0.9991484,0.040469166089255694,full,quarantine,quarantine
req_002577,exhaustion,0.00014054775,0.04968497819942044,full,full,full
req_002578,benign,4.9829483e-05,0.7663343078796588,full,full,full
req_002579,benign,7.903576e-05,0.8533619196221734,full,full,full
req_002580,benign,8.392334e-05,0.8962417992229098,full,full,full
req_002581,benign,0.00013005733,0.04469010786124778,full,full,full
req_002582,benign,4.9471855e-05,0.02649650767051512,full,full,full
req_002583,benign,0.0013571382,0.8180518108760554,full,full,full
req_002584,benign,0.0005031824,0.06362826532540512,full,full,full
req_002585,benign,5.6147575e-05,0.02422028976303402,full,full,full
req_002586,benign,5.6385994e-05,0.8602489949624111,full,full,full
req_002587,benign,0.00011706352,0.0,full,full,full
req_002588,benign,5.2928925e-05,0.7820064159913285,full,full,full
req_002589,benign,6.580353e-05,0.7837601607052622,full,full,full
req_002590,benign,6.6161156e-05,0.03652302213478759,full,full,full
req_002591,exhaustion,0.00014734268,0.8801820176528254,full,full,full
req_002592,benign,6.6161156e-05,0.8359178009033963,full,full,full
req_002593,benign,4.9114227e-05,0.8214392164469168,full,full,full
req_002594,benign,7.7843666e-05,0.025836941378252654,full,full,full
req_002595,benign,0.00014936924,0.022436616703573935,full,full,full
req_002596,benign,5.054474e-05,0.02435898763525254,full,full,full
req_002597,benign,7.367134e-05,0.7462729475180699,full,full,full
req_002598,benign,0.00013804436,0.8435494654593199,full,full,full
req_002599,benign,0.00011885166,0.9225677635627303,full,full,full
req_002600,exhaustion,0.15601486,0.01336548712523233,full,full,full
req_002601,benign,5.3167343e-05,0.029354641321852927,full,full,full
req_002602,exhaustion,0.073625326,0.052420529026633716,full,full,full
req_002603,exhaustion,0.0017345548,0.04214016266172585,full,full,full
req_002604,benign,6.484985e-05,0.051947375652129424,full,full,full
req_002605,injection,0.999593,0.021814576399665546,full,quarantine,quarantine
req_002606,benign,5.6028366e-05,0.7970682938186616,full,full,full
req_002607,exhaustion,0.00030648708,0.05220156785722717,full,full,full
req_002608,benign,6.198883e-05,0.013478081302073005,full,full,full
req_002609,benign,4.9114227e-05,0.9364576938219741,full,full,full
req_002610,exhaustion,0.00025445223,0.0,full,full,full
req_002611,benign,0.00010597706,0.9481990494730478,full,full,full
req_002612,benign,0.0007380843,0.8127975546119695,full,full,full
req_002613,benign,6.258488e-05,0.041443751190130274,full,full,full
req_002614,benign,5.0902367e-05,0.006128745593338453,full,full,full
req_002615,benign,0.000105023384,0.03444113352660921,full,full,full
req_002616,benign,7.259846e-05,0.041157799124322575,full,full,full
req_002617,benign,5.4717064e-05,0.048011831380812595,full,full,full
req_002618,benign,7.9512596e-05,0.03714542626705955,full,full,full
req_002619,benign,5.6028366e-05,0.9458094450535656,full,full,full
req_002620,injection,0.9992572,0.041827603268471854,full,quarantine,quarantine
req_002621,benign,0.0005429387,0.03751816467324285,full,full,full
req_002622,benign,9.405613e-05,0.04485878394170747,full,full,full
req_002623,benign,4.9114227e-05,0.03380776004106541,full,full,full
req_002624,benign,5.507469e-05,0.9203850955082854,full,full,full
req_002625,benign,0.00028902292,0.8126341408781136,full,full,full
req_002626,exhaustion,0.0011008978,0.05807490202939809,full,full,full
req_002627,benign,5.4717064e-05,0.022530798189563942,full,full,full
req_002628,benign,4.9114227e-05,0.009134773877953174,full,full,full
req_002629,exhaustion,0.0002875924,0.0028562911520623596,full,full,full
req_002630,benign,6.4492226e-05,0.8785603294895179,full,full,full
req_002631,benign,4.9114227e-05,0.8252848743118764,full,full,full
req_002632,benign,7.83205e-05,0.8568350816019318,full,full,full
req_002633,benign,5.853176e-05,0.0,full,full,full
req_002634,benign,0.00032532215,0.8746946798869738,full,full,full
req_002635,injection,0.99960876,0.062260544449051484,full,quarantine,quarantine
req_002636,benign,0.00014293194,0.8695765843774229,full,full,full
req_002637,benign,4.9114227e-05,0.8046837951693372,full,full,full
req_002638,benign,0.000109791756,0.8643168544006667,full,full,full
req_002639,injection,0.9991526,0.021217014012244306,full,quarantine,quarantine
req_002640,benign,4.9233437e-05,0.8774720953910313,full,full,full
req_002641,benign,5.6147575e-05,0.8503575369593596,full,full,full
req_002642,benign,5.9604645e-05,0.019767290796222685,full,full,full
req_002643,benign,5.185604e-05,0.0302715656629077,full,full,full
req_002644,injection,0.9991403,0.03369123803452956,full,quarantine,quarantine
req_002645,benign,0.00021630526,0.021307394775706832,full,full,full
req_002646,injection,0.99860424,0.7421474863595822,full,quarantine,quarantine
req_002647,benign,5.6147575e-05,0.8731732681557525,full,full,full
req_002648,benign,8.21352e-05,0.8812443641811359,full,full,full
req_002649,exhaustion,0.02876985,0.04916615010663403,full,full,full
req_002650,benign,4.9114227e-05,0.8772287087239691,full,full,full
req_002651,benign,4.9471855e-05,0.82856608862404,full,full,full
req_002652,benign,0.000114798546,0.057074382896496675,full,full,full
req_002653,benign,5.4717064e-05,0.8812675081805751,full,full,full
req_002654,benign,0.00013828278,0.7840365451824141,full,full,full
req_002655,benign,0.0007176995,0.059682612505287835,full,full,full
req_002656,benign,5.877018e-05,0.7576711936669451,full,full,full
req_002657,benign,6.16312e-05,0.8311529929926452,full,full,full
req_002658,benign,4.9471855e-05,0.8751728959972332,full,full,full
req_002659,benign,5.6624413e-05,0.8896699295886175,full,full,full
req_002660,exhaustion,0.042192876,0.04676404871623149,full,full,full
req_002661,benign,0.00029426813,0.8353725755793986,full,full,full
req_002662,injection,0.99930555,0.0,full,quarantine,quarantine
req_002663,benign,6.67572e-05,0.02211290450598446,full,full,full
req_002664,benign,5.865097e-05,0.8642501927468369,full,full,full
req_002665,benign,9.3102455e-05,0.02650469613313621,full,full,full
req_002666,benign,8.249283e-05,0.8576679889721808,full,full,full
req_002667,benign,6.496906e-05,0.8916445809209302,full,full,full
req_002668,benign,5.722046e-05,0.8083638872398823,full,full,full
req_002669,benign,0.00015306473,0.8231299355934116,full,full,full
req_002670,benign,5.352497e-05,0.059974965625590876,full,full,full
req_002671,benign,5.0902367e-05,0.9510541647358449,full,full,full
req_002672,benign,5.9604645e-05,0.8998610794017246,full,full,full
req_002673,benign,5.38826e-05,0.9353412791598221,full,full,full
req_002674,benign,0.0005392432,0.851249706686908,full,full,full
req_002675,benign,0.00012946129,0.9118352275812981,full,full,full
req_002676,benign,5.507469e-05,0.7634366870475896,full,full,full
req_002677,benign,6.92606e-05,0.040968490077080096,full,full,full
req_002678,benign,5.6624413e-05,0.054138356041880734,full,full,full
req_002679,benign,4.9114227e-05,0.9117204896818183,full,full,full
req_002680,injection,0.9991504,0.029866862228450777,full,quarantine,quarantine
req_002681,benign,4.9114227e-05,0.9086416670595205,full,full,full
req_002682,exhaustion,0.026419401,0.026682997575700296,full,full,full
req_002683,benign,5.722046e-05,0.8244409685289943,full,full,full
req_002684,benign,5.9247017e-05,0.0014488964783700257,full,full,full
req_002685,benign,0.00010728836,0.03830968837264829,full,full,full
req_002686,benign,6.1154366e-05,0.024531319236111855,full,full,full
req_002687,benign,0.00010788441,0.0728901820010471,full,full,full
req_002688,benign,9.047985e-05,0.056981433285434785,full,full,full
req_002689,benign,7.748604e-05,0.04242862173416129,full,full,full
req_002690,benign,4.9471855e-05,0.8142972104205053,full,full,full
req_002691,benign,5.7578087e-05,0.8393571684686276,full,full,full
req_002692,benign,0.00019103289,0.8455188231231738,full,full,full
req_002693,benign,0.000119805336,0.06571671131366377,full,full,full
req_002694,benign,0.00012588501,0.04559909211175099,full,full,full
req_002695,benign,0.00013780594,0.05503041012744969,full,full,full
req_002696,benign,4.9829483e-05,0.9293637969494156,full,full,full
req_002697,benign,6.54459e-05,0.8627567170639966,full,full,full
req_002698,injection,0.99930954,0.03641168981444842,full,quarantine,quarantine
req_002699,benign,6.878376e-05,0.06446874531283178,full,full,full
req_002700,benign,5.888939e-05,0.8405067404682934,full,full,full
req_002701,benign,6.687641e-05,0.8548488616169505,full,full,full
req_002702,injection,0.99758697,0.033225094949685396,full,quarantine,quarantine
req_002703,benign,0.00018924475,0.012891507684635786,full,full,full
req_002704,benign,4.9114227e-05,0.06748341292504959,full,full,full
req_002705,benign,0.0003989339,0.9473899988677813,full,full,full
req_002706,benign,9.250641e-05,0.898248747398896,full,full,full
req_002707,benign,7.390976e-05,0.8245769343616264,full,full,full
req_002708,injection,0.99830335,0.016429437088321296,full,quarantine,quarantine
req_002709,benign,6.735325e-05,0.045811068361587604,full,full,full
req_002710,benign,5.6266785e-05,0.03002462951850495,full,full,full
req_002711,exhaustion,0.0042120814,0.061511061301286536,full,full,full
req_002712,benign,0.00014388561,0.8962746610452303,full,full,full
req_002713,benign,0.00012648106,0.05279022917993523,full,full,full
req_002714,exhaustion,0.001570046,0.030882623221097673,full,full,full
req_002715,exhaustion,0.13267052,0.04244287590616481,full,full,full
req_002716,benign,4.9114227e-05,0.015475633702731036,full,full,full
req_002717,benign,4.9471855e-05,0.8126798159837078,full,full,full
req_002718,benign,0.00017082691,0.03243479742769897,full,full,full
req_002719,benign,0.0001283884,0.03448441812585209,full,full,full
req_002720,benign,5.567074e-05,0.05019238347730266,full,full,full
req_002721,benign,4.9829483e-05,0.8339123368149908,full,full,full
req_002722,benign,0.0005429387,0.901710276191669,full,full,full
req_002723,benign,4.9471855e-05,0.8505568199832241,full,full,full
req_002724,benign,0.00028675795,0.8151452266587207,full,full,full
req_002725,benign,5.6147575e-05,0.9189288220222772,full,full,full
req_002726,benign,0.00016021729,0.028802014294953632,full,full,full
req_002727,benign,5.3286552e-05,0.9087509903713537,full,full,full
req_002728,benign,6.2942505e-05,0.021683474847232983,full,full,full
req_002729,benign,0.0003721714,0.04305068882505323,full,full,full
req_002730,benign,0.00054365396,0.0471571406376812,full,full,full
req_002731,benign,7.545948e-05,0.03756486381080338,full,full,full
req_002732,benign,6.3061714e-05,0.9361373910662028,full,full,full
req_002733,injection,0.9991625,0.032840816866347725,full,quarantine,quarantine
req_002734,benign,0.00012648106,0.8709516838869598,full,full,full
req_002735,benign,0.00013530254,0.9255266841076796,full,full,full
req_002736,benign,0.00013232231,0.8917757784623521,full,full,full
req_002737,benign,5.6624413e-05,0.029365064621911737,full,full,full
req_002738,benign,0.0001398325,0.018312953276852655,full,full,full
req_002739,benign,5.352497e-05,0.027137304816227618,full,full,full
req_002740,benign,0.00015437603,0.9099488759023422,full,full,full
req_002741,benign,0.00028043985,0.8497560783530992,full,full,full
req_002742,benign,4.9471855e-05,0.9361799624362368,full,full,full
req_002743,benign,5.352497e-05,0.827252904731152,full,full,full
req_002744,benign,5.686283e-05,0.028101863009889077,full,full,full
req_002745,benign,0.000119805336,0.8512002243957822,full,full,full
req_002746,benign,4.9114227e-05,0.8460466547790354,full,full,full
req_002747,benign,9.250641e-05,0.8088914904972262,full,full,full
req_002748,injection,0.99910265,0.008212165561319044,full,quarantine,quarantine
req_002749,benign,4.9352646e-05,0.8245808693741621,full,full,full
req_002750,benign,0.00011765957,0.035371376542087024,full,full,full
req_002751,benign,5.6624413e-05,0.042811298622394516,full,full,full
req_002752,benign,6.604195e-05,0.851977791697358,full,full,full
req_002753,benign,8.583069e-05,0.9869594504899395,full,full,full
req_002754,benign,6.9499016e-05,0.8509526945495437,full,full,full
req_002755,benign,7.867813e-05,0.8716609704120143,full,full,full
req_002756,benign,5.9604645e-05,0.020934048921477155,full,full,full
req_002757,injection,0.99933165,0.026269847834968687,full,quarantine,quarantine
req_002758,benign,0.0002489686,0.00991794416152747,full,full,full
req_002759,benign,4.9471855e-05,0.015779431051464277,full,full,full
req_002760,benign,5.9962273e-05,0.0319769182167684,full,full,full
req_002761,benign,9.3102455e-05,0.8900657934098848,full,full,full
req_002762,benign,7.6532364e-05,0.8096997115223563,full,full,full
req_002763,benign,6.1154366e-05,0.0015704641306824585,full,full,full
req_002764,benign,5.054474e-05,0.029487020179360456,full,full,full
req_002765,benign,4.9948692e-05,0.9111523836538874,full,full,full
req_002766,benign,5.6505203e-05,0.02862359038881514,full,full,full
req_002767,benign,7.557869e-05,0.8501320396672232,full,full,full
req_002768,benign,4.9114227e-05,0.8462334356215178,full,full,full
req_002769,benign,5.6505203e-05,0.033236127681519526,full,full,full
req_002770,benign,7.6532364e-05,0.8217053117448544,full,full,full
req_002771,benign,0.000119805336,0.8897439682441254,full,full,full
req_002772,benign,6.3061714e-05,0.8357460598696005,full,full,full
req_002773,benign,4.9471855e-05,0.7798224724315176,full,full,full
req_002774,benign,5.698204e-05,0.7952277443596143,full,full,full
req_002775,benign,4.9471855e-05,0.8741220482190918,full,full,full
req_002776,benign,6.878376e-05,0.005241204505809189,full,full,full
req_002777,benign,7.593632e-05,0.8760960219686216,full,full,full
req_002778,benign,0.00014209747,0.020239542862616117,full,full,full
req_002779,benign,5.3048134e-05,0.021451578559856854,full,full,full
req_002780,benign,5.6624413e-05,0.8655424222888125,full,full,full
req_002781,benign,4.9114227e-05,0.07275258291732484,full,full,full
req_002782,benign,9.191036e-05,0.7704812599170561,full,full,full
req_002783,benign,4.9471855e-05,0.044260098702090744,full,full,full
req_002784,benign,5.38826e-05,0.03783494513074652,full,full,full
req_002785,benign,0.00015258789,0.8127147398766427,full,full,full
req_002786,benign,5.6624413e-05,0.8787054376884288,full,full,full
req_002787,benign,5.507469e-05,0.8469292575966537,full,full,full
req_002788,benign,6.854534e-05,0.021921759511057418,full,full,full
req_002789,injection,0.99945897,0.00968085954504052,full,quarantine,quarantine
req_002790,benign,5.7578087e-05,0.7866940043875056,full,full,full
req_002791,benign,4.9471855e-05,0.047018479567450464,full,full,full
req_002792,exhaustion,0.00038540363,0.013087168876566704,full,full,full
req_002793,benign,5.7458878e-05,0.848885489815344,full,full,full
req_002794,benign,5.6147575e-05,0.031726331301424514,full,full,full
req_002795,benign,9.548664e-05,0.899005238881324,full,full,full
req_002796,benign,5.054474e-05,0.038907480788317794,full,full,full
req_002797,injection,0.9992572,0.005177694574770943,full,quarantine,quarantine
req_002798,benign,5.4717064e-05,0.8016914996405213,full,full,full
req_002799,benign,4.9233437e-05,0.01931686328776374,full,full,full
req_002800,benign,6.878376e-05,0.041443088291190554,full,full,full
req_002801,exhaustion,9.024143e-05,0.03030034444252387,full,full,full
req_002802,benign,0.000108003616,0.8851846141179022,full,full,full
req_002803,injection,0.99942017,0.02458044302311912,full,quarantine,quarantine
req_002804,benign,0.0001128912,0.8302747009527245,full,full,full
req_002805,benign,4.9352646e-05,0.7989967043308974,full,full,full
req_002806,injection,0.9991504,0.07667947757788937,full,quarantine,quarantine
req_002807,benign,4.9471855e-05,0.8595019233546187,full,full,full
req_002808,injection,0.9989765,0.04417149437119499,full,quarantine,quarantine
req_002809,benign,9.250641e-05,0.8031034166049815,full,full,full
req_002810,benign,5.018711e-05,0.81596633747328,full,full,full
req_002811,benign,5.352497e-05,0.8825672412185288,full,full,full
req_002812,benign,5.6624413e-05,0.004910106580199979,full,full,full
req_002813,injection,0.99934,0.03818569262289445,full,quarantine,quarantine
req_002814,benign,4.9471855e-05,0.05806162965735871,full,full,full
req_002815,benign,4.9352646e-05,0.7916196242336602,full,full,full
req_002816,benign,0.000104665756,0.06591433694056603,full,full,full
req_002817,benign,6.8068504e-05,0.8833589445002095,full,full,full
req_002818,benign,0.000105023384,0.9639106531832913,full,full,full
req_002819,benign,0.00014388561,0.0019566121249326267,full,full,full
req_002820,benign,5.698204e-05,0.03966058682117412,full,full,full
req_002821,benign,5.6147575e-05,0.85998312202437,full,full,full
req_002822,benign,6.175041e-05,0.826316169967745,full,full,full
req_002823,injection,0.99927855,0.05091676330487148,full,quarantine,quarantine
req_002824,exhaustion,0.0013093352,0.058890576479609616,full,full,full
req_002825,benign,4.9352646e-05,0.040098402223072385,full,full,full
req_002826,exhaustion,0.0005056858,0.8530979646468569,full,full,full
req_002827,benign,4.9114227e-05,0.7831749078203862,full,full,full
req_002828,benign,5.6147575e-05,0.8789808048629937,full,full,full
req_002829,benign,6.4492226e-05,0.06914868403699762,full,full,full
req_002830,benign,0.00010454655,0.8812615549363366,full,full,full
req_002831,injection,0.9996504,0.025092502956587888,full,quarantine,quarantine
req_002832,benign,6.67572e-05,0.0024220223733603143,full,full,full
req_002833,benign,5.555153e-05,0.8849413818832097,full,full,full
req_002834,benign,0.00010216236,0.8198574872077973,full,full,full
req_002835,benign,0.0002568364,0.8972347977262831,full,full,full
req_002836,benign,0.00013947487,0.8489053513916048,full,full,full
req_002837,injection,0.9996329,0.03037714410226675,full,quarantine,quarantine
req_002838,benign,0.00015485287,0.8384898850283511,full,full,full
req_002839,benign,5.2690506e-05,0.7791656270725349,full,full,full
req_002840,benign,5.6147575e-05,0.817574353713928,full,full,full
req_002841,benign,0.0014081597,0.828553860994188,full,full,full
req_002842,benign,9.405613e-05,0.8512497687916427,full,full,full
req_002843,benign,0.0010147691,0.8455921380075399,full,full,full
req_002844,benign,7.164478e-05,0.017253578236468524,full,full,full
req_002845,benign,5.6624413e-05,0.8406727293224617,full,full,full
req_002846,benign,5.8293343e-05,0.7432971164046526,full,full,full
req_002847,benign,6.496906e-05,0.8543704697244934,full,full,full
req_002848,benign,4.9471855e-05,0.8775950411552522,full,full,full
req_002849,benign,4.9114227e-05,0.8890663017828334,full,full,full
req_002850,benign,4.9471855e-05,0.9034248157383153,full,full,full
req_002851,benign,5.698204e-05,0.05843060435139165,full,full,full
req_002852,benign,5.6624413e-05,0.845498668292991,full,full,full
req_002853,benign,6.2704086e-05,0.02618209873470146,full,full,full
req_002854,benign,0.0001295805,0.8255639257805404,full,full,full
req_002855,benign,0.00010550022,0.02881045656782884,full,full,full
req_002856,benign,5.9247017e-05,0.9164107006008916,full,full,full
req_002857,benign,6.663799e-05,0.03657409878860053,full,full,full
req_002858,benign,0.0005392432,0.06934805620877257,full,full,full
req_002859,benign,5.185604e-05,0.03168653291636985,full,full,full
req_002860,benign,4.9471855e-05,0.7997310035889154,full,full,full
req_002861,benign,6.41346e-05,0.026987063716895035,full,full,full
req_002862,benign,0.00015938282,0.7810242970332183,full,full,full
req_002863,benign,5.018711e-05,0.022451790651765908,full,full,full
req_002864,benign,0.00011086464,0.01276343324703801,full,full,full
req_002865,benign,0.00010514259,0.02102459603986751,full,full,full
req_002866,injection,0.99932325,0.028921920386159768,full,quarantine,quarantine
req_002867,exhaustion,0.013414741,0.02087109586523811,full,full,full
req_002868,benign,5.2928925e-05,0.06660470609268465,full,full,full
req_002869,benign,5.507469e-05,0.801111840690072,full,full,full
req_002870,benign,8.904934e-05,4.773493721470928e-05,full,full,full
req_002871,benign,0.00017529726,0.8548669922846179,full,full,full
req_002872,benign,6.663799e-05,0.8479469892143089,full,full,full
req_002873,benign,7.879734e-05,0.018654764026041694,full,full,full
req_002874,benign,5.507469e-05,0.035693806419731765,full,full,full
req_002875,exhaustion,0.00014019012,0.07073031823759524,full,full,full
req_002876,benign,0.00012493134,0.028085812375096074,full,full,full
req_002877,benign,5.7935715e-05,0.8199512326937304,full,full,full
req_002878,injection,0.9992572,0.03447191543185871,full,quarantine,quarantine
req_002879,benign,5.6624413e-05,0.03481533840356007,full,full,full
req_002880,benign,9.9658966e-05,0.017751010515121082,full,full,full
req_002881,benign,7.1167946e-05,0.8662974810572995,full,full,full
req_002882,injection,0.99923956,0.03726664329887272,full,quarantine,quarantine
req_002883,benign,4.9114227e-05,0.8320212557462194,full,full,full
req_002884,benign,8.237362e-05,0.03041498437164144,full,full,full
req_002885,benign,5.6147575e-05,0.03438102827282154,full,full,full
req_002886,benign,7.200241e-05,0.037875198026054206,full,full,full
req_002887,benign,5.6147575e-05,0.039389107322427834,full,full,full
req_002888,benign,6.902218e-05,0.01965401307089213,full,full,full
req_002889,benign,9.250641e-05,0.033389521035141874,full,full,full
req_002890,exhaustion,0.0002949834,0.05226974646483534,full,full,full
req_002891,injection,0.99951136,0.021460112148564414,full,quarantine,quarantine
req_002892,benign,5.185604e-05,0.06746205178385978,full,full,full
req_002893,exhaustion,0.00013661385,0.006857700012881187,full,full,full
req_002894,benign,5.352497e-05,0.8473055302615147,full,full,full
req_002895,benign,9.1552734e-05,0.047823316618649185,full,full,full
req_002896,benign,8.237362e-05,0.9582634865551187,full,full,full
req_002897,benign,4.9471855e-05,0.019336348824587683,full,full,full
req_002898,benign,6.365776e-05,0.018630359729842588,full,full,full
req_002899,benign,9.250641e-05,0.062040214094344105,full,full,full
req_002900,benign,6.0081482e-05,0.07080992363181182,full,full,full
req_002901,benign,6.4611435e-05,0.049664516241703954,full,full,full
req_002902,benign,4.9471855e-05,0.05894054451396519,full,full,full
req_002903,benign,0.000113248825,0.03101228242584071,full,full,full
req_002904,benign,5.209446e-05,0.8864917044486749,full,full,full
req_002905,benign,6.151199e-05,0.8700319905294213,full,full,full
req_002906,exhaustion,7.379055e-05,0.04121619571745004,full,full,full
req_002907,benign,6.854534e-05,0.8910439814272346,full,full,full
req_002908,benign,0.0010659099,0.03032570845447554,full,full,full
req_002909,benign,4.9471855e-05,0.9221421180163665,full,full,full
req_002910,benign,0.000108003616,0.8702836857830409,full,full,full
req_002911,benign,4.9471855e-05,0.04598188305327252,full,full,full
req_002912,benign,5.6385994e-05,0.8698902368372321,full,full,full
req_002913,injection,0.9995801,0.04247879176542202,full,quarantine,quarantine
req_002914,benign,4.9471855e-05,0.7727831551607093,full,full,full
req_002915,benign,5.6147575e-05,0.8503739263814223,full,full,full
req_002916,benign,6.92606e-05,0.869386959621925,full,full,full
req_002917,benign,5.1617622e-05,0.03262329651352821,full,full,full
req_002918,benign,4.9471855e-05,0.7814413212699953,full,full,full
req_002919,benign,5.352497e-05,0.834982403659046,full,full,full
req_002920,benign,0.0003540516,0.033703133149983744,full,full,full
req_002921,benign,9.4652176e-05,0.0,full,full,full
req_002922,benign,5.877018e-05,0.022085553825268604,full,full,full
req_002923,exhaustion,0.00063306093,0.062484303672653334,full,full,full
req_002924,benign,5.6505203e-05,0.052687162373681706,full,full,full
req_002925,benign,0.00043684244,0.8619596086330514,full,full,full
req_002926,benign,0.00032031536,0.8730880440288629,full,full,full
req_002927,benign,6.508827e-05,0.03180195483707749,full,full,full
req_002928,benign,7.200241e-05,0.028077023360060162,full,full,full
req_002929,benign,0.0006430745,0.0201459202696666,full,full,full
req_002930,benign,8.2969666e-05,0.03286741876044917,full,full,full
req_002931,exhaustion,0.0009596944,0.04706823590190974,full,full,full
req_002932,benign,6.4730644e-05,0.8933913134971508,full,full,full
req_002933,benign,6.365776e-05,0.796726511661163,full,full,full
req_002934,benign,7.605553e-05,0.893051774804345,full,full,full
req_002935,benign,5.6028366e-05,0.8369314003114419,full,full,full
req_002936,benign,4.9471855e-05,0.7836686592597727,full,full,full
req_002937,benign,0.00021487474,0.050434369868709465,full,full,full
req_002938,benign,0.00064677,0.8062452397399071,full,full,full
req_002939,benign,0.00012862682,0.08008945613540994,full,full,full
req_002940,benign,6.246567e-05,0.8261989001835275,full,full,full
req_002941,benign,0.0004988909,0.8305874539138708,full,full,full
req_002942,benign,7.927418e-05,0.7873953844181087,full,full,full
req_002943,exhaustion,0.0024620295,0.03884194454566381,full,full,full
req_002944,benign,5.018711e-05,0.788344651553243,full,full,full
req_002945,benign,6.7949295e-05,0.8167366224378922,full,full,full
req_002946,benign,4.9471855e-05,0.03388948293008718,full,full,full
req_002947,benign,5.7578087e-05,0.8829080129249134,full,full,full
req_002948,benign,0.0006041527,0.04609107656129506,full,full,full
req_002949,benign,0.00023037195,0.8474417028534749,full,full,full
req_002950,benign,0.000104665756,0.044745355544988256,full,full,full
req_002951,benign,5.2809715e-05,0.8494658561460834,full,full,full
req_002952,benign,4.9114227e-05,0.9096734937931287,full,full,full
req_002953,benign,7.033348e-05,0.9164109374247998,full,full,full
req_002954,benign,0.0003540516,0.01184426313510695,full,full,full
req_002955,benign,4.9114227e-05,0.7890151280303718,full,full,full
req_002956,benign,5.6624413e-05,0.8424288195924216,full,full,full
req_002957,benign,6.92606e-05,0.026960007380946404,full,full,full
req_002958,benign,5.6147575e-05,0.9059426329921467,full,full,full
req_002959,benign,0.00012028217,0.016093753072684458,full,full,full
req_002960,exhaustion,0.24784476,0.025377689870385217,full,full,full
req_002961,benign,5.9127808e-05,0.0,full,full,full
req_002962,injection,0.9994585,0.0725836440594872,full,quarantine,quarantine
req_002963,benign,5.6028366e-05,0.9040204265571342,full,full,full
req_002964,benign,0.00012421608,0.024240393324535633,full,full,full
req_002965,benign,0.0006688833,0.8939161812215659,full,full,full
req_002966,benign,4.9471855e-05,0.02997230017768913,full,full,full
req_002967,benign,5.38826e-05,0.022168929233305282,full,full,full
req_002968,benign,0.00014996529,0.03425108354912909,full,full,full
req_002969,benign,4.9471855e-05,0.01710743436583608,full,full,full
req_002970,benign,5.6624413e-05,0.8808089614794874,full,full,full
req_002971,benign,7.164478e-05,0.9233215203416046,full,full,full
req_002972,benign,5.018711e-05,0.05370457528229096,full,full,full
req_002973,benign,5.4717064e-05,0.9937951771819697,full,full,full
req_002974,benign,0.00010573864,0.02084803850273188,full,full,full
req_002975,benign,0.0005518794,0.8700171165943006,full,full,full
req_002976,benign,4.9114227e-05,0.0,full,full,full
req_002977,exhaustion,0.004317522,0.033444953070790824,full,full,full
req_002978,benign,6.54459e-05,0.7617789068836465,full,full,full
req_002979,benign,0.00012052059,0.02671159979572329,full,full,full
req_002980,benign,4.9352646e-05,0.0,full,full,full
req_002981,exhaustion,0.0110987425,0.04735087065622692,full,full,full
req_002982,benign,5.6147575e-05,0.9583872253446368,full,full,full
req_002983,benign,6.830692e-05,0.010007023502272148,full,full,full
req_002984,injection,0.99927825,0.05799426025667177,full,quarantine,quarantine
req_002985,injection,0.99964505,0.007890482224853609,full,quarantine,quarantine
req_002986,benign,4.9352646e-05,0.873829338369711,full,full,full
req_002987,benign,0.0001847148,0.8499210343151429,full,full,full
req_002988,benign,9.250641e-05,0.8569767826608482,full,full,full
req_002989,benign,5.6147575e-05,0.025609762641652472,full,full,full
req_002990,benign,4.9829483e-05,0.041268491812091856,full,full,full
req_002991,injection,0.9992678,0.016590867597168893,full,quarantine,quarantine
req_002992,benign,0.00069868565,0.009230359431922446,full,full,full
req_002993,benign,0.0005429387,0.0184551768989396,full,full,full
req_002994,injection,0.99910414,0.05648917778619619,full,quarantine,quarantine
req_002995,benign,0.0001077652,0.7503491758128148,full,full,full
req_002996,benign,8.1539154e-05,0.03610040879260991,full,full,full
req_002997,benign,6.9737434e-05,0.8878662892894994,full,full,full
req_002998,benign,5.4240227e-05,0.04689813927750472,full,full,full
req_002999,benign,8.1419945e-05,0.02207892058253593,full,full,full
req_003000,benign,5.6624413e-05,0.046578406698387184,full,full,full
req_003001,benign,5.00679e-05,0.7647978562815961,full,full,full
req_003002,benign,0.000184834,0.8395054009375705,full,full,full
req_003003,benign,0.00034177303,0.8350599515256841,full,full,full
req_003004,benign,0.00012433529,0.7889779782336419,full,full,full
req_003005,benign,0.0001039505,0.00644621999330006,full,full,full
req_003006,benign,0.0002143979,0.029648739007886865,full,full,full
req_003007,benign,7.855892e-05,0.05353911717193059,full,full,full
req_003008,benign,5.8293343e-05,0.8063608200038207,full,full,full
req_003009,injection,0.9995119,0.024435227783057213,full,quarantine,quarantine
req_003010,benign,4.9114227e-05,0.0,full,full,full
req_003011,benign,4.9114227e-05,0.030154118042931194,full,full,full
req_003012,exhaustion,0.00497663,0.044569767908004515,full,full,full
req_003013,benign,5.1259995e-05,0.8521820419553564,full,full,full
req_003014,injection,0.9993173,0.0,full,quarantine,quarantine
req_003015,benign,5.8412552e-05,0.8408335952571646,full,full,full
req_003016,benign,4.9114227e-05,0.04756480537703085,full,full,full
req_003017,exhaustion,7.545948e-05,0.0449169874536871,full,full,full
req_003018,exhaustion,0.010161519,0.017206467632792835,full,full,full
req_003019,benign,5.6147575e-05,0.7955010984509931,full,full,full
req_003020,benign,6.210804e-05,0.8391895016137917,full,full,full
req_003021,benign,0.00028282404,0.03831467375583012,full,full,full
req_003022,benign,5.6624413e-05,0.012594162420792403,full,full,full
req_003023,benign,5.507469e-05,0.03142063439338778,full,full,full
req_003024,benign,8.21352e-05,0.8349676658896669,full,full,full
req_003025,benign,0.00014007092,0.05513006527474726,full,full,full
req_003026,benign,5.6266785e-05,0.020294136075033074,full,full,full
req_003027,benign,5.6624413e-05,0.032453282379678,full,full,full
req_003028,benign,0.00010728836,0.9076082806479479,full,full,full
req_003029,benign,4.9471855e-05,0.8610744598339916,full,full,full
req_003030,injection,0.99928015,0.025482641003554036,full,quarantine,quarantine
req_003031,benign,5.4717064e-05,0.9354668797765193,full,full,full
req_003032,injection,0.9991504,0.0475158065123339,full,quarantine,quarantine
req_003033,injection,0.9996143,0.052628882534500265,full,quarantine,quarantine
req_003034,exhaustion,0.004146576,0.022867913334806308,full,full,full
req_003035,benign,7.200241e-05,0.8771164448730678,full,full,full
req_003036,benign,0.00013720989,0.046083685690924,full,full,full
req_003037,benign,6.258488e-05,0.9126167231233511,full,full,full
req_003038,benign,9.3102455e-05,0.04593817608258674,full,full,full
req_003039,benign,9.191036e-05,0.04806727182806142,full,full,full
req_003040,benign,6.842613e-05,0.8186412559555045,full,full,full
req_003041,exhaustion,0.109787345,0.06489461745138884,full,full,full
req_003042,benign,4.9471855e-05,0.03749900719499934,full,full,full
req_003043,benign,5.6147575e-05,0.8114689641714543,full,full,full
req_003044,benign,0.00012373924,0.799001564750907,full,full,full
req_003045,benign,5.4717064e-05,0.010051031108059345,full,full,full
req_003046,benign,4.9352646e-05,0.8607532177183711,full,full,full
req_003047,benign,9.250641e-05,0.024132301045977154,full,full,full
req_003048,benign,0.00012362003,0.857038736504693,full,full,full
req_003049,benign,9.584427e-05,0.883303537886492,full,full,full
req_003050,benign,5.185604e-05,0.801580357620063,full,full,full
req_003051,benign,5.733967e-05,0.8031644376303706,full,full,full
req_003052,benign,5.2452087e-05,0.0643991457104232,full,full,full
req_003053,benign,5.6385994e-05,0.8466756077041738,full,full,full
req_003054,benign,0.00010895729,0.8964223799981186,full,full,full
req_003055,benign,8.6426735e-05,0.7490108278548984,full,full,full
req_003056,benign,4.9471855e-05,0.845353133980146,full,full,full
req_003057,benign,0.0007004738,0.9191296885571818,full,full,full
req_003058,injection,0.99938065,0.05275580653160314,full,quarantine,quarantine
req_003059,benign,0.0006352067,0.05110131368422932,full,full,full
req_003060,benign,5.6147575e-05,0.9582445612363827,full,full,full
req_003061,benign,8.547306e-05,0.8215113245155832,full,full,full
req_003062,injection,0.99950653,0.05247831564781769,full,quarantine,quarantine
req_003063,benign,4.9114227e-05,0.03550623337678292,full,full,full
req_003064,injection,0.99937224,0.03867007809049905,full,quarantine,quarantine
req_003065,benign,0.00074762106,0.8350243601927387,full,full,full
req_003066,benign,5.018711e-05,0.8380370475887402,full,full,full
req_003067,benign,5.6147575e-05,0.04051769486122524,full,full,full
req_003068,injection,0.99944884,0.028423175581917762,full,quarantine,quarantine
req_003069,benign,5.6624413e-05,0.023337187394062462,full,full,full
req_003070,benign,6.0796738e-05,0.9122940417973657,full,full,full
req_003071,benign,9.381771e-05,0.026414245164763393,full,full,full
req_003072,benign,0.00029426813,0.011612626379337389,full,full,full
req_003073,benign,5.3048134e-05,0.8731784045052555,full,full,full
req_003074,exhaustion,0.000821054,0.06487228804116657,full,full,full
req_003075,benign,6.568432e-05,0.8849871714154544,full,full,full
req_003076,benign,5.4717064e-05,0.018831654257158652,full,full,full
req_003077,benign,4.9471855e-05,0.7917720641943465,full,full,full
req_003078,benign,5.6624413e-05,0.02458570459602464,full,full,full
req_003079,benign,0.0001039505,0.9332514024488129,full,full,full
req_003080,benign,7.867813e-05,0.02313527792432542,full,full,full
req_003081,benign,6.9499016e-05,0.030139246691290034,full,full,full
req_003082,benign,5.6028366e-05,0.035830998868258086,full,full,full
req_003083,exhaustion,0.009956002,0.05483079851971204,full,full,full
req_003084,benign,4.9114227e-05,0.8297796686398076,full,full,full
req_003085,benign,5.1498413e-05,0.028661701983085597,full,full,full
req_003086,benign,5.1259995e-05,0.7672479439170079,full,full,full
req_003087,benign,4.9829483e-05,0.010421417684544767,full,full,full
req_003088,benign,6.1273575e-05,0.8237403931348352,full,full,full
req_003089,benign,8.1181526e-05,0.010369505768016533,full,full,full
req_003090,benign,9.3340874e-05,0.8938292951581615,full,full,full
req_003091,benign,5.6624413e-05,0.008063863018198895,full,full,full
req_003092,benign,6.0796738e-05,0.023907028827338882,full,full,full
req_003093,benign,5.9723854e-05,0.8880381576074114,full,full,full
req_003094,benign,0.0027905107,0.898159910973271,full,full,full
req_003095,exhaustion,0.0032861233,0.01340363132963519,full,full,full
req_003096,benign,0.000108003616,0.03726935536099687,full,full,full
req_003097,benign,7.83205e-05,0.04726273135134479,full,full,full
req_003098,benign,6.16312e-05,0.061716195589925055,full,full,full
req_003099,benign,5.6266785e-05,0.8521688536508258,full,full,full
req_003100,benign,0.000119805336,0.02710803073001883,full,full,full
req_003101,benign,5.6624413e-05,0.0482970181442306,full,full,full
req_003102,benign,7.6413155e-05,0.002895981239967007,full,full,full
req_003103,benign,4.9114227e-05,0.760270845227199,full,full,full
req_003104,benign,0.0006169081,0.061598387317715685,full,full,full
req_003105,benign,5.6624413e-05,0.8341875943934149,full,full,full
req_003106,benign,6.4492226e-05,0.00419614700473421,full,full,full
req_003107,benign,7.9751015e-05,0.05856870338977349,full,full,full
req_003108,benign,4.9114227e-05,0.8101239440706021,full,full,full
req_003109,benign,0.00034332275,0.0408952104479288,full,full,full
req_003110,exhaustion,0.005231738,0.02104416099755349,full,full,full
req_003111,injection,0.9996591,0.07405130922996153,full,quarantine,quarantine
req_003112,benign,4.9471855e-05,0.8868324439984427,full,full,full
req_003113,benign,4.9829483e-05,0.776373255480127,full,full,full
req_003114,injection,0.9996754,0.022533972868395355,full,quarantine,quarantine
req_003115,benign,7.557869e-05,0.030907560753345817,full,full,full
req_003116,benign,6.9499016e-05,0.897647537514539,full,full,full
req_003117,benign,7.104874e-05,0.018252728550870907,full,full,full
req_003118,benign,6.41346e-05,0.03963422018625023,full,full,full
req_003119,benign,0.00013041496,0.843487853698867,full,full,full
req_003120,benign,5.6385994e-05,0.024014266525228846,full,full,full
req_003121,benign,6.854534e-05,0.7780522280106388,full,full,full
req_003122,benign,0.00011897087,0.035063502502324435,full,full,full
req_003123,benign,0.00054067373,0.04785209003015003,full,full,full
req_003124,injection,0.9994342,0.05556430342824924,full,quarantine,quarantine
req_003125,benign,5.6147575e-05,0.7564977004254263,full,full,full
req_003126,benign,7.18832e-05,0.8497116481619105,full,full,full
req_003127,benign,0.000104665756,0.7744926118606119,full,full,full
req_003128,injection,0.9994075,0.06000824840056859,full,quarantine,quarantine
req_003129,benign,4.9829483e-05,0.8768051358576627,full,full,full
req_003130,benign,5.6147575e-05,0.8852824794530337,full,full,full
req_003131,benign,7.4505806e-05,0.81647786898968,full,full,full
req_003132,benign,5.6147575e-05,0.753000890713772,full,full,full
req_003133,benign,0.00013005733,0.7975952911084556,full,full,full
req_003134,benign,6.365776e-05,0.8321865986966178,full,full,full
req_003135,benign,6.4492226e-05,0.05950538457193704,full,full,full
req_003136,exhaustion,0.22284573,0.018568307807024204,full,full,full
req_003137,benign,6.1154366e-05,0.9376080982172341,full,full,full
req_003138,benign,7.7843666e-05,0.7838952436200051,full,full,full
req_003139,benign,0.00011241436,0.8772975061662638,full,full,full
req_003140,benign,0.0019521713,0.0,full,full,full
req_003141,benign,6.54459e-05,0.032142770093731905,full,full,full
req_003142,benign,8.666515e-05,0.029794481650041168,full,full,full
req_003143,exhaustion,0.039184988,0.05443812335139398,full,full,full
req_003144,benign,5.698204e-05,0.9102105510059595,full,full,full
req_003145,benign,4.9114227e-05,0.014244028627713259,full,full,full
req_003146,benign,7.772446e-05,0.017582121928947262,full,full,full
req_003147,benign,6.246567e-05,0.8632863264072322,full,full,full
req_003148,benign,4.9471855e-05,0.8761412254586539,full,full,full
req_003149,benign,4.9114227e-05,0.04562477355814072,full,full,full
req_003150,benign,8.261204e-05,0.9298670156651785,full,full,full
req_003151,benign,9.250641e-05,0.8643452193810093,full,full,full
req_003152,benign,0.0001295805,0.9107943318065694,full,full,full
req_003153,benign,4.9114227e-05,0.039550720871361786,full,full,full
req_003154,benign,0.00010573864,0.006391840773405544,full,full,full
req_003155,benign,5.7697296e-05,0.8783574527389624,full,full,full
req_003156,benign,4.9471855e-05,0.8127849516556389,full,full,full
req_003157,benign,0.0028253794,0.013079215841201058,full,full,full
req_003158,exhaustion,0.042192876,0.03705667815062361,full,full,full
req_003159,benign,4.9114227e-05,0.8438792634009027,full,full,full
req_003160,benign,5.5909157e-05,0.03989142559093845,full,full,full
req_003161,benign,0.00010418892,0.8999917964992062,full,full,full
req_003162,injection,0.99973243,0.040845331210815405,full,quarantine,quarantine
req_003163,benign,0.00013279915,0.053541216934797464,full,full,full
req_003164,benign,5.352497e-05,0.9172335617059127,full,full,full
req_003165,benign,5.9247017e-05,0.04506088680255041,full,full,full
req_003166,benign,0.00010454655,0.04036854541236071,full,full,full
req_003167,benign,5.8293343e-05,0.8973671798498071,full,full,full
req_003168,benign,5.507469e-05,0.031299004606748226,full,full,full
req_003169,benign,5.352497e-05,0.8566016417133491,full,full,full
req_003170,benign,4.9114227e-05,0.0725148137766978,full,full,full
req_003171,benign,0.0001809001,0.8813876695813024,full,full,full
req_003172,benign,0.00015413761,0.04258596170484215,full,full,full
req_003173,benign,6.055832e-05,0.8293425323687003,full,full,full
req_003174,benign,4.9471855e-05,0.03302770755756189,full,full,full
req_003175,benign,8.070469e-05,0.03818507021735173,full,full,full
req_003176,benign,5.6266785e-05,0.02218119183906715,full,full,full
req_003177,benign,7.712841e-05,0.8252097739586747,full,full,full
req_003178,benign,0.00011897087,0.9217501748249208,full,full,full
req_003179,benign,6.8068504e-05,0.8204125160373539,full,full,full
req_003180,benign,5.6147575e-05,0.02004483982768014,full,full,full
req_003181,benign,5.054474e-05,0.7859658949609766,full,full,full
req_003182,benign,0.00013279915,0.9073595095928213,full,full,full
req_003183,benign,6.258488e-05,0.04241013909870578,full,full,full
req_003184,injection,0.9992375,0.0,full,quarantine,quarantine
req_003185,exhaustion,0.048514187,0.8815278302358085,full,full,full
req_003186,injection,0.9990869,0.027049449156033155,full,quarantine,quarantine
req_003187,benign,5.6385994e-05,0.9101793087622371,full,full,full
req_003188,injection,0.99972194,0.0,full,quarantine,quarantine
req_003189,exhaustion,0.22750098,0.8549267345636844,full,full,full
req_003190,benign,5.4597855e-05,0.07099380185949782,full,full,full
req_003191,benign,5.054474e-05,0.9064413407679824,full,full,full
req_003192,benign,5.6624413e-05,0.806498862031251,full,full,full
req_003193,benign,4.9114227e-05,0.8389714667291583,full,full,full
req_003194,benign,4.9471855e-05,0.9147067199761096,full,full,full
req_003195,benign,4.9471855e-05,0.012300146163480762,full,full,full
req_003196,benign,5.6147575e-05,0.02692261714928248,full,full,full
req_003197,injection,0.98951226,0.03179824741353807,full,full,quarantine
req_003198,benign,0.00019568205,0.0,full,full,full
req_003199,benign,5.0663948e-05,0.9102871656205833,full,full,full
req_003200,benign,7.033348e-05,0.8448827634235443,full,full,full
req_003201,benign,7.867813e-05,0.005728699456512831,full,full,full
req_003202,benign,0.00010728836,0.04954180953672627,full,full,full
req_003203,benign,4.9471855e-05,0.05858688305936634,full,full,full
req_003204,benign,0.00019747019,0.011816925938671972,full,full,full
req_003205,benign,0.00034201145,0.8775532740765971,full,full,full
req_003206,benign,4.9471855e-05,0.8342643406156323,full,full,full
req_003207,benign,9.262562e-05,0.8724880444845693,full,full,full
req_003208,benign,0.00016450882,0.0243973142273954,full,full,full
req_003209,benign,0.00077688694,0.8484706195608892,full,full,full
req_003210,exhaustion,0.00026005507,0.02794945927365079,full,full,full
req_003211,benign,5.6028366e-05,0.7724554444005359,full,full,full
req_003212,benign,0.00010359287,0.01920532966065068,full,full,full
req_003213,benign,4.9114227e-05,0.8689237843571712,full,full,full
req_003214,benign,0.00010573864,0.77974585203632,full,full,full
req_003215,benign,5.6624413e-05,0.8414876536589351,full,full,full
req_003216,benign,0.000106573105,0.027893070263439016,full,full,full
req_003217,benign,5.8293343e-05,0.8612224857488917,full,full,full
req_003218,benign,0.00012934208,0.004503944928376143,full,full,full
req_003219,benign,0.0013451576,0.8868147547493744,full,full,full
req_003220,benign,7.379055e-05,0.8842581273761975,full,full,full
req_003221,benign,4.9829483e-05,0.8926257100080333,full,full,full
req_003222,injection,0.99925166,0.033590909301040826,full,quarantine,quarantine
req_003223,benign,0.00012791157,0.04286314800491463,full,full,full
req_003224,benign,0.00034797192,0.8567043271396242,full,full,full
req_003225,benign,6.9499016e-05,0.8810014302337514,full,full,full
req_003226,benign,5.6147575e-05,0.0403736825967713,full,full,full
req_003227,benign,0.000106453896,0.029907916513628594,full,full,full
req_003228,benign,0.0014831424,0.7890859700003809,full,full,full
req_003229,benign,5.6505203e-05,0.02268715821096276,full,full,full
req_003230,benign,5.6624413e-05,0.8601310837802816,full,full,full
req_003231,benign,4.9471855e-05,0.8183443345754525,full,full,full
req_003232,benign,6.735325e-05,0.03547884603187887,full,full,full
req_003233,benign,4.9114227e-05,0.04491518970488323,full,full,full
req_003234,exhaustion,0.0026413798,0.018613535543498524,full,full,full
req_003235,exhaustion,0.00011396408,0.040471917312171854,full,full,full
req_003236,benign,0.0011037588,0.029140444332960147,full,full,full
req_003237,benign,4.9114227e-05,0.02106065376040668,full,full,full
req_003238,benign,4.9352646e-05,0.9138498102983574,full,full,full
req_003239,benign,4.9471855e-05,0.8294837172278282,full,full,full
req_003240,benign,4.9352646e-05,0.8467139636191425,full,full,full
req_003241,injection,0.99938166,0.021507145579387217,full,quarantine,quarantine
req_003242,benign,7.343292e-05,0.8594105195539348,full,full,full
req_003243,benign,5.8293343e-05,0.011031980061739586,full,full,full
req_003244,benign,4.9471855e-05,0.012044612835319823,full,full,full
req_003245,benign,5.0783157e-05,0.8358451521635071,full,full,full
req_003246,benign,5.6624413e-05,0.8829203460392634,full,full,full
req_003247,benign,4.9233437e-05,0.014629128608835794,full,full,full
req_003248,benign,7.379055e-05,0.03963322562545095,full,full,full
req_003249,injection,0.9934359,0.058613191844412355,full,full,quarantine
req_003250,injection,0.9994488,0.04391264248624732,full,quarantine,quarantine
req_003251,benign,0.00062316656,0.041901678531566,full,full,full
req_003252,benign,4.9471855e-05,0.052105772606760546,full,full,full
req_003253,benign,9.250641e-05,0.8554844565504515,full,full,full
req_003254,benign,4.9114227e-05,0.052122215357841895,full,full,full
req_003255,benign,9.250641e-05,0.9186542955316139,full,full,full
req_003256,benign,0.00015258789,0.8732297210694607,full,full,full
req_003257,benign,6.9856644e-05,0.024668833521581914,full,full,full
req_003258,benign,0.00032639503,0.03984112305314637,full,full,full
req_003259,benign,0.000104665756,0.8934003473974995,full,full,full
req_003260,injection,0.9993648,0.8609221034942577,full,quarantine,quarantine
req_003261,benign,8.499622e-05,0.035171058731692684,full,full,full
req_003262,benign,5.6147575e-05,0.040744112484582706,full,full,full
req_003263,benign,0.00014936924,0.04157970066220227,full,full,full
req_003264,benign,4.9829483e-05,0.008571798444783753,full,full,full
req_003265,benign,4.9471855e-05,0.017623122768469848,full,full,full
req_003266,injection,0.9992371,0.013884960989069182,full,quarantine,quarantine
req_003267,benign,6.4730644e-05,0.043169272881826315,full,full,full
req_003268,benign,5.209446e-05,0.07977784965154437,full,full,full
req_003269,benign,0.00011205673,0.041780239591000336,full,full,full
req_003270,exhaustion,0.00029045343,0.04656155893843558,full,full,full
req_003271,benign,0.00011897087,0.9029078791214006,full,full,full
req_003272,benign,4.9114227e-05,0.017402390753272566,full,full,full
req_003273,benign,6.878376e-05,0.04176077680046972,full,full,full
req_003274,benign,7.1406364e-05,0.8798942797550331,full,full,full
req_003275,benign,9.250641e-05,0.01970249236831744,full,full,full
req_003276,benign,0.0003681183,0.8023429642923419,full,full,full
req_003277,exhaustion,0.03300637,0.026734688480537134,full,full,full
req_003278,exhaustion,0.8594736,0.043298312335176205,full,full,quarantine
req_003279,exhaustion,0.008900702,0.03920891022689725,full,full,full
req_003280,injection,0.99934626,0.05074189157604786,full,quarantine,quarantine
req_003281,benign,9.250641e-05,0.031206939504609784,full,full,full
req_003282,injection,0.99413776,0.06476696400873172,full,full,quarantine
req_003283,benign,4.9471855e-05,0.8635406565207153,full,full,full
req_003284,benign,5.6028366e-05,0.024346328313043862,full,full,full
req_003285,benign,4.9471855e-05,0.06451181581258487,full,full,full
req_003286,benign,4.9114227e-05,0.023141460837624906,full,full,full
req_003287,benign,7.009506e-05,0.8639589782574707,full,full,full
req_003288,benign,0.00014412403,0.0138738268340527,full,full,full
req_003289,benign,6.258488e-05,0.032536055566394724,full,full,full
req_003290,benign,7.414818e-05,0.04441112019903763,full,full,full
req_003291,exhaustion,0.0024642944,0.011737075421021016,full,full,full
req_003292,benign,4.9114227e-05,0.7794061912979807,full,full,full
req_003293,benign,6.3061714e-05,0.00782168564774709,full,full,full
req_003294,benign,6.2704086e-05,0.03209503546760659,full,full,full
req_003295,benign,0.00012624264,0.830471827240383,full,full,full
req_003296,exhaustion,0.07832515,0.04483100480915832,full,full,full
req_003297,benign,0.00016880035,0.8349484834006524,full,full,full
req_003298,benign,0.00014817715,0.86576095850589,full,full,full
req_003299,benign,0.00011217594,0.9862455709944067,full,full,full
req_003300,benign,5.7458878e-05,0.7559781507568968,full,full,full
req_003301,benign,5.6624413e-05,0.04468942959809969,full,full,full
req_003302,benign,4.9114227e-05,0.8576713885084714,full,full,full
req_003303,benign,6.401539e-05,0.026406894804705726,full,full,full
req_003304,benign,7.677078e-05,0.8152493472175619,full,full,full
req_003305,benign,0.00016272068,0.8070605041138958,full,full,full
req_003306,benign,4.9114227e-05,0.9229291641864842,full,full,full
req_003307,benign,4.9352646e-05,0.03917159203667282,full,full,full
req_003308,benign,4.9471855e-05,0.7945410012495352,full,full,full
req_003309,benign,5.8293343e-05,0.854723432914774,full,full,full
req_003310,benign,4.9114227e-05,0.0013341783371120103,full,full,full
req_003311,benign,4.9591064e-05,0.042772120587670936,full,full,full
req_003312,benign,7.379055e-05,0.8733159197810578,full,full,full
req_003313,benign,4.9471855e-05,0.7640226707238725,full,full,full
req_003314,benign,5.054474e-05,0.0,full,full,full
req_003315,benign,6.0796738e-05,0.8856216635263817,full,full,full
req_003316,benign,0.00012755394,0.8698412876786015,full,full,full
req_003317,benign,5.030632e-05,0.8631376029042658,full,full,full
req_003318,benign,4.9114227e-05,0.8264527187385933,full,full,full
req_003319,benign,4.9114227e-05,0.004030306104825604,full,full,full
req_003320,benign,5.4955482e-05,0.7526663598179301,full,full,full
req_003321,benign,5.6505203e-05,0.01864321256927373,full,full,full
req_003322,benign,0.00075155497,0.9545247631174408,full,full,full
req_003323,benign,0.0001295805,0.038034979050483066,full,full,full
req_003324,benign,5.8293343e-05,0.049896616652836234,full,full,full
req_003325,benign,5.6624413e-05,0.7854314415788496,full,full,full
req_003326,benign,8.8095665e-05,0.8323702355849085,full,full,full
req_003327,exhaustion,0.0031090379,0.01701551087196588,full,full,full
req_003328,injection,0.9992572,0.0695459857860164,full,quarantine,quarantine
req_003329,benign,5.3167343e-05,0.02155312330098055,full,full,full
req_003330,benign,6.568432e-05,0.9247066467277147,full,full,full
req_003331,benign,4.9829483e-05,0.8502459007284418,full,full,full
req_003332,exhaustion,0.00023752451,0.025115370826830713,full,full,full
req_003333,benign,4.9471855e-05,0.025404626640915022,full,full,full
req_003334,benign,5.054474e-05,0.0559265478787084,full,full,full
req_003335,benign,0.000516057,0.05118377965555984,full,full,full
req_003336,injection,0.9991745,0.030767890087241654,full,quarantine,quarantine
req_003337,injection,0.9992572,0.05924424836893357,full,quarantine,quarantine
req_003338,benign,4.9471855e-05,0.029547885511649073,full,full,full
req_003339,benign,8.6426735e-05,0.7687455545873116,full,full,full
req_003340,benign,5.9247017e-05,0.04854836544386444,full,full,full
req_003341,benign,0.0089303255,0.7937670297530633,full,full,full
req_003342,benign,5.6624413e-05,0.032039139480812745,full,full,full
req_003343,benign,5.9127808e-05,0.041307270346716524,full,full,full
req_003344,benign,0.00012755394,0.03295961147452954,full,full,full
req_003345,benign,5.6505203e-05,0.8413807511450508,full,full,full
req_003346,benign,5.507469e-05,0.07070245381180465,full,full,full
req_003347,benign,4.9471855e-05,0.8112328042944135,full,full,full
req_003348,benign,6.389618e-05,0.8051930020573064,full,full,full
req_003349,benign,0.00015819073,0.02077892149212087,full,full,full
req_003350,benign,6.866455e-05,0.03824388226203144,full,full,full
req_003351,benign,9.1314316e-05,0.015151051022498264,full,full,full
req_003352,benign,5.6385994e-05,0.9410994244600573,full,full,full
req_003353,benign,0.00012123585,0.030612278156041485,full,full,full
req_003354,benign,4.9114227e-05,0.03230584531002074,full,full,full
req_003355,benign,0.00013196468,0.9082584564664574,full,full,full
req_003356,benign,7.498264e-05,0.0011512212596846531,full,full,full
req_003357,benign,4.9829483e-05,0.03152067976064838,full,full,full
req_003358,benign,6.878376e-05,0.8938956733097562,full,full,full
req_003359,benign,5.018711e-05,0.03293800710503862,full,full,full
req_003360,benign,5.6028366e-05,0.958717046121078,full,full,full
req_003361,benign,4.9829483e-05,0.009573673551251796,full,full,full
req_003362,benign,5.6505203e-05,0.8008602131054794,full,full,full
req_003363,benign,6.92606e-05,0.044250181542921714,full,full,full
req_003364,benign,5.4597855e-05,0.01963850449283299,full,full,full
req_003365,benign,0.00015473366,0.8713848344098641,full,full,full
req_003366,benign,0.0003476143,0.8395820451378551,full,full,full
req_003367,benign,6.937981e-05,0.053369750930464255,full,full,full
req_003368,benign,5.7578087e-05,0.8781156784667336,full,full,full
req_003369,benign,7.927418e-05,0.052961938891540515,full,full,full
req_003370,benign,5.9604645e-05,0.0,full,full,full
req_003371,benign,0.00011360645,0.8442618556305309,full,full,full
req_003372,benign,5.185604e-05,0.8127296671654916,full,full,full
req_003373,benign,5.054474e-05,0.05419983762810333,full,full,full
req_003374,benign,0.00010728836,0.037652753852024726,full,full,full
req_003375,benign,0.00014472008,0.058777947574291736,full,full,full
req_003376,benign,6.318092e-05,0.004826715022795747,full,full,full
req_003377,benign,4.9471855e-05,0.8405225543142469,full,full,full
req_003378,benign,4.9471855e-05,0.8985788335635907,full,full,full
req_003379,benign,5.698204e-05,0.8371332609719961,full,full,full
req_003380,benign,0.000114798546,0.7061193273655907,full,full,full
req_003381,benign,6.9737434e-05,0.01684394882427777,full,full,full
req_003382,benign,9.262562e-05,0.04918877840853294,full,full,full
req_003383,benign,6.9856644e-05,0.7883441565574765,full,full,full
req_003384,injection,0.99917555,0.05777793035305849,full,quarantine,quarantine
req_003385,benign,4.9471855e-05,0.7833018286162177,full,full,full
req_003386,benign,0.000119805336,0.056062710357359685,full,full,full
req_003387,benign,0.0001039505,0.04443636974773172,full,full,full
req_003388,benign,6.341934e-05,0.029269798018549037,full,full,full
req_003389,benign,5.6624413e-05,0.020083261768610604,full,full,full
req_003390,benign,4.9114227e-05,0.009520701932871922,full,full,full
req_003391,benign,4.9471855e-05,0.02778885927622208,full,full,full
req_003392,benign,8.6307526e-05,0.8966436343538882,full,full,full
req_003393,benign,6.2704086e-05,0.8547928001429309,full,full,full
req_003394,benign,0.00010418892,0.9061615675557684,full,full,full
req_003395,benign,5.054474e-05,0.8633231747635868,full,full,full
req_003396,benign,4.9114227e-05,0.7957814908121337,full,full,full
req_003397,exhaustion,0.0018402934,0.02395078840305815,full,full,full
req_003398,benign,5.9127808e-05,0.023104327569294043,full,full,full
req_003399,benign,5.698204e-05,0.8468573855873803,full,full,full
req_003400,benign,5.6147575e-05,0.0,full,full,full
req_003401,exhaustion,0.0043599606,0.8311811026507553,full,full,full
req_003402,benign,7.4744225e-05,0.869428642705035,full,full,full
req_003403,benign,5.3286552e-05,0.04370805013139972,full,full,full
req_003404,benign,6.842613e-05,0.7758044279143803,full,full,full
req_003405,benign,0.0001437664,0.8398634733040955,full,full,full
req_003406,benign,6.198883e-05,0.03415011957625523,full,full,full
req_003407,benign,8.9764595e-05,0.020687035529800012,full,full,full
req_003408,exhaustion,0.41334987,0.05060482933212715,full,full,sandbox
req_003409,benign,4.9471855e-05,0.0033176384291647015,full,full,full
req_003410,benign,4.9114227e-05,0.8330260605353662,full,full,full
req_003411,benign,0.00011765957,0.009926712475053539,full,full,full
req_003412,benign,4.9471855e-05,0.01520877319742537,full,full,full
req_003413,benign,7.224083e-05,0.05614076183258809,full,full,full
req_003414,benign,5.6624413e-05,0.05555037864334056,full,full,full
req_003415,benign,8.869171e-05,0.890614877354272,full,full,full
req_003416,benign,0.00011694431,0.8278939931280063,full,full,full
req_003417,benign,4.9114227e-05,0.85882533117289,full,full,full
req_003418,benign,5.507469e-05,0.05712173406596772,full,full,full
req_003419,benign,0.00013053417,0.004795838105664731,full,full,full
req_003420,benign,5.698204e-05,0.8834455803589659,full,full,full
req_003421,benign,6.484985e-05,0.8213803023017394,full,full,full
req_003422,benign,4.9471855e-05,0.03238575038609024,full,full,full
req_003423,benign,7.939339e-05,0.7396288009729249,full,full,full
req_003424,benign,4.9352646e-05,0.0077891943007626675,full,full,full
req_003425,benign,8.189678e-05,0.8121144987596004,full,full,full
req_003426,benign,4.9471855e-05,0.019048359495734784,full,full,full
req_003427,benign,4.9471855e-05,0.8834037469644672,full,full,full
req_003428,benign,7.724762e-05,0.8869740539506767,full,full,full
req_003429,benign,6.496906e-05,0.8193035055448985,full,full,full
req_003430,exhaustion,0.00484848,0.05962788097251626,full,full,full
req_003431,benign,7.164478e-05,0.9543116086637451,full,full,full
req_003432,benign,5.733967e-05,0.022011316498577384,full,full,full
req_003433,benign,5.38826e-05,0.9187511381918945,full,full,full
req_003434,benign,0.00016570091,0.023740065298841345,full,full,full
req_003435,benign,0.00030946732,0.022326172559914304,full,full,full
req_003436,benign,0.00015068054,0.04544613429389341,full,full,full
req_003437,benign,4.9471855e-05,0.020614032174972936,full,full,full
req_003438,benign,5.185604e-05,0.0,full,full,full
req_003439,benign,5.6147575e-05,0.8657910886427068,full,full,full
req_003440,benign,6.4611435e-05,0.034026487314071416,full,full,full
req_003441,benign,5.9485435e-05,0.03946414875965876,full,full,full
req_003442,benign,7.557869e-05,0.03549731433125582,full,full,full
req_003443,benign,9.548664e-05,0.01560339883599301,full,full,full
req_003444,benign,8.916855e-05,0.028439073872937867,full,full,full
req_003445,benign,8.85725e-05,0.9349582939862822,full,full,full
req_003446,benign,4.9471855e-05,0.8902468211472573,full,full,full
req_003447,benign,5.018711e-05,0.001479788926766909,full,full,full
req_003448,benign,6.1154366e-05,0.04765269372198591,full,full,full
req_003449,benign,0.00010561943,0.01035771477065598,full,full,full
req_003450,benign,0.00072175264,0.02515171327408371,full,full,full
req_003451,benign,0.0013356209,0.046533467250343415,full,full,full
req_003452,benign,6.41346e-05,0.8462688712707658,full,full,full
req_003453,benign,4.9114227e-05,0.7719240241157425,full,full,full
req_003454,benign,0.00018042326,0.035082253261547465,full,full,full
req_003455,exhaustion,0.00049602985,0.041367212544064766,full,full,full
req_003456,benign,0.00010895729,0.013008348709007689,full,full,full
req_003457,benign,0.00012266636,0.8768988522368754,full,full,full
req_003458,injection,0.99927634,0.03214807489405428,full,quarantine,quarantine
req_003459,benign,8.547306e-05,0.8125695866287742,full,full,full
req_003460,benign,0.00028043985,0.8934633323254603,full,full,full
req_003461,benign,6.365776e-05,0.08077046199642773,full,full,full
req_003462,benign,6.663799e-05,0.8466629679185311,full,full,full
req_003463,benign,6.16312e-05,0.8495365245292255,full,full,full
req_003464,benign,9.584427e-05,0.8595385821839193,full,full,full
req_003465,benign,0.00013375282,0.04199314931044716,full,full,full
req_003466,benign,5.698204e-05,0.03356405026985231,full,full,full
req_003467,benign,0.000115036964,0.03164351337841815,full,full,full
req_003468,benign,5.698204e-05,0.037152387315287215,full,full,full
req_003469,benign,6.2942505e-05,0.812708635390082,full,full,full
req_003470,benign,6.937981e-05,0.045200890310844274,full,full,full
req_003471,benign,5.6624413e-05,0.05905793616420337,full,full,full
req_003472,benign,8.916855e-05,0.014788738234527738,full,full,full
req_003473,benign,6.258488e-05,0.8332100092637698,full,full,full
req_003474,benign,6.878376e-05,0.0026401542649020122,full,full,full
req_003475,benign,4.9114227e-05,0.8726560207439606,full,full,full
req_003476,benign,0.00011134148,0.8942348759011511,full,full,full
req_003477,benign,0.00033175945,0.7695129287730555,full,full,full
req_003478,benign,0.00012743473,0.8969464132761602,full,full,full
req_003479,benign,4.9710274e-05,0.76259294808417,full,full,full
req_003480,benign,4.9114227e-05,0.8844820132146659,full,full,full
req_003481,benign,4.9471855e-05,0.04788134529241206,full,full,full
req_003482,benign,6.92606e-05,0.8387594811467239,full,full,full
req_003483,benign,7.236004e-05,0.0016266704720468532,full,full,full
req_003484,benign,0.0002027154,0.9236897793919492,full,full,full
req_003485,benign,5.38826e-05,0.01968644658289013,full,full,full
req_003486,benign,0.00013327599,0.920025120188442,full,full,full
req_003487,benign,6.92606e-05,0.8858583870337544,full,full,full
req_003488,benign,5.6624413e-05,0.7844518158124869,full,full,full
req_003489,benign,4.9471855e-05,0.8311275427420362,full,full,full
req_003490,benign,0.000108003616,0.04581266515791196,full,full,full
req_003491,benign,9.4771385e-05,0.02487382693619629,full,full,full
req_003492,benign,5.1021576e-05,0.024339088486565658,full,full,full
req_003493,benign,0.00010025501,0.8391873752733503,full,full,full
req_003494,benign,7.1287155e-05,0.9410445984367248,full,full,full
req_003495,benign,0.00019174814,0.8421625810307939,full,full,full
req_003496,exhaustion,0.00025862455,0.020099996859370906,full,full,full
req_003497,benign,6.9499016e-05,0.8256624048575004,full,full,full
req_003498,benign,4.9471855e-05,0.03785559191986547,full,full,full
req_003499,benign,6.210804e-05,0.009643564919664702,full,full,full
req_003500,benign,6.6161156e-05,0.02541116929773053,full,full,full
req_003501,benign,4.9471855e-05,0.01458844288409999,full,full,full
req_003502,benign,5.6147575e-05,0.902569385867444,full,full,full
req_003503,benign,5.698204e-05,0.02939052134242249,full,full,full
req_003504,benign,0.0003581047,0.025304117864900333,full,full,full
req_003505,benign,0.00027400255,0.06118003945933511,full,full,full
req_003506,benign,5.9366226e-05,0.8532069271800783,full,full,full
req_003507,benign,0.00048577785,0.8343586198137615,full,full,full
req_003508,benign,4.9114227e-05,0.050679945382754596,full,full,full
req_003509,benign,0.00010287762,0.9030355618698669,full,full,full
req_003510,benign,5.7458878e-05,0.8559731775281926,full,full,full
req_003511,exhaustion,0.015669763,0.050040090378919794,full,full,full
req_003512,injection,0.99936944,0.0,full,quarantine,quarantine
req_003513,exhaustion,0.00022763014,0.0,full,full,full
req_003514,benign,0.00020068884,0.0,full,full,full
req_003515,benign,0.00035190582,0.037180037921862794,full,full,full
req_003516,benign,5.6028366e-05,0.8505796230267036,full,full,full
req_003517,injection,0.99970543,0.0435159911063591,full,quarantine,quarantine
req_003518,benign,6.842613e-05,0.04382973614093578,full,full,full
req_003519,benign,5.877018e-05,0.013821007130796766,full,full,full
req_003520,benign,0.00011301041,0.7972060945302115,full,full,full
req_003521,benign,7.677078e-05,0.8922093551924088,full,full,full
req_003522,benign,0.00022894144,0.8218686319161027,full,full,full
req_003523,benign,7.867813e-05,0.9127431765101219,full,full,full
req_003524,benign,6.997585e-05,0.9777770844760074,full,full,full
req_003525,benign,6.496906e-05,0.8331327406900888,full,full,full
req_003526,exhaustion,0.00038206577,0.0497715587678125,full,full,full
req_003527,exhaustion,0.00022214651,0.049968079564442394,full,full,full
req_003528,benign,5.507469e-05,0.025179637754952924,full,full,full
req_003529,benign,0.00010359287,0.8469928820505035,full,full,full
req_003530,benign,5.6505203e-05,0.9256508909957042,full,full,full
req_003531,injection,0.99945116,0.010606216158415338,full,quarantine,quarantine
req_003532,exhaustion,0.00027161837,0.08340896097319633,full,full,full
req_003533,benign,4.9114227e-05,0.8425992365086293,full,full,full
req_003534,exhaustion,0.011575341,0.014630756379398351,full,full,full
req_003535,benign,6.7949295e-05,0.8670824377279991,full,full,full
req_003536,benign,4.9829483e-05,0.020623002403996414,full,full,full
req_003537,benign,6.556511e-05,0.042751475679160024,full,full,full
req_003538,exhaustion,0.00013518333,0.023854541510271724,full,full,full
req_003539,benign,0.00015795231,0.7801426319507178,full,full,full
req_003540,benign,6.6280365e-05,0.8576090669041574,full,full,full
req_003541,benign,5.38826e-05,0.013280082023013076,full,full,full
req_003542,benign,4.9829483e-05,0.8383200588421251,full,full,full
req_003543,benign,5.018711e-05,0.014738698619295752,full,full,full
req_003544,benign,6.4611435e-05,0.003550615829894025,full,full,full
req_003545,exhaustion,0.0026698112,0.05126303647009403,full,full,full
req_003546,benign,8.058548e-05,0.881785868946808,full,full,full
req_003547,benign,6.687641e-05,0.7488707867414519,full,full,full
req_003548,benign,0.00016188622,0.7854485448558058,full,full,full
req_003549,benign,0.0005554557,0.843136996853986,full,full,full
req_003550,benign,7.688999e-05,0.006469142211081018,full,full,full
req_003551,benign,6.41346e-05,0.809007450927032,full,full,full
req_003552,benign,0.000100016594,0.04830203748811866,full,full,full
req_003553,injection,0.999784,0.01597409772190446,full,quarantine,quarantine
req_003554,benign,0.00012099743,0.9083879918059998,full,full,full
req_003555,benign,6.92606e-05,0.0,full,full,full
req_003556,exhaustion,0.00060236454,0.033566659998271575,full,full,full
req_003557,exhaustion,0.00029724836,0.009117521318096785,full,full,full
req_003558,benign,4.9114227e-05,0.7718092434650876,full,full,full
req_003559,injection,0.9993462,0.0,full,quarantine,quarantine
req_003560,injection,0.9933177,0.027091995299233753,full,full,quarantine
req_003561,benign,5.185604e-05,0.8377792094268043,full,full,full
req_003562,benign,5.6624413e-05,0.048409133826178966,full,full,full
req_003563,benign,5.9485435e-05,0.8422428338593118,full,full,full
req_003564,injection,0.99805015,0.8860808842773381,full,quarantine,quarantine
req_003565,exhaustion,0.041042864,0.01953871129575315,full,full,full
req_003566,benign,5.6147575e-05,0.8481900687700519,full,full,full
req_003567,injection,0.9994488,0.03670713724043805,full,quarantine,quarantine
req_003568,benign,0.00019568205,0.08019140700753774,full,full,full
req_003569,exhaustion,0.00085258484,0.004911732173727323,full,full,full
req_003570,benign,0.00013160706,0.04071859435807236,full,full,full
req_003571,benign,9.1433525e-05,0.02869786910035472,full,full,full
req_003572,benign,5.6147575e-05,0.018537513884754685,full,full,full
req_003573,benign,4.9471855e-05,0.8180597233221452,full,full,full
req_003574,benign,5.7935715e-05,0.8365340967836908,full,full,full
req_003575,benign,4.9114227e-05,0.07185918901794563,full,full,full
req_003576,benign,0.0001039505,0.04727523504218151,full,full,full
req_003577,benign,4.9471855e-05,0.8761110160901334,full,full,full
req_003578,benign,0.00010359287,0.9018351128134608,full,full,full
req_003579,benign,0.00010550022,0.008120768170805114,full,full,full
req_003580,benign,6.67572e-05,0.038007846249474744,full,full,full
req_003581,benign,4.9233437e-05,0.856916107814504,full,full,full
req_003582,benign,5.6147575e-05,0.06606276837928818,full,full,full
req_003583,benign,5.698204e-05,0.06455905153716965,full,full,full
req_003584,benign,5.8412552e-05,0.00852681637838645,full,full,full
req_003585,benign,0.00024718046,0.7775417792509413,full,full,full
req_003586,benign,4.9114227e-05,0.8374849071932137,full,full,full
req_003587,benign,4.9471855e-05,0.0477208109670187,full,full,full
req_003588,benign,6.92606e-05,0.8983482199750134,full,full,full
req_003589,benign,0.00017082691,0.055453380610773206,full,full,full
req_003590,benign,0.00012457371,0.06455311146462125,full,full,full
req_003591,benign,5.352497e-05,0.025634460144841574,full,full,full
req_003592,injection,0.9992572,0.04025273666997337,full,quarantine,quarantine
req_003593,benign,6.353855e-05,0.8136494407960146,full,full,full
req_003594,benign,0.00014567375,0.8644091467777699,full,full,full
req_003595,benign,5.698204e-05,0.8261044433288337,full,full,full
req_003596,benign,5.698204e-05,0.03892403323896999,full,full,full
req_003597,benign,5.698204e-05,0.7885912532944738,full,full,full
req_003598,benign,4.9352646e-05,0.8848953359311947,full,full,full
req_003599,benign,0.0001295805,0.011755455595576662,full,full,full
req_003600,benign,5.38826e-05,0.8923675891156309,full,full,full
req_003601,benign,0.00011909008,0.7840282971663661,full,full,full
req_003602,benign,6.0796738e-05,0.05491737004407833,full,full,full
req_003603,benign,5.018711e-05,0.7764788504769082,full,full,full
req_003604,benign,7.6532364e-05,0.04227067493014495,full,full,full
req_003605,benign,9.262562e-05,0.007572293674439012,full,full,full
req_003606,benign,5.6505203e-05,0.053375074307357565,full,full,full
req_003607,exhaustion,0.0002619624,0.03820159856451072,full,full,full
req_003608,benign,4.9233437e-05,0.8660383276716692,full,full,full
req_003609,benign,4.9114227e-05,0.850579205960247,full,full,full
req_003610,benign,5.8293343e-05,0.8414476379854312,full,full,full
req_003611,benign,5.4717064e-05,0.9281639230248553,full,full,full
req_003612,benign,0.00013804436,0.8023944179800687,full,full,full
req_003613,benign,5.7935715e-05,0.7703815169142677,full,full,full
req_003614,benign,9.346008e-05,0.05511570279869273,full,full,full
req_003615,benign,9.250641e-05,0.963387058515735,full,full,full
req_003616,benign,6.0915947e-05,0.04618102109483357,full,full,full
req_003617,benign,5.1498413e-05,0.044357396728325844,full,full,full
req_003618,benign,0.00032365322,0.013864507088534334,full,full,full
req_003619,benign,0.00013744831,0.8290729571075084,full,full,full
req_003620,benign,0.000119805336,0.8023209571739671,full,full,full
req_003621,injection,0.9995801,0.05823372320643013,full,quarantine,quarantine
req_003622,benign,5.6624413e-05,0.8334307577108507,full,full,full
req_003623,benign,5.018711e-05,0.8910533514812787,full,full,full
req_003624,injection,0.9993263,0.02450786853064976,full,quarantine,quarantine
req_003625,benign,6.663799e-05,0.9091166859040009,full,full,full
req_003626,injection,0.9991526,0.03770771098689771,full,quarantine,quarantine
req_003627,benign,5.9604645e-05,0.9316524163898691,full,full,full
req_003628,benign,4.9114227e-05,0.0,full,full,full
req_003629,benign,0.00012886524,0.907065615363605,full,full,full
req_003630,benign,6.365776e-05,0.04487849014122423,full,full,full
req_003631,benign,5.6147575e-05,0.0777043110165184,full,full,full
req_003632,benign,7.021427e-05,0.041247001477794774,full,full,full
req_003633,injection,0.99975485,0.030502899207068536,full,quarantine,quarantine
req_003634,benign,7.426739e-05,0.817096158926645,full,full,full
req_003635,benign,0.000104665756,0.8109668832353505,full,full,full
req_003636,benign,9.3221664e-05,0.02889552269750144,full,full,full
req_003637,benign,5.7935715e-05,0.867979810188762,full,full,full
req_003638,benign,4.9114227e-05,0.8461697079389252,full,full,full
req_003639,benign,4.9114227e-05,0.032632188495294,full,full,full
req_003640,benign,4.9829483e-05,0.02811685313000666,full,full,full
req_003641,benign,0.00019353628,0.044572946774552286,full,full,full
req_003642,benign,6.878376e-05,0.7965119698358029,full,full,full
req_003643,benign,4.9114227e-05,0.9024803732503257,full,full,full
req_003644,benign,8.547306e-05,0.8480142652104645,full,full,full
req_003645,benign,9.62019e-05,0.8840080380907868,full,full,full
req_003646,benign,0.00014102459,0.022663785051585984,full,full,full
req_003647,injection,0.99952906,0.04424420311126184,full,quarantine,quarantine
req_003648,benign,5.1617622e-05,0.8687438676443491,full,full,full
req_003649,benign,5.185604e-05,0.7972584867627656,full,full,full
req_003650,benign,4.9114227e-05,0.0503270198306562,full,full,full
req_003651,benign,9.250641e-05,0.01887251634856392,full,full,full
req_003652,injection,0.99968773,0.002279126691649303,full,quarantine,quarantine
req_003653,benign,0.00011968613,0.8640658477696157,full,full,full
req_003654,benign,5.054474e-05,0.7789821889911459,full,full,full
req_003655,exhaustion,0.0037882328,0.0,full,full,full
req_003656,exhaustion,0.00028127432,0.044180724765692875,full,full,full
req_003657,benign,8.1539154e-05,0.8645100885479554,full,full,full
req_003658,benign,0.00034105778,0.8063701320466157,full,full,full
req_003659,benign,6.663799e-05,0.8463267605327032,full,full,full
req_003660,benign,0.000105023384,0.9138184587808514,full,full,full
req_003661,benign,9.250641e-05,0.04408435245322672,full,full,full
req_003662,benign,0.00017261505,0.819201208637158,full,full,full
req_003663,injection,0.9567418,0.02676606972668354,full,quarantine,quarantine
req_003664,benign,4.9114227e-05,0.03298155586297122,full,full,full
req_003665,benign,5.5909157e-05,0.028207406371035332,full,full,full
req_003666,benign,6.7949295e-05,0.9059428934142884,full,full,full
req_003667,benign,5.185604e-05,0.8661074326742612,full,full,full
req_003668,benign,6.03199e-05,0.025211339297414998,full,full,full
req_003669,benign,5.7458878e-05,0.03160513816780783,full,full,full
req_003670,exhaustion,0.0014842153,0.040118443157081074,full,full,full
req_003671,benign,5.4717064e-05,0.0,full,full,full
req_003672,benign,0.00032174587,0.863044940338034,full,full,full
req_003673,benign,0.0005621314,0.8297623869443077,full,full,full
req_003674,benign,7.522106e-05,0.014485299236855079,full,full,full
req_003675,benign,4.9471855e-05,0.025833614810155718,full,full,full
req_003676,benign,0.0006403327,0.04868646962677856,full,full,full
req_003677,benign,0.00014996529,0.026350616445119,full,full,full
req_003678,benign,5.6624413e-05,0.7729963569630702,full,full,full
req_003679,benign,5.6147575e-05,0.8944921976614658,full,full,full
req_003680,exhaustion,0.011853695,0.053144415521330805,full,full,full
req_003681,benign,9.739399e-05,0.02967023690516598,full,full,full
req_003682,benign,5.9962273e-05,0.8104090606108272,full,full,full
req_003683,benign,4.9471855e-05,0.8395593687870349,full,full,full
req_003684,benign,9.775162e-05,0.02803383480862316,full,full,full
req_003685,benign,5.6028366e-05,0.913236505479717,full,full,full
req_003686,benign,0.00018757582,0.037568790788360194,full,full,full
req_003687,benign,0.0001103878,0.8581180262059844,full,full,full
req_003688,benign,4.9471855e-05,0.8239419100240297,full,full,full
req_003689,benign,0.00014603138,0.8359970780869187,full,full,full
req_003690,benign,0.00019568205,0.017107868470443863,full,full,full
req_003691,benign,5.38826e-05,0.01902666988250814,full,full,full
req_003692,benign,9.191036e-05,0.8006123430068783,full,full,full
req_003693,benign,6.54459e-05,0.8531546601987811,full,full,full
req_003694,benign,0.0007041693,0.0,full,full,full
req_003695,benign,0.00013744831,0.028972102336818868,full,full,full
req_003696,benign,0.00010728836,0.8653488909595236,full,full,full
req_003697,benign,5.3167343e-05,0.006604662274824532,full,full,full
req_003698,benign,5.018711e-05,0.8733095310353755,full,full,full
req_003699,benign,6.842613e-05,0.8126673116300526,full,full,full
req_003700,benign,4.9233437e-05,0.045524419821950324,full,full,full
req_003701,benign,5.364418e-05,0.9275721940444874,full,full,full
req_003702,benign,4.9471855e-05,0.9144399977620191,full,full,full
req_003703,benign,0.00010728836,0.0,full,full,full
req_003704,benign,4.9471855e-05,0.794169404736985,full,full,full
req_003705,benign,0.00023430586,0.035174785965955815,full,full,full
req_003706,benign,0.00038713217,0.9627156335885654,full,full,full
req_003707,benign,5.6147575e-05,0.8531258172875441,full,full,full
req_003708,benign,5.209446e-05,0.8629308171856012,full,full,full
req_003709,benign,6.699562e-05,0.824556688581666,full,full,full
req_003710,benign,9.548664e-05,0.02796650620690745,full,full,full
req_003711,benign,5.7816505e-05,0.8982428438830561,full,full,full
req_003712,injection,0.9997383,0.04586794010158869,full,quarantine,quarantine
req_003713,benign,5.567074e-05,0.8076398725720962,full,full,full
req_003714,benign,4.9471855e-05,0.032541182936409944,full,full,full
req_003715,benign,5.733967e-05,0.791927290054672,full,full,full
req_003716,benign,0.00034415722,0.8092221823902888,full,full,full
req_003717,benign,6.7830086e-05,0.7831365685207736,full,full,full
req_003718,benign,6.818771e-05,0.008931456274398564,full,full,full
req_003719,benign,4.9233437e-05,0.029250918883311768,full,full,full
req_003720,benign,7.426739e-05,0.9063256267259323,full,full,full
req_003721,benign,5.5909157e-05,0.8556222389824506,full,full,full
req_003722,benign,0.00016212463,0.8863503100858452,full,full,full
req_003723,benign,0.00066417456,0.7821427576203643,full,full,full
req_003724,benign,5.1498413e-05,0.0341802862558976,full,full,full
req_003725,benign,5.38826e-05,0.04434888624493925,full,full,full
req_003726,benign,5.209446e-05,0.8427174449484652,full,full,full
req_003727,benign,0.00041812658,0.8785755880668394,full,full,full
req_003728,benign,7.355213e-05,0.8677930491095883,full,full,full
req_003729,benign,0.0002722144,0.7414377574848015,full,full,full
req_003730,benign,5.7816505e-05,0.9009067654431938,full,full,full
req_003731,benign,5.6505203e-05,0.08446075937747952,full,full,full
req_003732,benign,5.6624413e-05,0.03874446033746309,full,full,full
req_003733,benign,6.902218e-05,0.8289322444816657,full,full,full
req_003734,benign,6.830692e-05,0.9078959275655332,full,full,full
req_003735,benign,4.9114227e-05,0.8786820031642356,full,full,full
req_003736,benign,6.7830086e-05,0.7810161982709711,full,full,full
req_003737,benign,4.9471855e-05,0.02088216969515075,full,full,full
req_003738,benign,6.699562e-05,0.815415788214251,full,full,full
req_003739,benign,5.6624413e-05,0.8575200766960892,full,full,full
req_003740,exhaustion,0.00030434132,0.0,full,full,full
req_003741,benign,0.00012934208,0.008488684031632665,full,full,full
req_003742,benign,0.00020056963,0.8411413383998638,full,full,full
req_003743,benign,0.000104665756,0.04529510513056831,full,full,full
req_003744,benign,7.1525574e-05,0.870194881205498,full,full,full
req_003745,benign,7.9870224e-05,0.8626987832169187,full,full,full
req_003746,benign,6.842613e-05,0.035570489166620776,full,full,full
req_003747,exhaustion,0.0051636696,0.03344861556019623,full,full,full
req_003748,benign,5.7935715e-05,0.9644134618039834,full,full,full
req_003749,benign,4.9471855e-05,0.05158058536795697,full,full,full
req_003750,benign,5.733967e-05,0.8607038303474501,full,full,full
req_003751,benign,4.9471855e-05,0.031029543481849876,full,full,full
req_003752,benign,4.9114227e-05,0.04784724625619645,full,full,full
req_003753,benign,5.6624413e-05,0.029509758920448232,full,full,full
req_003754,benign,0.000105023384,0.9598408628732676,full,full,full
req_003755,injection,0.9995424,0.054959298979589996,full,quarantine,quarantine
req_003756,benign,6.9856644e-05,0.004759900961282759,full,full,full
req_003757,benign,0.0012258887,0.017416659304501318,full,full,full
req_003758,benign,0.000108003616,0.9106025848756854,full,full,full
req_003759,injection,0.9997697,0.0363269883000818,full,quarantine,quarantine
req_003760,benign,4.9471855e-05,0.8048318346304744,full,full,full
req_003761,benign,9.191036e-05,0.02643202149407763,full,full,full
req_003762,benign,0.00016343594,0.014672414379994097,full,full,full
req_003763,benign,6.3061714e-05,0.044938766764191396,full,full,full
req_003764,benign,0.024434924,0.8993711616987086,full,full,full
req_003765,benign,4.9114227e-05,0.0,full,full,full
req_003766,benign,0.00022131205,0.014494266106579789,full,full,full
req_003767,benign,5.209446e-05,0.043703989012148135,full,full,full
req_003768,benign,0.000105023384,0.03145752918472731,full,full,full
req_003769,benign,0.00011396408,0.8229085984062668,full,full,full
req_003770,exhaustion,0.43991578,0.03578626060492807,full,full,sandbox
req_003771,benign,5.6624413e-05,0.8650620210573233,full,full,full
req_003772,benign,6.425381e-05,0.8914459373453936,full,full,full
req_003773,benign,4.9352646e-05,0.02418843467806546,full,full,full
req_003774,benign,0.0011539459,0.8199373162746565,full,full,full
req_003775,benign,4.9114227e-05,0.8485206089785517,full,full,full
req_003776,benign,5.0902367e-05,0.016385068817242304,full,full,full
req_003777,benign,0.00011956692,0.04713066641464142,full,full,full
req_003778,benign,4.9471855e-05,0.05878788252608673,full,full,full
req_003779,benign,5.8174133e-05,0.00860339807940471,full,full,full
req_003780,exhaustion,0.00015056133,0.042411021916827225,full,full,full
req_003781,benign,6.41346e-05,0.9155723884196578,full,full,full
req_003782,benign,0.00014007092,0.040129636508055316,full,full,full
req_003783,benign,0.00015175343,0.9315297908796948,full,full,full
req_003784,benign,0.00010895729,0.032797128245407384,full,full,full
req_003785,benign,0.0001527071,0.8660183739728277,full,full,full
req_003786,benign,5.6624413e-05,0.7764347812245188,full,full,full
req_003787,benign,0.00012552738,0.8633617461434276,full,full,full
req_003788,benign,5.6624413e-05,0.8395154748376263,full,full,full
req_003789,benign,0.00011694431,0.8078552995983023,full,full,full
req_003790,benign,5.507469e-05,0.012264268315737546,full,full,full
req_003791,benign,5.054474e-05,0.8872457682918526,full,full,full
req_003792,benign,5.698204e-05,0.04026875735860461,full,full,full
req_003793,benign,0.00061392784,0.7887800136030492,full,full,full
req_003794,benign,0.00019043684,0.8106158039408962,full,full,full
req_003795,benign,8.165836e-05,0.0,full,full,full
req_003796,benign,4.9471855e-05,0.8761323966915284,full,full,full
req_003797,benign,5.6624413e-05,0.8903926629825472,full,full,full
req_003798,benign,5.567074e-05,0.0,full,full,full
req_003799,benign,0.000108003616,0.8677265827235976,full,full,full
req_003800,benign,0.000104665756,0.0,full,full,full
req_003801,injection,0.9991625,0.05809818722263786,full,quarantine,quarantine
req_003802,benign,7.510185e-05,0.8165237254672163,full,full,full
req_003803,benign,5.9604645e-05,0.04682751242596475,full,full,full
req_003804,benign,0.00038665533,0.9188804127079251,full,full,full
req_003805,benign,4.9114227e-05,0.8294317121933931,full,full,full
req_003806,benign,0.00010740757,0.0317814379004969,full,full,full
req_003807,exhaustion,0.26155102,0.047078505880535915,full,full,full
req_003808,benign,7.867813e-05,0.0,full,full,full
req_003809,benign,5.507469e-05,0.8819556577158426,full,full,full
req_003810,benign,5.865097e-05,0.8002383892685604,full,full,full
req_003811,benign,5.6505203e-05,0.8529079241276666,full,full,full
req_003812,exhaustion,0.0006571412,0.05520600000567355,full,full,full
req_003813,benign,6.401539e-05,0.06071321364750025,full,full,full
req_003814,benign,4.9471855e-05,0.7885341680401715,full,full,full
req_003815,exhaustion,0.0016724467,0.03610836468499101,full,full,full
req_003816,benign,7.6413155e-05,0.7808280340283384,full,full,full
req_003817,injection,0.99938947,0.05681370718834401,full,quarantine,quarantine
req_003818,benign,5.543232e-05,0.9140031429382737,full,full,full
req_003819,benign,0.00012254715,0.040980479103138255,full,full,full
req_003820,exhaustion,0.00021916628,0.03038099165797194,full,full,full
req_003821,benign,0.0001398325,0.8436995715040695,full,full,full
req_003822,benign,9.9658966e-05,0.9105573246123804,full,full,full
req_003823,benign,4.9114227e-05,0.03970185137680743,full,full,full
req_003824,benign,0.000121474266,0.04801479894513189,full,full,full
req_003825,benign,0.00012350082,0.04100911613458865,full,full,full
req_003826,benign,5.6624413e-05,0.0646573676182671,full,full,full
req_003827,benign,4.9829483e-05,0.8699329570447797,full,full,full
req_003828,benign,4.9829483e-05,0.03526816041981857,full,full,full
req_003829,benign,6.222725e-05,0.8462492377996779,full,full,full
req_003830,benign,6.878376e-05,0.059246879224456775,full,full,full
req_003831,benign,5.733967e-05,0.8068924343614542,full,full,full
req_003832,injection,0.99927825,0.05276062569222051,full,quarantine,quarantine
req_003833,benign,6.8068504e-05,0.9273154504023491,full,full,full
req_003834,injection,0.9994257,0.8440895229837104,full,quarantine,quarantine
req_003835,benign,5.6147575e-05,0.026912995621164757,full,full,full
req_003836,benign,0.00010573864,0.9167702545660542,full,full,full
req_003837,benign,5.6505203e-05,0.06392569198356943,full,full,full
req_003838,benign,4.9114227e-05,0.872137760248706,full,full,full
req_003839,benign,0.00015795231,0.019511920128516325,full,full,full
req_003840,benign,4.9471855e-05,0.02098678214505334,full,full,full
req_003841,benign,6.175041e-05,0.9033334792430142,full,full,full
req_003842,benign,5.6624413e-05,0.9106769758279627,full,full,full
req_003843,benign,0.00012934208,0.837823576950376,full,full,full
req_003844,injection,0.9992698,0.060949717752076485,full,quarantine,quarantine
req_003845,benign,0.00016093254,0.045164105447330447,full,full,full
req_003846,benign,6.842613e-05,0.00041429215421353097,full,full,full
req_003847,benign,5.6624413e-05,0.03398003227305233,full,full,full
req_003848,benign,9.429455e-05,0.81135756587489,full,full,full
req_003849,benign,5.8293343e-05,0.8248332249255764,full,full,full
req_003850,benign,5.9247017e-05,0.04280187286444898,full,full,full
req_003851,benign,0.00015819073,0.8983607362784954,full,full,full
req_003852,benign,5.6624413e-05,0.877133841457972,full,full,full
req_003853,benign,4.9471855e-05,0.07269914266960689,full,full,full
req_003854,benign,5.6266785e-05,0.05159763692901002,full,full,full
req_003855,benign,4.9471855e-05,0.7755089044794138,full,full,full
req_003856,benign,0.00020068884,0.8735557179131562,full,full,full
req_003857,benign,6.41346e-05,0.026479348704080807,full,full,full
req_003858,benign,4.9471855e-05,0.8528224119733522,full,full,full
req_003859,benign,4.9471855e-05,0.047820036231464656,full,full,full
req_003860,benign,0.00010204315,0.7974935828376382,full,full,full
req_003861,benign,0.00010967255,0.0280610596806114,full,full,full
req_003862,benign,9.262562e-05,0.7289712631833583,full,full,full
req_003863,benign,9.250641e-05,0.07370913644579472,full,full,full
req_003864,benign,7.259846e-05,0.025320615835662832,full,full,full
req_003865,benign,4.9471855e-05,0.037092308706405605,full,full,full
req_003866,exhaustion,0.10206574,0.025522274717350565,full,full,full
req_003867,benign,0.00038313866,0.8069610967079738,full,full,full
req_003868,benign,4.9233437e-05,0.06397801909372147,full,full,full
req_003869,benign,5.185604e-05,0.8783130691950193,full,full,full
req_003870,benign,0.00014185905,0.8406287659420181,full,full,full
req_003871,exhaustion,0.0010362864,0.032414363950476546,full,full,full
req_003872,benign,0.00039952993,0.8868293374833776,full,full,full
req_003873,benign,0.00010573864,0.041644774982372006,full,full,full
req_003874,benign,5.698204e-05,0.028258628565639415,full,full,full
req_003875,exhaustion,0.01768303,0.05277066671119927,full,full,full
req_003876,benign,0.00036370754,0.03342769999989499,full,full,full
req_003877,injection,0.9991625,0.012005218394025383,full,quarantine,quarantine
req_003878,benign,6.03199e-05,0.7975550800680198,full,full,full
req_003879,benign,0.0003041029,0.8379732488512921,full,full,full
req_003880,benign,0.0001295805,0.8432916477400815,full,full,full
req_003881,benign,5.6028366e-05,0.026505137869547866,full,full,full
req_003882,benign,4.9471855e-05,0.9259052072411044,full,full,full
req_003883,benign,5.733967e-05,0.811979466104255,full,full,full
req_003884,benign,0.0001039505,0.04283837378118122,full,full,full
req_003885,benign,5.6266785e-05,0.7339271787269587,full,full,full
req_003886,benign,5.6147575e-05,0.0044014008834887645,full,full,full
req_003887,benign,0.00017851591,0.047837210317375964,full,full,full
req_003888,benign,7.772446e-05,0.06077998131412829,full,full,full
req_003889,benign,5.6147575e-05,0.011669748090273456,full,full,full
req_003890,injection,0.999313,0.0,full,quarantine,quarantine
req_003891,benign,4.9114227e-05,0.02751802780783145,full,full,full
req_003892,exhaustion,0.002781272,0.021575945129976803,full,full,full
req_003893,benign,0.0001206398,0.02364099521273667,full,full,full
req_003894,benign,5.6624413e-05,0.7637091134918325,full,full,full
req_003895,benign,7.9631805e-05,0.764117615053242,full,full,full
req_003896,injection,0.9991484,0.04997814827671966,full,quarantine,quarantine
req_003897,benign,4.9829483e-05,0.05299033182799756,full,full,full
req_003898,benign,0.00012242794,0.9103311566219878,full,full,full
req_003899,injection,0.9991504,0.03691734202091624,full,quarantine,quarantine
req_003900,benign,5.865097e-05,0.04288586379990195,full,full,full
req_003901,benign,9.524822e-05,0.041179426956793455,full,full,full
req_003902,benign,5.6624413e-05,0.7664380167701184,full,full,full
req_003903,benign,5.054474e-05,0.7384693486183648,full,full,full
req_003904,benign,0.00017166138,0.8038846246563615,full,full,full
req_003905,benign,6.1154366e-05,0.0,full,full,full
req_003906,injection,0.99933517,0.016433685718013517,full,quarantine,quarantine
req_003907,injection,0.99930954,0.02736986889518874,full,quarantine,quarantine
req_003908,benign,4.9114227e-05,1.0,full,full,full
req_003909,benign,6.0796738e-05,0.007380805598456584,full,full,full
req_003910,benign,0.00035476685,0.8396308391564608,full,full,full
req_003911,benign,0.00012981892,0.8212575046829557,full,full,full
req_003912,benign,4.9471855e-05,0.059890077056427904,full,full,full
req_003913,benign,6.866455e-05,0.031235592836845075,full,full,full
req_003914,benign,5.6624413e-05,0.01546584476215401,full,full,full
req_003915,injection,0.9992899,0.014557566970044874,full,quarantine,quarantine
req_003916,benign,6.6399574e-05,0.04348253697524154,full,full,full
req_003917,benign,6.4611435e-05,0.8783794780907269,full,full,full
req_003918,benign,6.711483e-05,0.04744361483231321,full,full,full
req_003919,benign,0.0011037588,0.9187532574054988,full,full,full
req_003920,benign,0.000114798546,0.9220740207805989,full,full,full
req_003921,exhaustion,0.0061011314,0.0045877006992758596,full,full,full
req_003922,benign,4.9114227e-05,0.8578064574513579,full,full,full
req_003923,injection,0.999187,0.01333780867297436,full,quarantine,quarantine
req_003924,benign,5.1617622e-05,0.9720326919966753,full,full,full
req_003925,injection,0.99758697,0.026960552348358254,full,quarantine,quarantine
req_003926,benign,5.209446e-05,0.885981861022882,full,full,full
req_003927,benign,4.9114227e-05,0.9248712869686398,full,full,full
req_003928,benign,5.054474e-05,0.03503706058174241,full,full,full
req_003929,benign,0.001169622,0.04828874070141442,full,full,full
req_003930,benign,6.997585e-05,0.8972069241753133,full,full,full
req_003931,benign,4.9114227e-05,0.013875873524825992,full,full,full
req_003932,benign,9.8109245e-05,0.823645477754944,full,full,full
req_003933,benign,5.6147575e-05,0.8877867183662327,full,full,full
req_003934,benign,4.9471855e-05,0.04894704463710453,full,full,full
req_003935,benign,6.6280365e-05,0.0,full,full,full
req_003936,benign,5.6147575e-05,0.8354350915020321,full,full,full
req_003937,benign,6.03199e-05,0.041506037468978935,full,full,full
req_003938,benign,5.018711e-05,0.03358738416755373,full,full,full
req_003939,benign,6.878376e-05,0.8392372420107991,full,full,full
req_003940,exhaustion,0.24784476,0.05059669402181693,full,full,full
req_003941,benign,0.0011876822,0.8581442596188863,full,full,full
req_003942,benign,0.0002284646,0.7752974002474,full,full,full
req_003943,benign,5.0663948e-05,0.8543347618583551,full,full,full
req_003944,benign,6.151199e-05,0.786938357032927,full,full,full
req_003945,exhaustion,0.00012457371,0.032996444035131994,full,full,full
req_003946,benign,8.72612e-05,0.8985129181405209,full,full,full
req_003947,benign,4.9471855e-05,0.06542013945363444,full,full,full
req_003948,benign,5.6147575e-05,0.8253163127587124,full,full,full
req_003949,benign,4.9114227e-05,0.8093250018677856,full,full,full
req_003950,benign,6.92606e-05,0.849584112836759,full,full,full
req_003951,exhaustion,0.00019079447,0.8918470373554948,full,full,full
req_003952,benign,4.9114227e-05,0.05794204067334774,full,full,full
req_003953,benign,6.020069e-05,0.8833065076495252,full,full,full
req_003954,benign,4.9114227e-05,0.784783512323301,full,full,full
req_003955,benign,0.0012190938,0.030222157893255896,full,full,full
req_003956,benign,0.00017213821,0.8445364393320046,full,full,full
req_003957,benign,5.1498413e-05,0.8536807290790903,full,full,full
req_003958,benign,6.854534e-05,0.8037514619734473,full,full,full
req_003959,benign,4.9114227e-05,0.8191836461769866,full,full,full
req_003960,benign,9.512901e-05,0.8654279536610792,full,full,full
req_003961,benign,0.00011897087,0.7909215977895763,full,full,full
req_003962,benign,0.000114917755,0.02863030240986693,full,full,full
req_003963,benign,5.6147575e-05,0.04861877468611953,full,full,full
req_003964,benign,6.2704086e-05,0.8726580879912217,full,full,full
req_003965,benign,4.9471855e-05,0.02627241012219609,full,full,full
req_003966,benign,0.00027161837,0.768803356485342,full,full,full
req_003967,benign,4.9114227e-05,0.8820200822132463,full,full,full
req_003968,benign,7.83205e-05,0.8843142382502479,full,full,full
req_003969,benign,5.567074e-05,0.8478623283697935,full,full,full
req_003970,benign,0.00058329105,0.8827337831345118,full,full,full
req_003971,benign,0.0001744628,0.849363903698866,full,full,full
req_003972,benign,5.6624413e-05,0.8830197882838061,full,full,full
req_003973,benign,0.00012075901,0.02109823671111124,full,full,full
req_003974,benign,6.1273575e-05,0.8016442867539056,full,full,full
req_003975,benign,6.92606e-05,0.028786138648260545,full,full,full
req_003976,benign,0.000108003616,0.8018968373711611,full,full,full
req_003977,benign,4.9471855e-05,0.9629749283524824,full,full,full
req_003978,benign,4.9471855e-05,0.8426676835442255,full,full,full
req_003979,benign,5.018711e-05,0.8036579360871472,full,full,full
req_003980,exhaustion,0.0003349781,0.03045198267526031,full,full,full
req_003981,injection,0.9995801,0.8533389015569136,full,quarantine,quarantine
req_003982,benign,9.8228455e-05,0.8570525065656986,full,full,full
req_003983,benign,0.016789198,0.8782228490622036,full,quarantine,full
req_003984,benign,0.00013184547,0.8204898301508656,full,full,full
req_003985,benign,5.6624413e-05,0.0,full,full,full
req_003986,benign,4.9114227e-05,0.04808964934981614,full,full,full
req_003987,benign,0.00012278557,0.044560432340970166,full,full,full
req_003988,benign,5.6505203e-05,0.04501506862099358,full,full,full
req_003989,benign,0.00011706352,0.751106436496217,full,full,full
req_003990,benign,4.9233437e-05,0.0558472516986894,full,full,full
req_003991,benign,9.191036e-05,0.9066074844723147,full,full,full
req_003992,benign,7.236004e-05,0.006485800216536802,full,full,full
req_003993,benign,7.05719e-05,0.9362962613616106,full,full,full
req_003994,benign,0.00012290478,0.018131710343173818,full,full,full
req_003995,benign,0.00016188622,0.8450958539469209,full,full,full
req_003996,benign,0.00014317036,0.8261888161674366,full,full,full
req_003997,benign,4.9471855e-05,0.9402918413722097,full,full,full
req_003998,exhaustion,0.17969072,0.03058931294656987,full,full,full
req_003999,benign,6.365776e-05,0.8578239711788911,full,full,full
req_004000,exhaustion,0.029526174,0.05524377664536001,full,full,full
req_004001,benign,8.225441e-05,0.7666034108838982,full,full,full
req_004002,benign,5.6028366e-05,0.8363177000333654,full,full,full
req_004003,benign,5.4597855e-05,0.04491973446129063,full,full,full
req_004004,injection,0.99932325,0.0,full,quarantine,quarantine
req_004005,benign,8.666515e-05,0.7549740428679719,full,full,full
req_004006,benign,5.6505203e-05,0.914414192635013,full,full,full
req_004007,benign,6.41346e-05,0.8966071346343073,full,full,full
req_004008,injection,0.99946314,0.0388925409437817,full,quarantine,quarantine
req_004009,injection,0.99951166,0.060811942661307836,full,quarantine,quarantine
req_004010,exhaustion,0.0002605319,0.02792387485162466,full,full,full
req_004011,benign,4.9114227e-05,0.0,full,full,full
req_004012,benign,5.567074e-05,0.8954179898263067,full,full,full
req_004013,benign,7.927418e-05,0.8398506049474916,full,full,full
req_004014,benign,4.9471855e-05,0.03588286219768433,full,full,full
req_004015,benign,6.8068504e-05,0.04827938366841329,full,full,full
req_004016,benign,0.000105023384,0.03489143161407723,full,full,full
req_004017,benign,6.663799e-05,0.006540002500166304,full,full,full
req_004018,exhaustion,0.0004993677,0.01471987217736615,full,full,full
req_004019,injection,0.9993601,0.03938376307030667,full,quarantine,quarantine
req_004020,benign,5.6028366e-05,0.7704419067171616,full,full,full
req_004021,benign,5.0902367e-05,0.8662992783289675,full,full,full
req_004022,benign,6.6161156e-05,0.0,full,full,full
req_004023,benign,0.00014865398,0.023664218146980782,full,full,full
req_004024,benign,7.045269e-05,0.0,full,full,full
req_004025,benign,5.698204e-05,0.01232567539873555,full,full,full
req_004026,injection,0.9994678,0.0,full,quarantine,quarantine
req_004027,benign,4.9114227e-05,0.8658759528835196,full,full,full
req_004028,benign,5.6028366e-05,0.033700811296369655,full,full,full
req_004029,benign,5.6624413e-05,0.030862928892117964,full,full,full
req_004030,injection,0.9995274,0.03853021669433956,full,quarantine,quarantine
req_004031,benign,0.00011897087,0.027251072758309874,full,full,full
req_004032,benign,0.00012481213,0.8220641278693382,full,full,full
req_004033,benign,5.6624413e-05,0.06665784452142691,full,full,full
req_004034,benign,4.9471855e-05,0.032396701227056464,full,full,full
req_004035,benign,8.237362e-05,0.014658409534482579,full,full,full
req_004036,benign,5.9604645e-05,0.917468033917918,full,full,full
req_004037,benign,7.164478e-05,0.8933937331320746,full,full,full
req_004038,benign,4.9114227e-05,0.9315304891039643,full,full,full
req_004039,benign,8.2969666e-05,0.8808729006952084,full,full,full
req_004040,benign,0.00020056963,0.05290383734235225,full,full,full
req_004041,benign,9.4652176e-05,0.02528845153127922,full,full,full
req_004042,benign,0.00014197826,0.8281719065021148,full,full,full
req_004043,injection,0.9996787,0.027467018838103277,full,quarantine,quarantine
req_004044,benign,5.733967e-05,0.01652065636668503,full,full,full
req_004045,benign,4.9471855e-05,0.028775217525691992,full,full,full
req_004046,benign,0.0030545592,0.028490010580911544,full,full,full
req_004047,benign,5.6624413e-05,0.03463112896269413,full,full,full
req_004048,benign,7.927418e-05,0.8288702296204761,full,full,full
req_004049,benign,0.012117624,0.05087692066202354,full,full,full
req_004050,benign,5.6624413e-05,0.8423993533919057,full,full,full
req_004051,exhaustion,0.002178073,0.03811408622233172,full,full,full
req_004052,benign,7.3194504e-05,0.857610676289134,full,full,full
req_004053,benign,8.070469e-05,0.9095822122074236,full,full,full
req_004054,benign,0.00012886524,0.8607729387647315,full,full,full
req_004055,benign,0.00011253357,0.7608721891020714,full,full,full
req_004056,injection,0.99947876,0.038954859997027434,full,quarantine,quarantine
req_004057,benign,5.6028366e-05,0.05152341254760233,full,full,full
req_004058,exhaustion,0.00044554472,0.04217234230690421,full,full,full
req_004059,benign,6.3061714e-05,0.05869224560028338,full,full,full
req_004060,benign,5.6505203e-05,0.7762137615428113,full,full,full
req_004061,benign,0.0004478097,0.005509788108109016,full,full,full
req_004062,benign,5.686283e-05,0.8376991094237282,full,full,full
req_004063,benign,0.00019460917,0.0038080068357863248,full,full,full
req_004064,benign,7.426739e-05,0.02966392822947043,full,full,full
req_004065,benign,8.523464e-05,0.0025155781530309916,full,full,full
req_004066,benign,5.7458878e-05,0.07377552979013906,full,full,full
req_004067,exhaustion,0.15991032,0.027498732906491442,full,full,full
req_004068,benign,5.686283e-05,0.8323493626925554,full,full,full
req_004069,benign,0.00013566017,0.8465182838715875,full,full,full
req_004070,benign,0.000108003616,0.868392807501837,full,full,full
req_004071,benign,0.00010967255,0.05989718482328788,full,full,full
req_004072,benign,5.185604e-05,0.8183347330979461,full,full,full
req_004073,benign,5.698204e-05,0.8748631583407953,full,full,full
req_004074,benign,4.9233437e-05,0.891231441830687,full,full,full
req_004075,benign,6.7949295e-05,0.864241205285943,full,full,full
req_004076,benign,6.496906e-05,0.04845986428648837,full,full,full
req_004077,benign,5.8293343e-05,0.8347032478648795,full,full,full
req_004078,injection,0.99970216,0.014255135108645046,full,quarantine,quarantine
req_004079,benign,6.365776e-05,0.7964720144619468,full,full,full
req_004080,injection,0.99936944,0.05192683349611494,full,quarantine,quarantine
req_004081,benign,5.567074e-05,0.02376840323196209,full,full,full
req_004082,injection,0.99916476,0.03665274434359348,full,quarantine,quarantine
req_004083,benign,4.9471855e-05,0.834487406370126,full,full,full
req_004084,benign,8.6426735e-05,0.0611438098034508,full,full,full
req_004085,benign,5.6147575e-05,0.0568614350284371,full,full,full
req_004086,benign,0.0001232624,0.03625114591658857,full,full,full
req_004087,benign,4.9829483e-05,0.8804229920807528,full,full,full
req_004088,benign,5.6624413e-05,0.8341941684910863,full,full,full
req_004089,benign,5.877018e-05,0.008505338947859424,full,full,full
req_004090,benign,5.6505203e-05,0.0,full,full,full
req_004091,benign,8.6188316e-05,0.059072418658363005,full,full,full
req_004092,benign,5.054474e-05,0.8481417963780807,full,full,full
req_004093,benign,5.6028366e-05,0.03865407614549805,full,full,full
req_004094,benign,9.250641e-05,0.8900036855202542,full,full,full
req_004095,benign,6.41346e-05,0.0315979547748878,full,full,full
req_004096,benign,0.00012814999,0.8902851419705322,full,full,full
req_004097,benign,0.0003080368,0.0,full,full,full
req_004098,benign,6.842613e-05,0.030072281495207225,full,full,full
req_004099,exhaustion,0.00015699863,0.04318101055234626,full,full,full
req_004100,benign,4.9114227e-05,0.8789824801570829,full,full,full
req_004101,benign,6.496906e-05,0.8698973865796019,full,full,full
req_004102,benign,4.9471855e-05,0.889611541779306,full,full,full
req_004103,benign,0.0459823,0.7354171195089525,full,full,full
req_004104,benign,0.00013649464,0.035599216026834316,full,full,full
req_004105,benign,0.00012397766,0.9558384893166906,full,full,full
req_004106,benign,4.9471855e-05,0.8993875798026401,full,full,full
req_004107,benign,6.8068504e-05,0.07112392330185936,full,full,full
req_004108,benign,6.842613e-05,0.9644826785122793,full,full,full
req_004109,benign,6.508827e-05,0.0011249607624259916,full,full,full
req_004110,benign,8.237362e-05,0.9615557130323243,full,full,full
req_004111,benign,7.545948e-05,0.9089856898953927,full,full,full
req_004112,benign,7.545948e-05,0.8452198087630693,full,full,full
req_004113,benign,6.0915947e-05,0.014972568449644785,full,full,full
req_004114,benign,5.9247017e-05,0.003173122116268509,full,full,full
req_004115,benign,7.200241e-05,0.03554454725863702,full,full,full
req_004116,benign,4.9471855e-05,0.00841154887966971,full,full,full
req_004117,benign,0.0011194348,0.041488213639273346,full,full,full
req_004118,benign,0.00010955334,0.0,full,full,full
req_004119,benign,6.735325e-05,0.016771399296261428,full,full,full
req_004120,benign,5.6624413e-05,0.9331302237649937,full,full,full
req_004121,benign,7.045269e-05,0.03398122905009292,full,full,full
req_004122,benign,0.00054365396,0.06899208467375492,full,full,full
req_004123,benign,6.520748e-05,0.06032933605152286,full,full,full
req_004124,benign,0.00015187263,0.8832096667790945,full,full,full
req_004125,benign,5.6624413e-05,0.06902938669918554,full,full,full
req_004126,benign,0.0001039505,0.7572509601625274,full,full,full
req_004127,benign,5.877018e-05,0.059077669043758524,full,full,full
req_004128,benign,4.9471855e-05,0.011852533629663115,full,full,full
req_004129,benign,5.054474e-05,0.8326562812855814,full,full,full
req_004130,injection,0.99935365,0.03540019767930569,full,quarantine,quarantine
req_004131,benign,0.0001039505,0.031900585611024046,full,full,full
req_004132,exhaustion,0.017444491,0.0,full,full,full
req_004133,benign,0.0001206398,0.07055460721354942,full,full,full
req_004134,benign,5.7578087e-05,0.8416395278226354,full,full,full
req_004135,benign,6.401539e-05,0.8263527503387824,full,full,full
req_004136,benign,5.018711e-05,0.0,full,full,full
req_004137,benign,6.055832e-05,0.8221563056583109,full,full,full
req_004138,benign,0.0011980534,0.8058109772369326,full,full,full
req_004139,benign,0.00012028217,0.8829201054796237,full,full,full
req_004140,benign,4.9471855e-05,0.021523449708531952,full,full,full
req_004141,benign,0.0001232624,0.8871391346308555,full,full,full
req_004142,benign,7.033348e-05,0.022074135379578374,full,full,full
req_004143,injection,0.99925554,0.0357418916599994,full,quarantine,quarantine
req_004144,benign,7.3075294e-05,0.8945994201093272,full,full,full
req_004145,benign,0.000104904175,0.01607069631337137,full,full,full
req_004146,benign,0.00011241436,0.8136672523348384,full,full,full
req_004147,benign,5.6266785e-05,0.8725195504815031,full,full,full
req_004148,benign,0.00012362003,0.8274098388945119,full,full,full
req_004149,benign,6.0796738e-05,0.8905748806228997,full,full,full
req_004150,benign,6.580353e-05,0.8666272479869367,full,full,full
req_004151,benign,0.00018900633,0.015035270904497838,full,full,full
req_004152,benign,5.888939e-05,0.8303812667087338,full,full,full
req_004153,benign,0.00016868114,0.8688753336048581,full,full,full
req_004154,benign,0.0001269579,0.8723159749514426,full,full,full
req_004155,benign,5.9127808e-05,0.03264904536080462,full,full,full
req_004156,benign,4.9233437e-05,0.0,full,full,full
req_004157,benign,5.6624413e-05,0.027186894867519535,full,full,full
req_004158,benign,5.698204e-05,0.0,full,full,full
req_004159,benign,0.0015419722,0.017285869050644165,full,full,full
req_004160,benign,9.262562e-05,0.03594469561432428,full,full,full
req_004161,exhaustion,0.00016844273,0.016711633423439926,full,full,full
req_004162,benign,0.0001513958,0.018288341730234168,full,full,full
req_004163,benign,6.151199e-05,0.941093898269023,full,full,full
req_004164,benign,6.2942505e-05,0.8090287077324705,full,full,full
req_004165,injection,0.99956846,0.04820416041895782,full,quarantine,quarantine
req_004166,benign,7.9512596e-05,0.04703236669010457,full,full,full
req_004167,benign,0.00025087595,0.8102636034797512,full,full,full
req_004168,benign,0.00015568733,0.0037900677752995757,full,full,full
req_004169,benign,0.00010728836,0.047564329278781986,full,full,full
req_004170,benign,6.496906e-05,0.9226570825229612,full,full,full
req_004171,benign,5.1259995e-05,0.8240730158330538,full,full,full
req_004172,benign,6.878376e-05,0.8556732244766032,full,full,full
req_004173,benign,6.878376e-05,0.00412126830078019,full,full,full
req_004174,benign,5.209446e-05,0.8750110267598292,full,full,full
req_004175,benign,4.9471855e-05,0.8499363402682297,full,full,full
req_004176,benign,0.00048220158,0.02823704688136272,full,full,full
req_004177,exhaustion,0.00032269955,0.043114164981295874,full,full,full
req_004178,benign,6.663799e-05,0.8256363326584947,full,full,full
req_004179,benign,6.92606e-05,0.05103679297412185,full,full,full
req_004180,injection,0.999405,0.030593875141491218,full,quarantine,quarantine
req_004181,benign,9.23872e-05,0.8342600404791962,full,full,full
req_004182,exhaustion,0.00198555,0.06363991359166934,full,full,full
req_004183,benign,5.7458878e-05,0.04255915140529998,full,full,full
req_004184,benign,5.507469e-05,0.8934539136437152,full,full,full
req_004185,benign,5.8412552e-05,0.041129225009618194,full,full,full
req_004186,exhaustion,0.014060974,0.03141705783868186,full,full,full
req_004187,benign,5.9604645e-05,0.03964989257616943,full,full,full
req_004188,benign,0.0003194809,0.8906790410369989,full,full,full
req_004189,exhaustion,0.00022155046,0.03900291728648547,full,full,full
req_004190,benign,0.015088558,0.9238066538714077,full,full,full
req_004191,benign,9.548664e-05,0.04877037604064212,full,full,full
req_004192,benign,5.6624413e-05,0.8453758751383064,full,full,full
req_004193,benign,7.843971e-05,0.8049318400015032,full,full,full
req_004194,benign,5.6147575e-05,0.8210425934069783,full,full,full
req_004195,benign,0.00016081333,0.8997306708771724,full,full,full
req_004196,benign,0.00010573864,0.8724910828526325,full,full,full
req_004197,benign,4.9233437e-05,0.006922699677300696,full,full,full
req_004198,benign,5.6147575e-05,0.8774043517017365,full,full,full
req_004199,benign,5.1498413e-05,0.03053908177294812,full,full,full
req_004200,injection,0.9977897,0.0,full,quarantine,quarantine
req_004201,benign,5.030632e-05,0.8080797024029058,full,full,full
req_004202,benign,0.0004143119,0.005179837454717867,full,full,full
req_004203,exhaustion,0.02878493,0.020843888882364235,full,full,full
req_004204,benign,4.9114227e-05,0.8118448517255,full,full,full
req_004205,injection,0.9991625,0.04165833957634597,full,quarantine,quarantine
req_004206,benign,5.6147575e-05,0.8380966373271688,full,full,full
req_004207,injection,0.9996329,0.055412118654903794,full,quarantine,quarantine
req_004208,benign,0.00015747547,0.8176039537325879,full,full,full
req_004209,benign,4.9114227e-05,0.04107878637073091,full,full,full
req_004210,benign,4.9114227e-05,0.9143057966926945,full,full,full
req_004211,benign,0.0005429387,0.04135838806636086,full,full,full
req_004212,benign,6.0796738e-05,0.859119018799885,full,full,full
req_004213,benign,0.0001513958,0.0,full,full,full
req_004214,benign,4.9114227e-05,0.8857577299045482,full,full,full
req_004215,benign,5.6028366e-05,0.8970859470246609,full,full,full
req_004216,benign,5.6505203e-05,0.030945488199536925,full,full,full
req_004217,exhaustion,8.881092e-05,0.025539309894171004,full,full,full
req_004218,benign,5.6624413e-05,0.0,full,full,full
req_004219,benign,0.00010621548,0.8621436254569649,full,full,full
req_004220,benign,6.532669e-05,0.06482639736183335,full,full,full
req_004221,benign,5.6147575e-05,0.7485494700339239,full,full,full
req_004222,benign,0.000305295,0.8953934010412045,full,full,full
req_004223,benign,0.000104665756,0.8562512863579665,full,full,full
req_004224,benign,5.6624413e-05,0.05553631032412194,full,full,full
req_004225,benign,0.0004094243,0.021883219765199916,full,full,full
req_004226,benign,0.00023061037,0.8203055226259266,full,full,full
req_004227,injection,0.99950117,0.0067676891349608935,full,quarantine,quarantine
req_004228,benign,4.9471855e-05,0.008502674821732937,full,full,full
req_004229,benign,4.9829483e-05,0.8057533014072019,full,full,full
req_004230,benign,4.9471855e-05,0.8051792103564243,full,full,full
req_004231,benign,0.00021022558,0.9334071472952628,full,full,full
req_004232,benign,9.250641e-05,0.010742674378676948,full,full,full
req_004233,benign,4.9114227e-05,0.8516909151884088,full,full,full
req_004234,benign,4.9471855e-05,0.7837779125161618,full,full,full
req_004235,benign,0.0004862547,0.8559802858638007,full,full,full
req_004236,benign,5.7578087e-05,0.8932629809209691,full,full,full
req_004237,benign,4.9233437e-05,0.019833857925606185,full,full,full
req_004238,benign,6.067753e-05,0.854824529084079,full,full,full
req_004239,benign,4.9471855e-05,0.02965996408151984,full,full,full
req_004240,benign,7.212162e-05,0.0,full,full,full
req_004241,benign,0.00936991,0.8986758251081496,full,full,full
req_004242,benign,0.00018554926,0.9471229296822592,full,full,full
req_004243,benign,8.9883804e-05,0.8506457236618832,full,full,full
req_004244,benign,0.00013256073,0.03255527240731309,full,full,full
req_004245,benign,7.6413155e-05,0.032023649681605024,full,full,full
req_004246,benign,4.9114227e-05,0.056033098528456476,full,full,full
req_004247,benign,0.0016181469,0.045974552670714666,full,full,full
req_004248,benign,4.9471855e-05,0.8731469011511679,full,full,full
req_004249,benign,0.00030946732,0.0,full,full,full
req_004250,exhaustion,0.0028108954,0.013823957956436216,full,full,full
req_004251,benign,0.00020819902,0.024080468086824135,full,full,full
req_004252,benign,7.927418e-05,0.8580204617502707,full,full,full
req_004253,benign,0.00013792515,0.05094579806707613,full,full,full
req_004254,benign,4.9471855e-05,0.0009279333107437178,full,full,full
req_004255,benign,4.9471855e-05,0.027580322443664124,full,full,full
req_004256,benign,6.03199e-05,0.05906088339830479,full,full,full
req_004257,benign,0.0006493926,0.013378346435585012,full,full,full
req_004258,exhaustion,0.0026000738,0.026937621012213968,full,full,full
req_004259,benign,0.00010550022,0.024597050458576353,full,full,full
req_004260,benign,7.545948e-05,0.8508949860662085,full,full,full
req_004261,benign,9.250641e-05,0.057621413687424586,full,full,full
req_004262,benign,6.2942505e-05,0.006511882862659107,full,full,full
req_004263,benign,6.604195e-05,0.03820716685317438,full,full,full
req_004264,benign,4.9471855e-05,0.04420728248388657,full,full,full
req_004265,benign,4.9471855e-05,0.8896254102638514,full,full,full
req_004266,benign,5.6624413e-05,0.03198163601256468,full,full,full
req_004267,benign,8.34465e-05,0.05199690889735259,full,full,full
req_004268,benign,5.6624413e-05,0.09129874067931679,full,full,full
req_004269,benign,5.6624413e-05,0.04318294088891686,full,full,full
req_004270,benign,9.262562e-05,0.8658457655309476,full,full,full
req_004271,benign,4.9471855e-05,0.757873510302531,full,full,full
req_004272,benign,4.9114227e-05,0.7803274605650803,full,full,full
req_004273,benign,0.0005463958,0.7834040417153613,full,full,full
req_004274,benign,6.92606e-05,0.006718978421005349,full,full,full
req_004275,benign,0.0003130436,0.7771249087607852,full,full,full
req_004276,benign,4.9352646e-05,0.017501746132331977,full,full,full
req_004277,benign,4.9471855e-05,0.048719794877443504,full,full,full
req_004278,benign,5.6624413e-05,0.008591252302999258,full,full,full
req_004279,benign,5.018711e-05,0.8193956818880312,full,full,full
req_004280,benign,5.6147575e-05,0.8744558873977131,full,full,full
req_004281,benign,6.2942505e-05,0.8560929986220315,full,full,full
req_004282,injection,0.9996146,0.032762194714314075,full,quarantine,quarantine
req_004283,benign,5.6624413e-05,0.024205935848087952,full,full,full
req_004284,benign,6.663799e-05,0.05373742025180231,full,full,full
req_004285,benign,6.151199e-05,0.8240432732531888,full,full,full
req_004286,exhaustion,0.017444491,0.04036226596555616,full,full,full
req_004287,exhaustion,0.00040131807,0.043751904781142534,full,full,full
req_004288,benign,6.055832e-05,0.022997867400399254,full,full,full
req_004289,benign,5.733967e-05,0.8451390627940456,full,full,full
req_004290,benign,0.0005429387,0.7305204366066973,full,full,full
req_004291,benign,4.9471855e-05,0.0220255402202178,full,full,full
req_004292,benign,0.000121474266,0.01231401489750292,full,full,full
req_004293,benign,0.0001039505,0.8069377510184824,full,full,full
req_004294,benign,5.6385994e-05,0.8725060200249452,full,full,full
req_004295,benign,4.9471855e-05,0.8932815572544318,full,full,full
req_004296,benign,6.246567e-05,0.8516236061971351,full,full,full
req_004297,benign,5.1498413e-05,0.7924923880544635,full,full,full
req_004298,benign,6.41346e-05,0.041962485667954984,full,full,full
req_004299,benign,5.6147575e-05,0.8181346950005091,full,full,full
req_004300,benign,0.00028282404,0.04769234942346605,full,full,full
req_004301,benign,7.259846e-05,0.0524984278338674,full,full,full
req_004302,benign,5.9366226e-05,0.007449410438135649,full,full,full
req_004303,benign,0.00012040138,0.8529289071211495,full,full,full
req_004304,benign,6.902218e-05,0.7732225634879707,full,full,full
req_004305,benign,0.00027281046,0.0,full,full,full
req_004306,benign,5.1498413e-05,0.8758560182308546,full,full,full
req_004307,exhaustion,0.00019079447,0.911896382379804,full,full,full
req_004308,benign,5.352497e-05,0.04202995679967255,full,full,full
req_004309,benign,5.6028366e-05,0.04250876324757901,full,full,full
req_004310,injection,0.99931693,0.03426200879790704,full,quarantine,quarantine
req_004311,benign,4.9114227e-05,0.061272030867863175,full,full,full
req_004312,benign,5.6624413e-05,0.8506746036218683,full,full,full
req_004313,exhaustion,0.00035226345,0.034563521656156886,full,full,full
req_004314,benign,0.00013101101,0.7316446243770374,full,full,full
req_004315,benign,7.593632e-05,0.05898940863721739,full,full,full
req_004316,benign,0.00016129017,0.8009438652364607,full,full,full
req_004317,injection,0.99956995,0.0031454750071210243,full,quarantine,quarantine
req_004318,benign,0.00012028217,0.9376658293171259,full,full,full
req_004319,benign,0.00038433075,0.044733262227197784,full,full,full
req_004320,benign,4.9471855e-05,0.005178457160199081,full,full,full
req_004321,injection,0.9610929,0.03022059585235791,full,quarantine,quarantine
req_004322,benign,5.9127808e-05,0.9396041988385929,full,full,full
req_004323,benign,5.6624413e-05,0.04142850199148428,full,full,full
req_004324,benign,4.9114227e-05,0.06757447054515975,full,full,full
req_004325,benign,5.6505203e-05,0.8182511987431801,full,full,full
req_004326,benign,6.020069e-05,0.028348603708940445,full,full,full
req_004327,benign,7.212162e-05,0.8613387108964723,full,full,full
req_004328,benign,5.7578087e-05,0.9048908287754414,full,full,full
req_004329,benign,5.38826e-05,0.046764803866152546,full,full,full
req_004330,benign,0.00015318394,0.8431903365186829,full,full,full
req_004331,benign,5.8293343e-05,0.050275829000459224,full,full,full
req_004332,injection,0.9996132,0.008828454399721838,full,quarantine,quarantine
req_004333,benign,7.867813e-05,0.034151716602759674,full,full,full
req_004334,benign,4.9114227e-05,0.0,full,full,full
req_004335,benign,5.38826e-05,0.8627504669825767,full,full,full
req_004336,benign,6.723404e-05,0.7969033068675305,full,full,full
req_004337,benign,0.00015425682,0.019484220340178007,full,full,full
req_004338,benign,0.00024348497,0.041865022225546444,full,full,full
req_004339,benign,4.9114227e-05,0.8414633019773058,full,full,full
req_004340,benign,4.9471855e-05,0.030853618441833375,full,full,full
req_004341,benign,5.6624413e-05,0.048033305939521716,full,full,full
req_004342,benign,6.055832e-05,0.8975010084972825,full,full,full
req_004343,benign,5.8293343e-05,0.01817388137568137,full,full,full
req_004344,benign,6.902218e-05,0.05988594782258843,full,full,full
req_004345,benign,0.00010454655,0.023442557871756663,full,full,full
req_004346,benign,8.2850456e-05,0.8136024125190529,full,full,full
req_004347,benign,5.567074e-05,0.9272291087317476,full,full,full
req_004348,benign,0.00054365396,0.8471853631039621,full,full,full
req_004349,benign,8.4877014e-05,0.018172571419649126,full,full,full
req_004350,exhaustion,0.08825189,0.0,full,full,full
req_004351,benign,5.9604645e-05,0.023373593690792616,full,full,full
req_004352,benign,7.379055e-05,0.048575174457132345,full,full,full
req_004353,benign,6.92606e-05,0.8951022548365013,full,full,full
req_004354,exhaustion,0.00039368868,0.05827038382579108,full,full,full
req_004355,benign,5.6266785e-05,0.8908109646193388,full,full,full
req_004356,benign,0.00011897087,0.03591385027737026,full,full,full
req_004357,exhaustion,0.013895571,0.022561716671961846,full,full,full
req_004358,benign,0.000110030174,0.8735847915041853,full,full,full
req_004359,benign,5.6624413e-05,0.9220653893403954,full,full,full
req_004360,benign,6.341934e-05,0.82084568551318,full,full,full
req_004361,benign,5.0902367e-05,0.8408558293104479,full,full,full
req_004362,benign,0.00018495321,0.8897314070728877,full,full,full
req_004363,benign,5.054474e-05,0.04000312718880558,full,full,full
req_004364,benign,5.5789948e-05,0.03562591540853026,full,full,full
req_004365,benign,7.593632e-05,0.8518631383742862,full,full,full
req_004366,benign,6.92606e-05,0.8749442461463166,full,full,full
req_004367,benign,5.7935715e-05,0.820463457966803,full,full,full
req_004368,benign,5.567074e-05,0.016646647458204933,full,full,full
req_004369,benign,0.00012278557,0.006619192956113757,full,full,full
req_004370,benign,6.210804e-05,0.7969536832598576,full,full,full
req_004371,benign,5.1021576e-05,0.05757527813925875,full,full,full
req_004372,benign,5.6624413e-05,0.9060960876963852,full,full,full
req_004373,exhaustion,0.22124559,0.03286519486411023,full,full,full
req_004374,benign,0.00019413233,0.7544340816582202,full,full,full
req_004375,exhaustion,0.74460447,0.005775630144120331,full,full,sandbox
req_004376,benign,5.6266785e-05,0.017480860955281147,full,full,full
req_004377,benign,5.6624413e-05,0.025000782913445367,full,full,full
req_004378,benign,6.258488e-05,0.05501635690118144,full,full,full
req_004379,benign,0.000116586685,0.8688438857703075,full,full,full
req_004380,benign,0.00014102459,0.022537648589686272,full,full,full
req_004381,benign,0.00011694431,0.7761327736929116,full,full,full
req_004382,benign,5.018711e-05,0.859452167936853,full,full,full
req_004383,benign,5.6505203e-05,0.07149866044100259,full,full,full
req_004384,benign,0.0024312139,0.7763314988680918,full,full,full
req_004385,injection,0.9996884,0.001342997120297177,full,quarantine,quarantine
req_004386,benign,5.507469e-05,0.8130868899810982,full,full,full
req_004387,benign,5.9604645e-05,0.7797284911619478,full,full,full
req_004388,benign,0.0005072355,0.7803116991789009,full,full,full
req_004389,benign,0.00015640259,0.9461924854693267,full,full,full
req_004390,injection,0.99965817,0.010895084622622096,full,quarantine,quarantine
req_004391,benign,0.0001001358,0.8777086468553993,full,full,full
req_004392,benign,6.9856644e-05,0.8092574945955032,full,full,full
req_004393,benign,5.6266785e-05,0.002597032201916309,full,full,full
req_004394,benign,4.9471855e-05,0.8541495154971315,full,full,full
req_004395,benign,6.389618e-05,0.8869475958285588,full,full,full
req_004396,benign,6.663799e-05,0.7782653855859278,full,full,full
req_004397,benign,7.224083e-05,0.88643074143086,full,full,full
req_004398,benign,5.7458878e-05,0.8992080681947976,full,full,full
req_004399,benign,5.0663948e-05,0.03136955061310321,full,full,full
req_004400,benign,0.0003581047,0.8038566870319008,full,full,full
req_004401,benign,9.191036e-05,0.8444391863011662,full,full,full
req_004402,benign,5.6624413e-05,0.7836368192164275,full,full,full
req_004403,benign,5.6624413e-05,0.8359368489793776,full,full,full
req_004404,injection,0.9991504,0.0,full,quarantine,quarantine
req_004405,benign,5.6028366e-05,0.9183495127819261,full,full,full
req_004406,benign,5.6505203e-05,0.8003115263321441,full,full,full
req_004407,benign,0.00010550022,0.016562835463780866,full,full,full
req_004408,benign,6.878376e-05,0.9156015388535411,full,full,full
req_004409,benign,6.2942505e-05,0.04491725733452125,full,full,full
req_004410,benign,0.0020911694,0.9013350394975469,full,full,full
req_004411,benign,0.00010597706,0.8270691133782619,full,full,full
req_004412,benign,0.000111699104,0.8790175296176913,full,full,full
req_004413,injection,0.99939257,0.035210461297544876,full,quarantine,quarantine
req_004414,benign,5.8174133e-05,0.02567839248065901,full,full,full
req_004415,benign,7.9870224e-05,0.06978370323376122,full,full,full
req_004416,benign,4.9829483e-05,0.8144625231389107,full,full,full
req_004417,benign,6.175041e-05,0.7413794605476316,full,full,full
req_004418,benign,6.6161156e-05,0.8351298036701085,full,full,full
req_004419,benign,6.4492226e-05,0.8171856974584962,full,full,full
req_004420,benign,5.90086e-05,0.05111590655302547,full,full,full
req_004421,benign,7.164478e-05,0.06166714105098988,full,full,full
req_004422,benign,8.070469e-05,0.054907528082639434,full,full,full
req_004423,benign,5.9247017e-05,0.8704122766988248,full,full,full
req_004424,benign,9.250641e-05,0.8821576742174074,full,full,full
req_004425,injection,0.99951667,0.04492318709430995,full,quarantine,quarantine
req_004426,benign,0.0001232624,0.9258969692625434,full,full,full
req_004427,exhaustion,0.25120062,0.04451456798966685,full,full,full
req_004428,benign,0.00013816357,0.8529896062620923,full,full,full
req_004429,benign,0.00012791157,0.02970521079340358,full,full,full
req_004430,benign,9.548664e-05,0.8326206773629558,full,full,full
req_004431,benign,0.00027912855,0.053738483073144064,full,full,full
req_004432,exhaustion,0.0019109845,0.01144250490069577,full,full,full
req_004433,benign,4.9352646e-05,0.0,full,full,full
req_004434,benign,5.733967e-05,0.7903703306248975,full,full,full
req_004435,benign,4.9471855e-05,0.9092731747726583,full,full,full
req_004436,benign,4.9471855e-05,0.032645174522209185,full,full,full
req_004437,benign,6.878376e-05,0.8486235525410682,full,full,full
req_004438,benign,0.0001039505,0.025736542678852066,full,full,full
req_004439,benign,5.698204e-05,0.8426574565506755,full,full,full
req_004440,benign,6.03199e-05,0.8013788765774461,full,full,full
req_004441,benign,0.00011873245,0.056528539738574815,full,full,full
req_004442,benign,5.9604645e-05,0.035495383381989695,full,full,full
req_004443,benign,0.0003424883,0.027159163748429003,full,full,full
req_004444,benign,6.16312e-05,0.031168263418667255,full,full,full
req_004445,injection,0.9994802,0.0038870449481453705,full,quarantine,quarantine
req_004446,benign,4.9471855e-05,0.01501195968677384,full,full,full
req_004447,benign,5.7935715e-05,0.8509073560218153,full,full,full
req_004448,benign,4.9471855e-05,0.8526729711764637,full,full,full
req_004449,benign,9.250641e-05,0.8609504051944997,full,full,full
req_004450,exhaustion,0.00056380033,0.02297037467755852,full,full,full
req_004451,benign,4.9471855e-05,0.8328225871587016,full,full,full
req_004452,benign,7.760525e-05,0.020317221633802438,full,full,full
req_004453,benign,4.9829483e-05,0.039248652956309305,full,full,full
req_004454,benign,9.357929e-05,0.01723822163276099,full,full,full
req_004455,benign,4.9471855e-05,0.7632920517995627,full,full,full
req_004456,benign,5.6147575e-05,0.011193447543520557,full,full,full
req_004457,exhaustion,0.0050851107,0.049530451314150556,full,full,full
req_004458,benign,5.733967e-05,0.8485576445718177,full,full,full
req_004459,benign,4.9471855e-05,0.8538270063235853,full,full,full
req_004460,exhaustion,0.7355757,0.036510075904731015,full,full,sandbox
req_004461,benign,7.402897e-05,0.004145703539339431,full,full,full
req_004462,benign,5.0663948e-05,0.7892056581634725,full,full,full
req_004463,benign,5.698204e-05,0.8912703434520898,full,full,full
req_004464,benign,6.8068504e-05,0.9061911163677484,full,full,full
req_004465,benign,6.902218e-05,0.8148594454566451,full,full,full
req_004466,injection,0.99969095,0.02177098537505908,full,quarantine,quarantine
req_004467,benign,6.842613e-05,0.858331710072272,full,full,full
req_004468,benign,6.9737434e-05,0.9411073909505401,full,full,full
req_004469,benign,5.8174133e-05,0.048023174113671026,full,full,full
req_004470,benign,5.733967e-05,0.7597882300151759,full,full,full
req_004471,injection,0.99969745,0.001217527540900501,full,quarantine,quarantine
req_004472,benign,0.000105023384,0.8938149093156921,full,full,full
req_004473,benign,0.000108122826,0.03781939747087672,full,full,full
req_004474,benign,0.0001039505,0.868627825208352,full,full,full
req_004475,benign,0.0005506873,0.0,full,full,full
req_004476,benign,5.1259995e-05,0.052418144911331684,full,full,full
req_004477,benign,0.00077688694,0.011286969207850418,full,full,full
req_004478,benign,0.00015568733,0.0,full,full,full
req_004479,benign,5.6147575e-05,0.8884628998204467,full,full,full
req_004480,benign,5.722046e-05,0.06243117892148883,full,full,full
req_004481,benign,0.0018450618,0.8739804952576948,full,full,full
req_004482,benign,6.16312e-05,0.8125632792601614,full,full,full
req_004483,benign,5.4955482e-05,0.03588909870342962,full,full,full
req_004484,injection,0.99925166,0.825831397741948,full,quarantine,quarantine
req_004485,benign,5.6028366e-05,0.07942270312299263,full,full,full
req_004486,benign,5.4717064e-05,0.8714831613101138,full,full,full
req_004487,benign,5.8293343e-05,0.754706628479731,full,full,full
req_004488,benign,5.1498413e-05,0.9391753731037343,full,full,full
req_004489,benign,4.9114227e-05,0.030523881557078577,full,full,full
req_004490,benign,4.9471855e-05,0.7488224731550618,full,full,full
req_004491,exhaustion,0.013985872,0.02743757373467397,full,full,full
req_004492,benign,7.331371e-05,0.7956710472198621,full,full,full
req_004493,exhaustion,0.00018304586,0.041295650238194946,full,full,full
req_004494,exhaustion,0.00014472008,0.02568332686166247,full,full,full
req_004495,benign,5.0663948e-05,0.9218138517470997,full,full,full
req_004496,benign,0.00014221668,0.9113267164667941,full,full,full
req_004497,benign,0.000104665756,0.7950397722283037,full,full,full
req_004498,benign,5.0663948e-05,0.9469568105006815,full,full,full
req_004499,benign,0.00062447786,0.010958489987578115,full,full,full
req_004500,benign,4.9829483e-05,0.03086349454365291,full,full,full
req_004501,benign,5.6147575e-05,0.8151617557173453,full,full,full
req_004502,benign,8.177757e-05,0.8615717094256704,full,full,full
req_004503,benign,0.000105023384,0.03961354910609811,full,full,full
req_004504,benign,0.00010538101,0.8415935056904532,full,full,full
req_004505,benign,6.2704086e-05,0.014832857985609585,full,full,full
req_004506,benign,9.870529e-05,0.8545385022054701,full,full,full
req_004507,benign,5.6147575e-05,0.8719636361409299,full,full,full
req_004508,benign,4.9471855e-05,0.014900943281627188,full,full,full
req_004509,benign,6.997585e-05,0.8265590603247904,full,full,full
req_004510,benign,4.9829483e-05,0.04137409843453766,full,full,full
req_004511,benign,0.0022940636,0.0,full,full,full
req_004512,benign,8.6307526e-05,0.8446223253976,full,full,full
req_004513,benign,0.00012362003,0.02676331626834028,full,full,full
req_004514,benign,9.191036e-05,0.02154140765665607,full,full,full
req_004515,benign,0.00018137693,0.03922678367834775,full,full,full
req_004516,benign,0.00015163422,0.7996041062460033,full,full,full
req_004517,benign,6.365776e-05,0.8740030147925446,full,full,full
req_004518,benign,7.3194504e-05,0.8254275879633168,full,full,full
req_004519,benign,6.1273575e-05,0.921615123025281,full,full,full
req_004520,benign,6.1154366e-05,0.9082561699880147,full,full,full
req_004521,benign,0.00015449524,0.04001586983388148,full,full,full
req_004522,benign,5.1259995e-05,0.04391416703786946,full,full,full
req_004523,benign,6.6399574e-05,0.0357535194704872,full,full,full
req_004524,benign,6.258488e-05,0.7967959321602186,full,full,full
req_004525,benign,9.9658966e-05,0.05558477921186301,full,full,full
req_004526,injection,0.9996952,0.0422421435240368,full,quarantine,quarantine
req_004527,benign,5.733967e-05,0.054685907683061696,full,full,full
req_004528,benign,0.00011599064,0.8395640773968327,full,full,full
req_004529,benign,0.001473546,0.7828627939020153,full,full,full
req_004530,benign,0.00010728836,0.7761948907148042,full,full,full
req_004531,benign,0.0012765527,0.0005151401928394639,full,full,full
req_004532,benign,0.00012362003,0.8509723586611659,full,full,full
req_004533,benign,0.0003540516,0.8319510632253128,full,full,full
req_004534,benign,5.1617622e-05,0.8228652529761675,full,full,full
req_004535,benign,0.00047457218,0.795324524630485,full,full,full
req_004536,benign,4.9471855e-05,0.8374929035655774,full,full,full
req_004537,benign,6.937981e-05,0.8412470997406942,full,full,full
req_004538,benign,0.00031924248,0.8239208238010619,full,full,full
req_004539,benign,5.185604e-05,0.9652073227547824,full,full,full
req_004540,benign,4.9114227e-05,0.023401784625649555,full,full,full
req_004541,benign,0.00012850761,0.0655601179912859,full,full,full
req_004542,benign,6.842613e-05,0.0284443601357505,full,full,full
req_004543,benign,5.8293343e-05,0.8388135746789146,full,full,full
req_004544,benign,6.2823296e-05,0.8502826072374912,full,full,full
req_004545,benign,9.62019e-05,0.8759172531779095,full,full,full
req_004546,exhaustion,0.000174582,0.007093743079102741,full,full,full
req_004547,benign,6.8068504e-05,0.9003553918257466,full,full,full
req_004548,exhaustion,0.0056959987,0.004541090655939075,full,full,full
req_004549,benign,4.9471855e-05,0.02794358887158115,full,full,full
req_004550,exhaustion,0.0140013695,0.03339494503707544,full,full,full
req_004551,benign,4.9710274e-05,0.03676556995646014,full,full,full
req_004552,benign,0.00013387203,0.02124037363760875,full,full,full
req_004553,benign,0.0002899766,0.003985805668020238,full,full,full
req_004554,benign,0.0001283884,0.029613779441479963,full,full,full
req_004555,benign,5.9366226e-05,0.8478932120451799,full,full,full
req_004556,benign,7.355213e-05,0.8841090681640407,full,full,full
req_004557,benign,6.92606e-05,0.8020252900605446,full,full,full
req_004558,benign,0.00011944771,0.00485619921190332,full,full,full
req_004559,benign,0.00016510487,0.911053549792264,full,full,full
req_004560,benign,0.00019437075,0.9038127121681614,full,full,full
req_004561,benign,0.00030863285,0.031181378744547322,full,full,full
req_004562,benign,0.00018912554,0.9035967628592942,full,full,full
req_004563,benign,0.00010383129,0.020964327358332736,full,full,full
req_004564,benign,0.00010740757,0.7345124337333524,full,full,full
req_004565,benign,6.9737434e-05,0.8358550399783737,full,full,full
req_004566,benign,0.00010108948,0.00730950331640327,full,full,full
req_004567,benign,9.250641e-05,0.8367131859345193,full,full,full
req_004568,injection,0.9996974,0.03325374698889722,full,quarantine,quarantine
req_004569,benign,0.00014293194,0.8799866860420487,full,full,full
req_004570,benign,5.6147575e-05,0.038967401662946606,full,full,full
req_004571,benign,5.9962273e-05,0.8749732155463631,full,full,full
req_004572,benign,0.00016307831,0.034175455326811294,full,full,full
req_004573,benign,6.592274e-05,0.7773850590783875,full,full,full
req_004574,benign,0.00030326843,0.016508141212655127,full,full,full
req_004575,benign,7.05719e-05,0.06534117718064567,full,full,full
req_004576,benign,4.9114227e-05,0.872439811313868,full,full,full
req_004577,benign,6.496906e-05,0.00748740676009799,full,full,full
req_004578,benign,8.237362e-05,0.811441977316119,full,full,full
req_004579,benign,5.0902367e-05,0.041872317894788735,full,full,full
req_004580,benign,0.00012719631,0.07352934485300458,full,full,full
req_004581,benign,5.9604645e-05,0.016508354438872302,full,full,full
req_004582,benign,0.012902558,0.9096972887117856,full,full,full
req_004583,benign,7.557869e-05,0.8582079853403489,full,full,full
req_004584,benign,5.0902367e-05,0.033616328939640644,full,full,full
req_004585,benign,6.484985e-05,0.010631806353230858,full,full,full
req_004586,exhaustion,0.00051641464,0.006512907261235094,full,full,full
req_004587,benign,5.38826e-05,0.8000188151143183,full,full,full
req_004588,benign,6.365776e-05,0.7560777127845244,full,full,full
req_004589,benign,5.7816505e-05,0.8741767716860982,full,full,full
req_004590,benign,4.9114227e-05,0.8395682610794349,full,full,full
req_004591,benign,0.00018769503,0.8180008830144934,full,full,full
req_004592,benign,5.018711e-05,0.9326446639360593,full,full,full
req_004593,benign,8.249283e-05,0.05101676441936062,full,full,full
req_004594,benign,6.16312e-05,0.8353902190442065,full,full,full
req_004595,benign,0.0001335144,0.04246692275870008,full,full,full
req_004596,benign,0.00010037422,0.033686236564212456,full,full,full
req_004597,benign,5.698204e-05,0.023002963307640022,full,full,full
req_004598,benign,6.842613e-05,0.049281210130431866,full,full,full
req_004599,benign,6.341934e-05,0.8308311385527989,full,full,full
req_004600,exhaustion,0.00014686584,0.0,full,full,full
req_004601,benign,6.759167e-05,0.0192958049978084,full,full,full
req_004602,benign,5.6147575e-05,0.8831028924222417,full,full,full
req_004603,benign,5.4597855e-05,0.882428693964621,full,full,full
req_004604,benign,0.003209293,0.021215069777837263,full,full,full
req_004605,benign,4.9471855e-05,0.8624633381937007,full,full,full
req_004606,benign,5.6147575e-05,0.8810540568820243,full,full,full
req_004607,benign,0.00029486418,0.05200273472627326,full,full,full
req_004608,benign,5.6624413e-05,0.026954158784059084,full,full,full
req_004609,benign,9.191036e-05,0.8980723959104903,full,full,full
req_004610,benign,6.878376e-05,0.03211543292502178,full,full,full
req_004611,benign,7.6174736e-05,0.8375127420236466,full,full,full
req_004612,exhaustion,0.0037192702,0.033200926506641255,full,full,full
req_004613,benign,6.043911e-05,0.7929351480794805,full,full,full
req_004614,benign,5.877018e-05,0.768994051861652,full,full,full
req_004615,benign,5.6624413e-05,0.889701264428177,full,full,full
req_004616,benign,5.9127808e-05,0.03902526190147572,full,full,full
req_004617,benign,0.00014233589,0.8795999341724294,full,full,full
req_004618,benign,5.1259995e-05,0.0458417034008967,full,full,full
req_004619,benign,9.191036e-05,0.7716589924926913,full,full,full
req_004620,benign,5.6624413e-05,0.01856353870237738,full,full,full
req_004621,exhaustion,8.952618e-05,0.03196891525201135,full,full,full
req_004622,benign,6.92606e-05,0.03836717516787666,full,full,full
req_004623,benign,7.581711e-05,0.8355231683801524,full,full,full
req_004624,benign,5.6505203e-05,0.8585076084870041,full,full,full
req_004625,benign,5.6624413e-05,0.8107655802748297,full,full,full
req_004626,benign,0.00014257431,0.04639997932620869,full,full,full
req_004627,benign,0.00014007092,0.02772854026238977,full,full,full
req_004628,benign,5.6147575e-05,0.9315163488702269,full,full,full
req_004629,benign,0.0003335476,0.04626445276458109,full,full,full
req_004630,benign,4.9471855e-05,0.03615531711308685,full,full,full
req_004631,exhaustion,0.00018626451,0.041117418905747674,full,full,full
req_004632,benign,5.7578087e-05,0.8791315439497278,full,full,full
req_004633,benign,0.00016391277,0.05564014050599369,full,full,full
req_004634,benign,4.9114227e-05,0.04665406688540533,full,full,full
req_004635,benign,0.0006068945,0.8355844745593042,full,full,full
req_004636,benign,6.3061714e-05,0.07157582793705644,full,full,full
req_004637,benign,4.9471855e-05,0.02940193657424674,full,full,full
req_004638,benign,0.00019568205,0.820511806261127,full,full,full
req_004639,benign,0.00014793873,0.9356991086719723,full,full,full
req_004640,benign,6.878376e-05,0.02260860608110029,full,full,full
req_004641,benign,6.890297e-05,0.8575505491242318,full,full,full
req_004642,benign,0.00010573864,0.02535069594679984,full,full,full
req_004643,benign,4.9352646e-05,0.7785914050322622,full,full,full
req_004644,benign,0.00014996529,0.9208472270342313,full,full,full
req_004645,benign,0.00017166138,0.8637968306948463,full,full,full
req_004646,benign,5.853176e-05,0.06607704695655602,full,full,full
req_004647,benign,9.250641e-05,0.026821483564455184,full,full,full
req_004648,benign,5.7458878e-05,0.8373440688314732,full,full,full
req_004649,benign,4.9471855e-05,0.9285709963792526,full,full,full
req_004650,benign,5.6147575e-05,0.042327240969228346,full,full,full
req_004651,injection,0.9992735,0.025441092734029103,full,quarantine,quarantine
req_004652,benign,5.6624413e-05,0.8574584933945358,full,full,full
req_004653,benign,6.1392784e-05,0.8159140129692422,full,full,full
req_004654,benign,5.1379204e-05,0.020337207769319375,full,full,full
req_004655,benign,6.2823296e-05,0.05176357207765564,full,full,full
req_004656,benign,5.6624413e-05,0.8883124336496531,full,full,full
req_004657,benign,4.9471855e-05,0.8673158703948016,full,full,full
req_004658,benign,8.4757805e-05,0.01017110656704746,full,full,full
req_004659,benign,9.191036e-05,0.04602269524033181,full,full,full
req_004660,benign,0.00010728836,0.8635562763309734,full,full,full
req_004661,benign,5.6624413e-05,0.9068300236424232,full,full,full
req_004662,injection,0.9992187,0.024754951784529057,full,quarantine,quarantine
req_004663,benign,6.771088e-05,0.8975371470117738,full,full,full
req_004664,benign,6.54459e-05,0.8220272476455107,full,full,full
req_004665,benign,0.00011527538,0.8206560750834795,full,full,full
req_004666,benign,5.4717064e-05,0.041193003085978244,full,full,full
req_004667,benign,5.6028366e-05,0.8870807250938233,full,full,full
req_004668,exhaustion,0.00089007616,0.010512969745307969,full,full,full
req_004669,benign,0.00010895729,0.8614775551891681,full,full,full
req_004670,benign,9.250641e-05,0.8026904446391683,full,full,full
req_004671,benign,5.7935715e-05,0.9304012580269136,full,full,full
req_004672,benign,4.9471855e-05,0.8051300530411317,full,full,full
req_004673,benign,0.00013363361,0.9170957891255416,full,full,full
req_004674,benign,5.0663948e-05,0.9142016870742673,full,full,full
req_004675,injection,0.99961156,0.046449363948113186,full,quarantine,quarantine
req_004676,exhaustion,0.01271385,0.0,full,full,full
req_004677,benign,5.567074e-05,0.002037142711270354,full,full,full
req_004678,benign,4.9710274e-05,0.023132377803549084,full,full,full
req_004679,benign,4.9471855e-05,0.034758227502137494,full,full,full
req_004680,benign,5.6147575e-05,0.8664322013413076,full,full,full
req_004681,benign,0.0036055446,0.8745237722180847,full,full,full
req_004682,benign,0.00010514259,0.012534133571154963,full,full,full
req_004683,benign,5.698204e-05,0.8663931786400411,full,full,full
req_004684,benign,6.842613e-05,0.02202572229925674,full,full,full
req_004685,benign,0.0005135536,0.004259617150389219,full,full,full
req_004686,benign,5.8174133e-05,0.8916070806578644,full,full,full
req_004687,benign,6.842613e-05,0.0071270683346481775,full,full,full
req_004688,benign,5.6028366e-05,0.8876925179392398,full,full,full
req_004689,benign,4.9352646e-05,0.02589541172801694,full,full,full
req_004690,exhaustion,0.010465205,0.05819062257139834,full,full,full
req_004691,benign,4.9471855e-05,0.8350480881973429,full,full,full
req_004692,benign,5.733967e-05,0.8244717046265095,full,full,full
req_004693,injection,0.99958026,0.003043880770934426,full,quarantine,quarantine
req_004694,benign,5.853176e-05,0.01894235416231378,full,full,full
req_004695,benign,5.6624413e-05,0.7467758430113992,full,full,full
req_004696,benign,6.9499016e-05,0.0385587523950835,full,full,full
req_004697,benign,0.00066655874,0.03540875684401014,full,full,full
req_004698,benign,5.8293343e-05,0.8372984311692597,full,full,full
req_004699,benign,4.9829483e-05,0.0,full,full,full
req_004700,benign,5.686283e-05,0.8907768699128038,full,full,full
req_004701,benign,6.9499016e-05,0.04553624148721175,full,full,full
req_004702,benign,7.3075294e-05,0.9383715134295264,full,full,full
req_004703,benign,0.00017517805,0.8846487684952887,full,full,full
req_004704,benign,8.916855e-05,0.9099425873918378,full,full,full
req_004705,benign,7.83205e-05,0.025098659608218707,full,full,full
req_004706,benign,4.9471855e-05,0.8135141515641146,full,full,full
req_004707,exhaustion,0.0002028346,0.014776094310203686,full,full,full
req_004708,injection,0.9983662,0.02612477267584972,full,quarantine,quarantine
req_004709,benign,0.00012278557,0.034671481380213476,full,full,full
req_004710,benign,6.484985e-05,0.764398863670581,full,full,full
req_004711,injection,0.9997203,0.031317749501128436,full,quarantine,quarantine
req_004712,benign,0.00019568205,0.01081942107722932,full,full,full
req_004713,benign,6.92606e-05,0.8955439477233662,full,full,full
req_004714,benign,6.92606e-05,0.041741782579505844,full,full,full
req_004715,benign,0.00011885166,0.818028222950591,full,full,full
req_004716,benign,6.496906e-05,0.040702967934420534,full,full,full
req_004717,benign,9.3102455e-05,0.014910833080080435,full,full,full
req_004718,benign,5.6624413e-05,0.02896875881335626,full,full,full
req_004719,benign,0.00016069412,0.848632130717432,full,full,full
req_004720,benign,7.247925e-05,0.8515844912470781,full,full,full
req_004721,benign,0.000104665756,0.8537684344380572,full,full,full
req_004722,benign,4.9471855e-05,0.022326110710146983,full,full,full
req_004723,benign,6.9618225e-05,0.03468038753592152,full,full,full
req_004724,injection,0.99951565,0.02620976184254671,full,quarantine,quarantine
req_004725,benign,6.592274e-05,0.8343978038043146,full,full,full
req_004726,exhaustion,0.82750845,0.013811471205236549,full,full,quarantine
req_004727,benign,0.00010967255,0.03743901689166735,full,full,full
req_004728,benign,5.6147575e-05,0.8666361317452679,full,full,full
req_004729,benign,6.9618225e-05,0.9244134533153423,full,full,full
req_004730,benign,4.9114227e-05,0.8909074703281554,full,full,full
req_004731,benign,0.00012087822,0.9146077565456722,full,full,full
req_004732,injection,0.9992847,0.04014863033545897,full,quarantine,quarantine
req_004733,benign,6.9856644e-05,0.8233040268955375,full,full,full
req_004734,benign,4.9114227e-05,0.8228122564893826,full,full,full
req_004735,benign,4.9114227e-05,0.8059600255500676,full,full,full
req_004736,benign,0.00014925003,0.8999503100683527,full,full,full
req_004737,benign,0.00010216236,0.9218533633723812,full,full,full
req_004738,benign,0.0006169081,0.8260201600159072,full,full,full
req_004739,benign,4.9114227e-05,0.8816845466649751,full,full,full
req_004740,benign,0.0014263391,0.791428073390013,full,full,full
req_004741,benign,6.03199e-05,0.042692840919561756,full,full,full
req_004742,benign,5.054474e-05,0.8987275300229112,full,full,full
req_004743,exhaustion,0.00033688545,0.03018329834275623,full,full,full
req_004744,benign,0.00034570694,0.9208813223798461,full,full,full
req_004745,benign,5.9247017e-05,0.8383350083102716,full,full,full
req_004746,benign,5.6028366e-05,0.01675931500310287,full,full,full
req_004747,benign,4.9233437e-05,0.9410262533293454,full,full,full
req_004748,benign,5.6624413e-05,0.7834161282237219,full,full,full
req_004749,benign,9.10759e-05,0.02921751599554976,full,full,full
req_004750,benign,0.00022381544,0.8466938255231644,full,full,full
req_004751,benign,4.9471855e-05,0.9322187988103507,full,full,full
req_004752,benign,0.00021487474,0.0,full,full,full
req_004753,benign,6.055832e-05,0.048668026898228495,full,full,full
req_004754,benign,4.9471855e-05,0.03607244647756539,full,full,full
req_004755,benign,6.7949295e-05,0.06320924527415088,full,full,full
req_004756,benign,5.567074e-05,0.009864160253176713,full,full,full
req_004757,benign,6.532669e-05,0.026815586946346608,full,full,full
req_004758,benign,7.927418e-05,0.05775917614567252,full,full,full
req_004759,benign,0.00032758713,0.905404291491202,full,full,full
req_004760,benign,7.557869e-05,0.7698911300631079,full,full,full
req_004761,benign,5.185604e-05,0.02062130998419873,full,full,full
req_004762,benign,0.00010728836,0.8256548842560832,full,full,full
req_004763,benign,7.6532364e-05,0.017242401169858104,full,full,full
req_004764,benign,6.9856644e-05,0.8475510620515194,full,full,full
req_004765,benign,5.352497e-05,0.011139405430971708,full,full,full
req_004766,benign,0.00012254715,0.7564059026645631,full,full,full
req_004767,benign,0.00021141768,0.9675640266542079,full,full,full
req_004768,benign,4.9114227e-05,0.02293771153811617,full,full,full
req_004769,benign,5.7578087e-05,0.028482180863722582,full,full,full
req_004770,benign,6.151199e-05,0.8275983228993901,full,full,full
req_004771,benign,6.937981e-05,0.04274053138128575,full,full,full
req_004772,benign,0.00018996,0.0,full,full,full
req_004773,benign,4.9352646e-05,0.02938255716949359,full,full,full
req_004774,benign,0.000111460686,0.039217892681585084,full,full,full
req_004775,benign,5.6624413e-05,0.044992414776797385,full,full,full
req_004776,benign,6.2823296e-05,0.9246907867098366,full,full,full
req_004777,benign,0.00010740757,0.024006256093950448,full,full,full
req_004778,benign,5.2809715e-05,0.02853321529344885,full,full,full
req_004779,benign,9.250641e-05,0.014578648271910875,full,full,full
req_004780,benign,5.6743622e-05,0.8841847959153524,full,full,full
req_004781,benign,0.00014042854,0.7913097285051773,full,full,full
req_004782,benign,4.9233437e-05,0.8194416405943814,full,full,full
req_004783,benign,9.787083e-05,0.8983076034373064,full,full,full
req_004784,benign,4.9352646e-05,0.8167467051795014,full,full,full
req_004785,benign,5.7578087e-05,0.049408040926641465,full,full,full
req_004786,benign,4.9471855e-05,0.0,full,full,full
req_004787,benign,6.830692e-05,0.9062263383718496,full,full,full
req_004788,benign,6.210804e-05,0.06449888703939241,full,full,full
req_004789,benign,5.686283e-05,0.752760029102686,full,full,full
req_004790,benign,0.00011968613,0.8026876092415706,full,full,full
req_004791,benign,0.00063973665,0.8893749518319723,full,full,full
req_004792,injection,0.9994338,0.025222496188947514,full,quarantine,quarantine
req_004793,benign,0.000108003616,0.8510683217426817,full,full,full
req_004794,benign,5.6624413e-05,0.7897672434493458,full,full,full
req_004795,benign,5.6385994e-05,0.7668203613040185,full,full,full
req_004796,benign,4.9114227e-05,0.8344870055303829,full,full,full
req_004797,benign,6.7949295e-05,0.9034414005209803,full,full,full
req_004798,benign,5.6624413e-05,0.00927750742081716,full,full,full
req_004799,benign,5.507469e-05,0.0517303696447723,full,full,full
req_004800,benign,7.426739e-05,0.7687624641504018,full,full,full
req_004801,exhaustion,0.0003761053,0.038523241836620835,full,full,full
req_004802,benign,0.00033652782,0.8693004138757338,full,full,full
req_004803,benign,0.00020486116,0.9522046682953269,full,full,full
req_004804,benign,6.496906e-05,0.8222107286710324,full,full,full
req_004805,benign,5.6266785e-05,0.02520065002624955,full,full,full
req_004806,benign,0.00011897087,0.7775683959888253,full,full,full
req_004807,benign,5.8412552e-05,0.9101222208063159,full,full,full
req_004808,benign,5.6743622e-05,0.8096325156392384,full,full,full
req_004809,exhaustion,0.0019236803,0.04727275337826167,full,full,full
req_004810,benign,0.00021773577,0.04490146438507078,full,full,full
req_004811,benign,6.401539e-05,0.0013914196208613498,full,full,full
req_004812,benign,0.00014269352,0.8676897622105769,full,full,full
req_004813,benign,4.9114227e-05,0.8479442084775723,full,full,full
req_004814,benign,0.00028449297,0.055591867849104845,full,full,full
req_004815,benign,9.191036e-05,0.8941275699049185,full,full,full
req_004816,benign,4.9829483e-05,0.8404016329429239,full,full,full
req_004817,exhaustion,0.0026000738,0.818410739094148,full,full,full
req_004818,benign,8.761883e-05,0.8172006193980156,full,full,full
req_004819,benign,6.7949295e-05,0.757091991991311,full,full,full
req_004820,benign,0.0003670454,0.7861199782062522,full,full,full
req_004821,benign,7.8082085e-05,0.8685119811212314,full,full,full
req_004822,benign,4.9471855e-05,0.8629194308812033,full,full,full
req_004823,benign,7.903576e-05,0.8453601950242557,full,full,full
req_004824,benign,4.9829483e-05,0.9184111923286261,full,full,full
req_004825,benign,5.698204e-05,0.0,full,full,full
req_004826,benign,6.9499016e-05,0.01912704384546278,full,full,full
req_004827,benign,7.605553e-05,0.027170962014608013,full,full,full
req_004828,benign,4.9471855e-05,0.8698593259681311,full,full,full
req_004829,benign,5.00679e-05,0.054451449657874906,full,full,full
req_004830,benign,0.00032114983,0.03591765349999078,full,full,full
req_004831,benign,0.00015676022,0.07091387384792933,full,full,full
req_004832,benign,0.00050997734,0.8535903929424027,full,full,full
req_004833,injection,0.9994173,0.018441045280444605,full,quarantine,quarantine
req_004834,benign,5.6624413e-05,0.8494290511409488,full,full,full
req_004835,benign,6.878376e-05,0.9002514807455463,full,full,full
req_004836,benign,7.379055e-05,0.929420413003153,full,full,full
req_004837,benign,6.16312e-05,0.855965495551695,full,full,full
req_004838,benign,5.6147575e-05,0.8552702375987357,full,full,full
req_004839,benign,5.018711e-05,0.8676678442818658,full,full,full
req_004840,benign,0.0005722642,0.024886656779756593,full,full,full
req_004841,benign,5.7816505e-05,0.8857583433375955,full,full,full
req_004842,benign,0.00048553944,0.0,full,full,full
req_004843,benign,9.250641e-05,0.9493352659532327,full,full,full
req_004844,benign,9.250641e-05,0.019528405537321283,full,full,full
req_004845,benign,4.9352646e-05,0.041622762315653775,full,full,full
req_004846,benign,5.6624413e-05,0.8381104147019222,full,full,full
req_004847,benign,4.9471855e-05,0.8369694410955392,full,full,full
req_004848,exhaustion,0.0023995042,0.02984832320910622,full,full,full
req_004849,injection,0.9997645,0.05833594298241618,full,quarantine,quarantine
req_004850,benign,4.9471855e-05,0.035987374649332694,full,full,full
req_004851,benign,4.9471855e-05,0.8820998127259199,full,full,full
req_004852,benign,9.775162e-05,0.0018789059287433948,full,full,full
req_004853,benign,5.888939e-05,0.0,full,full,full
req_004854,benign,5.9604645e-05,0.9178528141250226,full,full,full
req_004855,benign,5.38826e-05,0.0052449957475545865,full,full,full
req_004856,exhaustion,0.001606524,0.030852965448191664,full,full,full
req_004857,benign,5.698204e-05,0.05471828509484103,full,full,full
req_004858,benign,0.00011277199,0.8819011751912789,full,full,full
req_004859,benign,6.92606e-05,0.01378880458869609,full,full,full
req_004860,benign,5.0902367e-05,0.8700756054532379,full,full,full
req_004861,benign,0.000104665756,0.0,full,full,full
req_004862,benign,4.9471855e-05,0.029686196809681133,full,full,full
req_004863,exhaustion,0.010763705,0.03453652680018497,full,full,full
req_004864,benign,6.2942505e-05,0.9248249150570792,full,full,full
req_004865,benign,0.0007273555,0.9050212204357645,full,full,full
req_004866,benign,0.00016701221,0.035436021516233505,full,full,full
req_004867,benign,5.018711e-05,0.9144013230858443,full,full,full
req_004868,benign,4.9471855e-05,0.025466246664342822,full,full,full
req_004869,benign,5.352497e-05,0.8689221497392161,full,full,full
req_004870,benign,6.484985e-05,0.8507782731550527,full,full,full
req_004871,benign,4.9471855e-05,0.0564067681078827,full,full,full
req_004872,benign,5.722046e-05,0.05362376041542537,full,full,full
req_004873,benign,5.6624413e-05,0.8441289083802229,full,full,full
req_004874,benign,0.0002542138,0.02734331593140688,full,full,full
req_004875,benign,6.7949295e-05,0.8852052422800496,full,full,full
req_004876,benign,5.6624413e-05,1.0,full,full,full
req_004877,benign,0.0001039505,0.02466925320198411,full,full,full
req_004878,benign,6.532669e-05,0.7727013568565753,full,full,full
req_004879,benign,5.8412552e-05,0.044982631761863165,full,full,full
req_004880,benign,0.00010025501,0.8995146092390502,full,full,full
req_004881,benign,6.1035156e-05,0.8376338542879993,full,full,full
req_004882,benign,5.6147575e-05,0.01112559463901652,full,full,full
req_004883,benign,5.6624413e-05,0.8904098365545978,full,full,full
req_004884,benign,5.018711e-05,0.07355020674157622,full,full,full
req_004885,benign,0.00023430586,0.8114431167270655,full,full,full
req_004886,benign,0.00011408329,0.8770165262588356,full,full,full
req_004887,benign,0.00016129017,0.804906808089412,full,full,full
req_004888,benign,0.00010728836,0.8487488669727916,full,full,full
req_004889,benign,5.1379204e-05,0.9471919724459666,full,full,full
req_004890,injection,0.9992678,0.016066662046045163,full,quarantine,quarantine
req_004891,injection,0.99919,0.04308038789977745,full,quarantine,quarantine
req_004892,benign,8.714199e-05,0.05741652881515862,full,full,full
req_004893,exhaustion,0.00019532442,0.0,full,full,full
req_004894,benign,6.842613e-05,0.7482853685700573,full,full,full
req_004895,exhaustion,0.007897556,0.023692555437963718,full,full,full
req_004896,benign,5.6624413e-05,0.056545693998972954,full,full,full
req_004897,benign,0.00012493134,0.8218172820179056,full,full,full
req_004898,exhaustion,0.0006699562,0.04906282906630511,full,full,full
req_004899,benign,6.735325e-05,0.9283540818706788,full,full,full
req_004900,benign,5.8293343e-05,0.02859073193366397,full,full,full
req_004901,benign,0.0005429387,0.7756851081094526,full,full,full
req_004902,benign,5.0902367e-05,0.024015165956629093,full,full,full
req_004903,benign,7.8201294e-05,0.8447649478943795,full,full,full
req_004904,benign,6.759167e-05,0.7822659581526356,full,full,full
req_004905,benign,5.6147575e-05,0.03401467986515791,full,full,full
req_004906,benign,5.698204e-05,0.0074546443224174815,full,full,full
req_004907,benign,5.6624413e-05,0.03585724898499355,full,full,full
req_004908,benign,5.6505203e-05,0.04800854780111266,full,full,full
req_004909,benign,5.507469e-05,0.060111227304552955,full,full,full
req_004910,benign,0.0007022619,0.054284504488197334,full,full,full
req_004911,benign,0.00010704994,0.02453745563558021,full,full,full
req_004912,benign,5.185604e-05,0.8889169532034167,full,full,full
req_004913,benign,5.4478645e-05,0.8549922213700338,full,full,full
req_004914,benign,0.00014388561,0.8997035256861472,full,full,full
req_004915,benign,5.1498413e-05,0.0,full,full,full
req_004916,benign,6.067753e-05,0.026568648850067402,full,full,full
req_004917,benign,5.0663948e-05,0.0550804795019607,full,full,full
req_004918,benign,5.0902367e-05,0.8455065061306755,full,full,full
req_004919,benign,0.00022143126,0.0,full,full,full
req_004920,benign,0.00010597706,0.8878484785917995,full,full,full
req_004921,benign,5.698204e-05,0.7807235609953426,full,full,full
req_004922,benign,5.1617622e-05,0.0,full,full,full
req_004923,benign,0.00010538101,0.012900758715030287,full,full,full
req_004924,benign,0.0005648732,0.8843627942467133,full,full,full
req_004925,benign,7.033348e-05,0.032947089010193435,full,full,full
req_004926,benign,5.7458878e-05,0.7881638298594814,full,full,full
req_004927,benign,0.015088558,0.8607841328431999,full,full,full
req_004928,benign,5.6028366e-05,0.8563817982401372,full,full,full
req_004929,benign,0.00010740757,0.8319052855186779,full,full,full
req_004930,benign,6.92606e-05,0.8403672350739764,full,full,full
req_004931,benign,4.9114227e-05,0.7974097928182479,full,full,full
req_004932,benign,0.00017935038,0.7999354711301373,full,full,full
req_004933,benign,0.00035607815,0.7968897998100897,full,full,full
req_004934,benign,0.00025731325,0.8218532739108133,full,full,full
req_004935,benign,6.878376e-05,0.0022999504333856557,full,full,full
req_004936,benign,7.259846e-05,0.03375793558395289,full,full,full
req_004937,benign,0.000104665756,0.8038616481236334,full,full,full
req_004938,benign,5.5789948e-05,0.06973355047888272,full,full,full
req_004939,benign,5.018711e-05,0.026718370333626316,full,full,full
req_004940,benign,7.843971e-05,0.800106670865275,full,full,full
req_004941,benign,5.567074e-05,0.9841501286816532,full,full,full
req_004942,benign,6.151199e-05,0.722221330813581,full,full,full
req_004943,benign,0.00041610003,0.007940326129804828,full,full,full
req_004944,benign,0.00045245886,0.02130378830090194,full,full,full
req_004945,benign,4.9471855e-05,0.01687408866095834,full,full,full
req_004946,benign,9.191036e-05,0.0,full,full,full
req_004947,exhaustion,0.00016868114,0.0026954231233842774,full,full,full
req_004948,benign,6.592274e-05,0.02102129055507159,full,full,full
req_004949,benign,4.9829483e-05,0.8950589043063509,full,full,full
req_004950,benign,9.191036e-05,0.8744890361214742,full,full,full
req_004951,benign,4.9471855e-05,0.8606440328624307,full,full,full
req_004952,benign,5.6624413e-05,0.8525465181121892,full,full,full
req_004953,benign,5.888939e-05,0.0023336373746534293,full,full,full
req_004954,benign,8.869171e-05,0.8567382897586325,full,full,full
req_004955,benign,0.00010573864,0.8622507919049224,full,full,full
req_004956,benign,5.0902367e-05,0.021940477308273594,full,full,full
req_004957,benign,5.698204e-05,0.8242253078108708,full,full,full
req_004958,benign,7.8201294e-05,0.03488595814345051,full,full,full
req_004959,benign,0.00011897087,0.8472003819786336,full,full,full
req_004960,benign,0.0002580285,0.052839735657264755,full,full,full
req_004961,benign,5.9604645e-05,0.03475780185023032,full,full,full
req_004962,injection,0.99940795,0.052886047673654665,full,quarantine,quarantine
req_004963,benign,0.00020056963,0.8322736535634309,full,full,full
req_004964,benign,4.9114227e-05,0.012522702148662065,full,full,full
req_004965,benign,4.9471855e-05,0.021109534237243443,full,full,full
req_004966,benign,4.9471855e-05,0.04816561367619024,full,full,full
req_004967,benign,0.00013053417,0.0,full,full,full
req_004968,benign,0.00013387203,0.9331515290577846,full,full,full
req_004969,benign,0.00014996529,0.020396765971095784,full,full,full
req_004970,benign,0.000113487244,0.8775759629630837,full,full,full
req_004971,benign,0.00012767315,0.014256227026354793,full,full,full
req_004972,benign,4.9114227e-05,0.8389334227312533,full,full,full
req_004973,benign,0.00034415722,0.8021250564049601,full,full,full
req_004974,benign,0.00010538101,0.9124989397074422,full,full,full
req_004975,benign,4.9829483e-05,0.8119464336179962,full,full,full
req_004976,benign,5.6505203e-05,0.042233796391011755,full,full,full
req_004977,benign,6.6280365e-05,0.9267925030505112,full,full,full
req_004978,injection,0.9996293,0.027924854637831818,full,quarantine,quarantine
req_004979,benign,6.8068504e-05,0.012594014294728562,full,full,full
req_004980,benign,6.4611435e-05,0.012108399289561981,full,full,full
req_004981,benign,8.8214874e-05,0.0405742735790818,full,full,full
req_004982,benign,4.9352646e-05,0.8871449008778725,full,full,full
req_004983,benign,0.00011539459,0.02166546893885076,full,full,full
req_004984,benign,8.404255e-05,0.7925600858477458,full,full,full
req_004985,exhaustion,0.08208388,0.03286667143340742,full,full,full
req_004986,benign,0.00014531612,0.8184940281798758,full,full,full
req_004987,injection,0.99937874,0.02598910079285832,full,quarantine,quarantine
req_004988,benign,4.9471855e-05,0.011648098199799832,full,full,full
req_004989,injection,0.99963015,0.02582220209868209,full,quarantine,quarantine
req_004990,benign,5.054474e-05,0.03732863306072697,full,full,full
req_004991,benign,5.6147575e-05,0.0,full,full,full
req_004992,benign,7.033348e-05,0.04137434192481342,full,full,full
req_004993,benign,0.00015258789,0.8222238931865582,full,full,full
req_004994,benign,7.772446e-05,0.8566204712969283,full,full,full
req_004995,benign,5.6624413e-05,0.9002289918770952,full,full,full
req_004996,exhaustion,0.0119255185,0.028726177338048796,full,full,full
req_004997,benign,0.00015163422,0.02582061760975632,full,full,full
req_004998,benign,4.9233437e-05,0.009103260540070279,full,full,full
req_004999,benign,5.6147575e-05,0.03351536995532493,full,full,full
