request_id,true_type,risk_score,cache_hit_prob,tier_no_protection,tier_keyword_blocklist,tier_proposed_invention
req_000000,benign,1.4305115e-05,0.8174104423694155,full,full,full
req_000001,benign,3.1352043e-05,0.01078846924272511,full,full,full
req_000002,benign,2.9206276e-05,0.0,full,full,full
req_000003,benign,7.534027e-05,0.8829573874916127,full,full,full
req_000004,benign,1.6212463e-05,0.039995808032732755,full,full,full
req_000005,benign,2.0742416e-05,0.8497398367914034,full,full,full
req_000006,benign,1.8119812e-05,0.023625032665943513,full,full,full
req_000007,benign,1.6570091e-05,0.013465524327122246,full,full,full
req_000008,benign,2.2768974e-05,0.0318770442887009,full,full,full
req_000009,exhaustion,0.99978936,0.05279126116978175,full,full,quarantine
req_000010,benign,4.5895576e-05,0.0,full,full,full
req_000011,benign,3.7670135e-05,0.060634857472242336,full,full,full
req_000012,benign,5.9962273e-05,0.865832250823595,full,full,full
req_000013,benign,4.5657158e-05,0.02578973869990641,full,full,full
req_000014,exhaustion,0.99393386,0.026624872061306457,full,full,quarantine
req_000015,benign,4.7922134e-05,0.004187568918642401,full,full,full
req_000016,benign,1.3589859e-05,0.05182954738107408,full,full,full
req_000017,benign,0.0006573796,0.9050900927911242,full,full,full
req_000018,benign,0.01575017,0.03888710755971839,full,full,full
req_000019,benign,1.41859055e-05,0.0,full,full,full
req_000020,benign,6.496906e-05,0.04795186748544829,full,full,full
req_000021,benign,5.543232e-05,0.012827448744629204,full,full,full
req_000022,benign,0.00010347366,0.8690094546124496,full,full,full
req_000023,benign,1.6570091e-05,0.8444970652360974,full,full,full
req_000024,exhaustion,0.99742234,0.05678588062875588,full,full,quarantine
req_000025,benign,1.9073486e-05,0.7585197988277325,full,full,full
req_000026,benign,1.8954277e-05,0.041086970541797496,full,full,full
req_000027,benign,9.2983246e-05,0.8053972105839204,full,full,full
req_000028,benign,0.00011360645,0.8887935923729029,full,full,full
req_000029,benign,5.2571297e-05,0.025609485291013784,full,full,full
req_000030,benign,1.3589859e-05,0.8328152824950259,full,full,full
req_000031,benign,4.386902e-05,0.0,full,full,full
req_000032,benign,1.2993813e-05,0.7757865708001824,full,full,full
req_000033,benign,1.4066696e-05,0.8992607791429094,full,full,full
req_000034,benign,0.0002962947,0.8589356714559198,full,full,full
req_000035,benign,0.0003336668,0.9003428385353541,full,full,full
req_000036,exhaustion,0.9983259,0.031564119356512904,full,full,quarantine
req_000037,benign,3.504753e-05,0.8010072716812662,full,full,full
req_000038,benign,2.3722649e-05,0.028641488321918797,full,full,full
req_000039,benign,2.682209e-05,0.8398333757114048,full,full,full
req_000040,benign,0.002290368,0.8873979862981567,full,full,full
req_000041,benign,2.4795532e-05,0.02227875299979297,full,full,full
req_000042,benign,0.00024300814,0.02983140523684162,full,full,full
req_000043,benign,0.00012266636,0.018829403322132593,full,full,full
req_000044,injection,0.99954104,0.031724220722460734,full,quarantine,quarantine
req_000045,exhaustion,0.99884796,0.015281991587160707,full,full,quarantine
req_000046,benign,2.2530556e-05,0.8381038311217637,full,full,full
req_000047,exhaustion,0.4085577,0.019322433543793704,full,full,sandbox
req_000048,injection,0.9990366,0.040063011334123357,full,quarantine,quarantine
req_000049,benign,1.3709068e-05,0.8246798170106785,full,full,full
req_000050,benign,1.859665e-05,0.8355637816485388,full,full,full
req_000051,benign,2.0623207e-05,0.8729288864547013,full,full,full
req_000052,benign,0.00022143126,0.8023462967215037,full,full,full
req_000053,benign,1.5974045e-05,0.028421636586760356,full,full,full
req_000054,benign,1.335144e-05,0.8506659240580506,full,full,full
req_000055,benign,2.8014183e-05,0.8887072973508632,full,full,full
req_000056,benign,1.4424324e-05,0.021525562532129276,full,full,full
req_000057,benign,0.00045681,0.9185734728643511,full,full,full
req_000058,benign,0.0013384819,0.8323771317049198,full,full,full
req_000059,benign,0.00015807152,0.04309951306805136,full,full,full
req_000060,benign,1.5616417e-05,0.03039193924666486,full,full,full
req_000061,benign,2.9087067e-05,0.8830396460863513,full,full,full
req_000062,exhaustion,0.999874,0.04777504693296288,full,full,quarantine
req_000063,benign,2.348423e-05,0.0427292227715621,full,full,full
req_000064,benign,0.0016533136,0.033769453766961444,full,full,full
req_000065,benign,2.4080276e-05,0.86582392696398,full,full,full
req_000066,benign,3.0994415e-05,0.03035938716451927,full,full,full
req_000067,benign,2.515316e-05,0.9107093684492099,full,full,full
req_000068,injection,0.99967206,0.03192449622759303,full,quarantine,quarantine
req_000069,exhaustion,0.99977964,0.03174286245409044,full,full,quarantine
req_000070,injection,0.99942344,0.03552473777478185,full,quarantine,quarantine
req_000071,benign,8.1181526e-05,0.8431777530243574,full,full,full
req_000072,benign,0.0002734065,0.7910437563835025,full,full,full
req_000073,benign,1.9073486e-05,0.9426134860056464,full,full,full
req_000074,benign,1.859665e-05,0.833514368778745,full,full,full
req_000075,benign,2.014637e-05,0.0024404133606376055,full,full,full
req_000076,benign,5.9843063e-05,0.8085255638326262,full,full,full
req_000077,benign,2.1219254e-05,0.8375609989372684,full,full,full
req_000078,benign,1.6212463e-05,0.7655735323261821,full,full,full
req_000079,benign,0.000179708,0.058766329964551736,full,full,full
req_000080,benign,1.680851e-05,0.8011782705968633,full,full,full
req_000081,benign,0.00023955107,0.8460980490734452,full,full,full
req_000082,exhaustion,0.99928856,0.03378525899133654,full,full,quarantine
req_000083,benign,1.0251999e-05,0.9713110250610412,full,full,full
req_000084,benign,1.4543533e-05,0.05690204195041082,full,full,full
req_000085,benign,5.698204e-05,0.012475863956018251,full,full,full
req_000086,benign,2.7537346e-05,0.8197829520757051,full,full,full
req_000087,benign,1.168251e-05,0.04132928288083182,full,full,full
req_000088,injection,0.99903023,0.06175207262281069,full,quarantine,quarantine
req_000089,injection,0.9993822,0.014508912940678095,full,quarantine,quarantine
req_000090,benign,0.00015413761,0.027425865311979245,full,full,full
req_000091,benign,1.8715858e-05,0.790344468884969,full,full,full
req_000092,benign,1.8119812e-05,0.8498222804661754,full,full,full
req_000093,benign,6.0796738e-05,0.814874276810074,full,full,full
req_000094,benign,0.00018459558,0.9125348536873944,full,full,full
req_000095,benign,2.670288e-05,0.02107670870094733,full,full,full
req_000096,injection,0.9993431,0.01206437294577924,full,quarantine,quarantine
req_000097,benign,1.6093254e-05,0.00627603390747377,full,full,full
req_000098,benign,1.4424324e-05,0.8759056134518346,full,full,full
req_000099,benign,2.503395e-05,0.027164543554786612,full,full,full
req_000100,benign,3.8981438e-05,0.06937824523283517,full,full,full
req_000101,benign,2.0623207e-05,0.8439525681399165,full,full,full
req_000102,benign,0.00036096573,0.9038360978027624,full,full,full
req_000103,benign,5.2332878e-05,0.03224327410998014,full,full,full
req_000104,benign,3.027916e-05,0.8682958978953088,full,full,full
req_000105,benign,2.8252602e-05,0.8899414663541136,full,full,full
req_000106,benign,5.686283e-05,0.8227733350572324,full,full,full
req_000107,exhaustion,0.99995154,0.018415433689184423,full,full,quarantine
req_000108,benign,1.6331673e-05,0.03712935665104118,full,full,full
req_000109,benign,1.4781952e-05,0.9173635276127949,full,full,full
req_000110,benign,2.0861626e-05,0.854502412943245,full,full,full
req_000111,benign,0.002328217,0.010086155882240887,full,full,full
req_000112,benign,0.0022992492,0.030684773231864297,full,full,full
req_000113,benign,2.515316e-05,0.8495145212819498,full,full,full
req_000114,benign,2.9206276e-05,0.005123576741213689,full,full,full
req_000115,benign,2.4080276e-05,0.03678824011142968,full,full,full
req_000116,benign,0.00010120869,0.04430656579899038,full,full,full
req_000117,benign,3.9339066e-05,0.06275188143875693,full,full,full
req_000118,benign,1.2040138e-05,0.87197794578896,full,full,full
req_000119,benign,3.0875206e-05,0.7647439778906251,full,full,full
req_000120,benign,1.2636185e-05,0.022736133483178978,full,full,full
req_000121,benign,0.00059497356,0.022425083012243816,full,full,full
req_000122,benign,1.4305115e-05,0.852294192672325,full,full,full
req_000123,benign,4.1365623e-05,0.038993982956711,full,full,full
req_000124,benign,2.4557114e-05,0.9575870539557821,full,full,full
req_000125,injection,0.99934745,0.021210363765102762,full,quarantine,quarantine
req_000126,benign,3.0875206e-05,0.8812433175289447,full,full,full
req_000127,benign,1.347065e-05,0.006707191446335581,full,full,full
req_000128,exhaustion,0.9996798,0.0,full,full,quarantine
req_000129,benign,3.540516e-05,0.8434453550285181,full,full,full
req_000130,benign,0.00026386976,0.8567630106962794,full,full,full
req_000131,benign,6.6399574e-05,0.9112317111140793,full,full,full
req_000132,benign,3.7670135e-05,0.8634775151288511,full,full,full
req_000133,benign,0.00041300058,0.8877249928644108,full,full,full
req_000134,benign,2.7060509e-05,0.03520384717591393,full,full,full
req_000135,benign,2.3961067e-05,0.006798052883459471,full,full,full
req_000136,benign,2.0623207e-05,0.8070529494090475,full,full,full
req_000137,benign,0.00018745661,0.7179330577918488,full,full,full
req_000138,benign,2.336502e-05,0.03644156275664057,full,full,full
req_000139,exhaustion,0.9976151,0.04020349236973581,full,full,quarantine
req_000140,benign,2.6106834e-05,0.012649933772135025,full,full,full
req_000141,benign,1.6331673e-05,0.045560245314218886,full,full,full
req_000142,benign,6.520748e-05,0.01118002848014529,full,full,full
req_000143,benign,5.3048134e-05,0.8472578906680139,full,full,full
req_000144,benign,1.66893e-05,0.043585071611056805,full,full,full
req_000145,injection,0.99940217,0.03103920116840076,full,quarantine,quarantine
req_000146,benign,1.7881393e-05,0.0028985242619614347,full,full,full
req_000147,benign,0.00011277199,0.8358834797684265,full,full,full
req_000148,benign,2.7418137e-05,0.8476717846710384,full,full,full
req_000149,benign,4.029274e-05,0.8805968972819747,full,full,full
req_000150,injection,0.9995687,0.030608535541223784,full,quarantine,quarantine
req_000151,benign,2.4199486e-05,0.8128630974256409,full,full,full
req_000152,benign,0.9378556,0.02970570416666283,full,full,quarantine
req_000153,benign,2.7179718e-05,0.8111064729750562,full,full,full
req_000154,benign,3.373623e-05,0.8415541733511275,full,full,full
req_000155,benign,1.9550323e-05,0.0174214627110717,full,full,full
req_000156,benign,2.4557114e-05,0.8488673301479963,full,full,full
req_000157,benign,2.527237e-05,0.015476598639512673,full,full,full
req_000158,benign,0.00012993813,0.8634720628941908,full,full,full
req_000159,benign,9.787083e-05,0.8223600475772675,full,full,full
req_000160,benign,3.7312508e-05,0.8173666927922038,full,full,full
req_000161,benign,1.8835068e-05,0.032149054536670295,full,full,full
req_000162,injection,0.9994254,0.016581971497330393,full,quarantine,quarantine
req_000163,benign,1.9073486e-05,0.03224680617969761,full,full,full
req_000164,benign,3.325939e-05,0.03417901277876019,full,full,full
req_000165,benign,2.6345253e-05,0.8607126635875311,full,full,full
req_000166,benign,2.0503998e-05,0.7012800690929728,full,full,full
req_000167,injection,0.99945503,0.8280223151621243,full,quarantine,quarantine
req_000168,benign,6.365776e-05,0.0452653880480738,full,full,full
req_000169,benign,1.13248825e-05,0.019515039587367528,full,full,full
req_000170,benign,5.4359436e-05,0.033554984076401534,full,full,full
req_000171,benign,6.03199e-05,0.806317013050092,full,full,full
req_000172,benign,0.00010251999,0.0,full,full,full
req_000173,exhaustion,0.99436444,0.9001412263492956,full,full,quarantine
req_000174,benign,0.00014448166,0.013293738173858278,full,full,full
req_000175,benign,0.0001449585,0.014165205027805258,full,full,full
req_000176,benign,4.172325e-05,0.9220453126506725,full,full,full
req_000177,benign,0.0010821819,0.02200240542980205,full,full,full
req_000178,benign,1.680851e-05,0.788509979838736,full,full,full
req_000179,benign,2.7894974e-05,0.020084756574765508,full,full,full
req_000180,injection,0.9993978,0.013890736677926025,full,quarantine,quarantine
req_000181,benign,3.0398369e-05,0.02861119795692205,full,full,full
req_000182,benign,0.00024491549,0.8881694064127758,full,full,full
req_000183,benign,1.3709068e-05,0.8514193252574874,full,full,full
req_000184,benign,1.7762184e-05,0.03689480263577104,full,full,full
req_000185,benign,1.9788742e-05,0.927869405999402,full,full,full
req_000186,exhaustion,0.47771925,0.9018860000702825,full,full,sandbox
req_000187,benign,3.874302e-05,0.02029161967795876,full,full,full
req_000188,benign,8.6188316e-05,0.8313801685484579,full,full,full
req_000189,benign,0.0006068945,0.8613324213450821,full,full,full
req_000190,exhaustion,0.9993513,0.06662899074457387,full,full,quarantine
req_000191,exhaustion,0.9996685,0.03467218982179883,full,full,quarantine
req_000192,benign,1.7881393e-05,0.025782206397394796,full,full,full
req_000193,benign,1.6212463e-05,0.015098099337441127,full,full,full
req_000194,benign,1.2874603e-05,0.8038440722075586,full,full,full
req_000195,benign,2.6583672e-05,0.0,full,full,full
req_000196,benign,2.8848648e-05,0.0,full,full,full
req_000197,exhaustion,0.9995364,0.01317416972608293,full,full,quarantine
req_000198,benign,0.0003465414,0.04838059971317323,full,full,full
req_000199,benign,0.00036525726,0.8477231690746886,full,full,full
req_000200,benign,0.005930662,0.8061048308410749,full,full,full
req_000201,benign,1.847744e-05,0.07386974526492111,full,full,full
req_000202,benign,1.3232231e-05,0.03483675845315252,full,full,full
req_000203,benign,1.7523766e-05,0.05079790637296243,full,full,full
req_000204,benign,2.69413e-05,0.9087129651084102,full,full,full
req_000205,benign,1.6570091e-05,0.018999360799573158,full,full,full
req_000206,benign,1.7285347e-05,0.8329995461825798,full,full,full
req_000207,benign,0.00016713142,0.019941029481656256,full,full,full
req_000208,benign,1.859665e-05,0.7817506452664528,full,full,full
req_000209,benign,1.7881393e-05,0.774150463689964,full,full,full
req_000210,benign,2.2649765e-05,0.8592836884732367,full,full,full
req_000211,benign,3.0398369e-05,0.8938357515474571,full,full,full
req_000212,benign,0.025732577,0.8262273475280222,full,full,full
req_000213,benign,0.00049984455,0.014250670186552322,full,full,full
req_000214,benign,4.6610832e-05,0.0,full,full,full
req_000215,injection,0.9992154,0.010402323315194879,full,quarantine,quarantine
req_000216,benign,6.711483e-05,0.04362276978641685,full,full,full
req_000217,benign,3.4451485e-05,0.8617651652903201,full,full,full
req_000218,benign,1.6450882e-05,0.8807467851251292,full,full,full
req_000219,benign,7.390976e-05,0.8660513428343715,full,full,full
req_000220,benign,5.2332878e-05,0.9422890152501755,full,full,full
req_000221,exhaustion,0.99472815,0.9603241531704169,full,full,quarantine
req_000222,benign,3.9696693e-05,0.8773058899706546,full,full,full
req_000223,exhaustion,0.9969278,0.02388794941718559,full,full,quarantine
req_000224,benign,1.8119812e-05,0.05971752874121837,full,full,full
req_000225,benign,7.355213e-05,0.021077149350086463,full,full,full
req_000226,benign,1.7404556e-05,0.850462409450587,full,full,full
req_000227,benign,2.7060509e-05,0.008023859281475237,full,full,full
req_000228,benign,1.835823e-05,0.8478163200692862,full,full,full
req_000229,benign,0.0011063218,0.8502524225514912,full,full,full
req_000230,benign,1.4305115e-05,0.874776986106015,full,full,full
req_000231,exhaustion,0.9968916,0.00528360707171872,full,full,quarantine
req_000232,benign,0.0005688071,0.7987262185995693,full,full,full
req_000233,benign,3.7312508e-05,0.9060960435257849,full,full,full
req_000234,benign,5.9366226e-05,0.027673445088229578,full,full,full
req_000235,benign,4.673004e-05,0.823210924550778,full,full,full
req_000236,benign,5.1379204e-05,0.9147666990297373,full,full,full
req_000237,injection,0.99952894,0.015908261773784828,full,quarantine,quarantine
req_000238,benign,1.8239021e-05,0.04645289617742573,full,full,full
req_000239,benign,5.9247017e-05,0.7587264467531896,full,full,full
req_000240,benign,2.3841858e-05,0.8923561133682538,full,full,full
req_000241,benign,5.531311e-05,0.8495624454358346,full,full,full
req_000242,benign,2.1219254e-05,0.0,full,full,full
req_000243,benign,5.2928925e-05,0.885463232921215,full,full,full
req_000244,benign,2.9802322e-05,0.034839308678757744,full,full,full
req_000245,benign,1.6212463e-05,0.8583003476686617,full,full,full
req_000246,benign,0.0004053712,0.9101034835654264,full,full,full
req_000247,benign,1.5258789e-05,0.05564934620441274,full,full,full
req_000248,benign,2.5629997e-05,0.013771347988674913,full,full,full
req_000249,exhaustion,0.77842927,0.061996651870130544,full,full,quarantine
req_000250,benign,5.221367e-05,0.8909368151976477,full,full,full
req_000251,benign,1.4424324e-05,0.896909231793386,full,full,full
req_000252,benign,3.2544136e-05,0.03195354525565011,full,full,full
req_000253,benign,0.0022960305,0.06246308239615469,full,full,full
req_000254,benign,1.8119812e-05,0.9144232718335172,full,full,full
req_000255,benign,2.8729439e-05,0.030545062180535813,full,full,full
req_000256,benign,4.839897e-05,0.038252712778754194,full,full,full
req_000257,benign,4.220009e-05,0.0,full,full,full
req_000258,benign,0.0001385212,0.9385959469759488,full,full,full
req_000259,injection,0.9990779,0.014086693651551636,full,quarantine,quarantine
req_000260,benign,1.5497208e-05,0.8296277608130542,full,full,full
req_000261,injection,0.99951226,0.02469834227227822,full,quarantine,quarantine
req_000262,benign,1.5854836e-05,0.8694923417867659,full,full,full
req_000263,benign,2.1338463e-05,0.8363874739188141,full,full,full
req_000264,benign,0.0050800443,0.8375471896161973,full,full,full
req_000265,exhaustion,0.9952664,0.0,full,full,quarantine
req_000266,benign,0.00023072958,0.9902165970601835,full,full,full
req_000267,benign,1.7642975e-05,0.0257850402780863,full,full,full
req_000268,benign,0.00018137693,0.05735061218748368,full,full,full
req_000269,benign,1.50203705e-05,0.7941504706705284,full,full,full
req_000270,injection,0.9993931,0.045280770146557715,full,quarantine,quarantine
req_000271,benign,0.0002129674,0.8448062895301787,full,full,full
req_000272,benign,3.8027763e-05,0.8450364265716476,full,full,full
req_000273,benign,3.683567e-05,0.0113912597463795,full,full,full
req_000274,benign,4.208088e-05,0.01001122379318229,full,full,full
req_000275,benign,0.0005078316,0.8795043217052584,full,full,full
req_000276,benign,0.00036394596,0.9282776725152861,full,full,full
req_000277,benign,5.9962273e-05,0.03768077887916394,full,full,full
req_000278,benign,4.541874e-05,0.8980231062655719,full,full,full
req_000279,benign,2.5749207e-05,0.804504900742175,full,full,full
req_000280,injection,0.9995081,0.02370208627385764,full,quarantine,quarantine
req_000281,benign,0.00021916628,0.87070929219801,full,full,full
req_000282,benign,3.0636787e-05,0.9394143958001244,full,full,full
req_000283,benign,3.027916e-05,0.8180086109657513,full,full,full
req_000284,injection,0.99947554,0.05721980196306998,full,quarantine,quarantine
req_000285,benign,1.168251e-05,0.9047257958872825,full,full,full
req_000286,benign,1.5616417e-05,0.03464145441326345,full,full,full
req_000287,benign,1.1563301e-05,0.852084006755217,full,full,full
req_000288,benign,3.3140182e-05,0.8090295017199421,full,full,full
req_000289,benign,2.3245811e-05,0.05627683831902222,full,full,full
req_000290,benign,1.3113022e-05,0.8866219660375416,full,full,full
req_000291,injection,0.9996636,0.058735627453473785,full,quarantine,quarantine
req_000292,benign,9.691715e-05,0.0,full,full,full
req_000293,benign,1.9669533e-05,0.9213727713281012,full,full,full
req_000294,benign,3.71933e-05,0.07430945936368058,full,full,full
req_000295,benign,0.00018578768,0.8441618098999799,full,full,full
req_000296,benign,2.7298927e-05,0.837454105701022,full,full,full
req_000297,benign,2.2172928e-05,0.010123541334177644,full,full,full
req_000298,benign,1.4901161e-05,0.002214130848369373,full,full,full
req_000299,benign,0.00016260147,0.02796139750510839,full,full,full
req_000300,benign,0.0001283884,0.8187689636589438,full,full,full
req_000301,benign,3.886223e-05,0.038054779167560795,full,full,full
req_000302,injection,0.97659224,0.04266510353740179,full,full,quarantine
req_000303,benign,0.0005720258,0.015050651471809118,full,full,full
req_000304,benign,1.41859055e-05,0.9141721750749023,full,full,full
req_000305,exhaustion,0.9999269,0.04143667874877779,full,full,quarantine
req_000306,benign,7.712841e-05,0.8736515087698731,full,full,full
req_000307,benign,1.1444092e-05,0.0,full,full,full
req_000308,benign,1.4066696e-05,0.034178872383522144,full,full,full
req_000309,benign,3.4213066e-05,0.8601336309178437,full,full,full
req_000310,benign,3.015995e-05,0.8529567158034289,full,full,full
req_000311,benign,1.6570091e-05,0.7746423065918198,full,full,full
req_000312,benign,0.00031530857,0.045987666328895775,full,full,full
req_000313,benign,1.1444092e-05,0.7728420859068634,full,full,full
req_000314,benign,7.83205e-05,0.8630636523593316,full,full,full
req_000315,exhaustion,0.99982405,0.0033571113460844453,full,full,quarantine
req_000316,injection,0.9996669,0.034651308451639024,full,quarantine,quarantine
req_000317,benign,1.8000603e-05,0.8161292455654502,full,full,full
req_000318,benign,0.00010359287,0.060579299444465544,full,full,full
req_000319,benign,1.2278557e-05,0.7884665454723767,full,full,full
req_000320,benign,3.6120415e-05,0.8416150168727967,full,full,full
req_000321,benign,1.8715858e-05,0.9287105798889975,full,full,full
req_000322,benign,6.9737434e-05,0.012459719730842797,full,full,full
req_000323,exhaustion,0.99871653,0.0465200508685498,full,full,quarantine
req_000324,benign,7.879734e-05,0.8842090564852815,full,full,full
req_000325,benign,5.2809715e-05,0.04457996095580777,full,full,full
req_000326,benign,2.8967857e-05,0.8746858608710658,full,full,full
req_000327,benign,2.0742416e-05,0.8178486691135282,full,full,full
req_000328,benign,4.220009e-05,0.8858621978739942,full,full,full
req_000329,benign,0.0010544658,0.8539711722417999,full,full,full
req_000330,injection,0.9996113,0.023626931471826977,full,quarantine,quarantine
req_000331,benign,1.2874603e-05,0.9212818716737329,full,full,full
req_000332,injection,0.99945366,0.03425494064039146,full,quarantine,quarantine
req_000333,benign,2.2292137e-05,0.07033906433941567,full,full,full
req_000334,benign,1.4781952e-05,0.8045575015986518,full,full,full
req_000335,benign,1.9431114e-05,0.016156984827998433,full,full,full
req_000336,benign,0.00013136864,0.0,full,full,full
req_000337,benign,5.4001808e-05,0.023795602726917692,full,full,full
req_000338,injection,0.99900454,0.05910460860644248,full,quarantine,quarantine
req_000339,benign,0.0002759099,0.053192285779548945,full,full,full
req_000340,injection,0.9993989,0.02816349648068211,full,quarantine,quarantine
req_000341,benign,1.04904175e-05,0.02138523251420911,full,full,full
req_000342,benign,9.1433525e-05,0.8597901048007736,full,full,full
req_000343,benign,4.9352646e-05,0.8710999502521568,full,full,full
req_000344,benign,6.2704086e-05,0.02711286736432187,full,full,full
req_000345,benign,6.771088e-05,0.03045007716111307,full,full,full
req_000346,injection,0.99932617,0.0,full,quarantine,quarantine
req_000347,benign,3.4809113e-05,0.8486140535422371,full,full,full
req_000348,benign,4.863739e-05,0.9390328797278642,full,full,full
req_000349,benign,1.6212463e-05,0.9031390548519468,full,full,full
req_000350,benign,1.5377998e-05,0.01106583834159271,full,full,full
req_000351,benign,5.4001808e-05,0.8780217533428107,full,full,full
req_000352,injection,0.9994807,0.040495147957714514,full,quarantine,quarantine
req_000353,benign,9.036064e-05,0.9049160097111916,full,full,full
req_000354,benign,0.00040978193,0.8841033837168399,full,full,full
req_000355,benign,0.00015759468,0.04774399280044675,full,full,full
req_000356,benign,3.2782555e-05,0.8303544478002491,full,full,full
req_000357,benign,3.4809113e-05,0.01775621658138722,full,full,full
req_000358,benign,0.008023083,0.07135391452552478,full,full,full
req_000359,exhaustion,0.9445775,0.04904275609359329,full,full,quarantine
req_000360,benign,1.4424324e-05,0.022453934598542738,full,full,full
req_000361,exhaustion,0.99795705,0.05321430430934579,full,full,quarantine
req_000362,benign,8.2850456e-05,0.8169876448233548,full,full,full
req_000363,benign,0.000172019,0.026868659477737766,full,full,full
req_000364,benign,4.4226646e-05,0.022797383285286865,full,full,full
req_000365,benign,1.9311905e-05,0.03127342747889602,full,full,full
req_000366,benign,0.00021880865,0.024791475775384895,full,full,full
req_000367,benign,0.00014805794,0.8402951070093776,full,full,full
req_000368,benign,7.402897e-05,0.8324742024881697,full,full,full
req_000369,benign,2.014637e-05,0.0,full,full,full
req_000370,benign,2.2053719e-05,0.6924518594965617,full,full,full
req_000371,benign,2.002716e-05,0.8483363490747111,full,full,full
req_000372,benign,1.7166138e-05,0.850460663226756,full,full,full
req_000373,benign,1.180172e-05,0.04683478465819646,full,full,full
req_000374,benign,3.027916e-05,0.0,full,full,full
req_000375,benign,1.8119812e-05,0.7482459563244641,full,full,full
req_000376,benign,1.5258789e-05,0.022279278992612617,full,full,full
req_000377,benign,2.5987625e-05,0.8930484412370293,full,full,full
req_000378,benign,2.014637e-05,0.7372539053842022,full,full,full
req_000379,benign,0.000454247,0.0,full,full,full
req_000380,exhaustion,0.99726355,0.054156043787331104,full,full,quarantine
req_000381,benign,0.00021284819,0.8456753108950885,full,full,full
req_000382,benign,2.861023e-05,0.8135493508069048,full,full,full
req_000383,benign,0.0012245774,0.0237954590335582,full,full,full
req_000384,benign,2.8014183e-05,0.03246475102748772,full,full,full
req_000385,benign,2.7298927e-05,0.029487133625029374,full,full,full
req_000386,benign,0.00011539459,0.039416403802073376,full,full,full
req_000387,benign,2.026558e-05,0.00366837930614361,full,full,full
req_000388,benign,0.00014543533,0.7391159376335072,full,full,full
req_000389,benign,2.1576881e-05,0.0,full,full,full
req_000390,exhaustion,0.99726015,0.030636080293514095,full,full,quarantine
req_000391,benign,5.567074e-05,0.0,full,full,full
req_000392,benign,3.85046e-05,0.9396601720369054,full,full,full
req_000393,exhaustion,0.9993071,0.0,full,full,quarantine
req_000394,benign,1.3589859e-05,0.031114363570255984,full,full,full
req_000395,benign,7.379055e-05,0.8583351934143677,full,full,full
req_000396,benign,1.4543533e-05,0.8342027067472585,full,full,full
req_000397,benign,0.00021153688,0.030925815273346084,full,full,full
req_000398,benign,0.00047314167,0.8487601086446989,full,full,full
req_000399,injection,0.9993595,0.010347626202285624,full,quarantine,quarantine
req_000400,benign,2.8848648e-05,0.7251185856319621,full,full,full
req_000401,benign,0.00021129847,0.0,full,full,full
req_000402,benign,2.169609e-05,0.9279747233474795,full,full,full
req_000403,injection,0.9998606,0.0,full,quarantine,quarantine
req_000404,benign,1.2516975e-05,0.009144071198380968,full,full,full
req_000405,benign,0.0001322031,0.813178792546461,full,full,full
req_000406,benign,4.041195e-05,0.04555840288639728,full,full,full
req_000407,benign,1.8954277e-05,0.043779288377987224,full,full,full
req_000408,benign,8.392334e-05,0.030795746874766505,full,full,full
req_000409,benign,1.7762184e-05,0.8463243943870128,full,full,full
req_000410,benign,1.6331673e-05,0.8660203161885217,full,full,full
req_000411,benign,0.0012091994,0.9316223215527343,full,full,full
req_000412,exhaustion,0.99984884,0.0476474369199961,full,full,quarantine
req_000413,benign,2.5987625e-05,0.012571730326294692,full,full,full
req_000414,benign,4.374981e-05,0.7735971697060817,full,full,full
req_000415,benign,1.8000603e-05,0.017109542266390297,full,full,full
req_000416,benign,3.0875206e-05,0.8217496361231855,full,full,full
req_000417,benign,7.605553e-05,0.06336807216235082,full,full,full
req_000418,benign,1.8835068e-05,0.8507227001492605,full,full,full
req_000419,benign,1.5974045e-05,0.014880725891621153,full,full,full
req_000420,benign,0.00017023087,0.06260326635925399,full,full,full
req_000421,exhaustion,0.9992564,0.002800491512739301,full,full,quarantine
req_000422,benign,1.7166138e-05,0.050392635695261055,full,full,full
req_000423,benign,6.16312e-05,0.050198730344180764,full,full,full
req_000424,benign,3.4570694e-05,0.8011644744204178,full,full,full
req_000425,benign,0.00020700693,0.044749364477776825,full,full,full
req_000426,benign,0.00016713142,0.8426387405721398,full,full,full
req_000427,benign,3.5643578e-05,0.8775081230398183,full,full,full
req_000428,benign,4.9948692e-05,0.8081500324531212,full,full,full
req_000429,benign,0.000102996826,0.034989119164322846,full,full,full
req_000430,benign,0.0008073449,0.01967399953977203,full,full,full
req_000431,benign,0.0002387166,0.00992746830703476,full,full,full
req_000432,benign,1.8119812e-05,0.9120661691360126,full,full,full
req_000433,benign,0.00035488605,0.9516485087039661,full,full,full
req_000434,benign,7.05719e-05,0.8143996293065644,full,full,full
req_000435,benign,0.00031757355,0.0064720662918150325,full,full,full
req_000436,benign,0.00015366077,0.05908038692910764,full,full,full
req_000437,benign,6.067753e-05,0.8610057722988314,full,full,full
req_000438,benign,1.859665e-05,0.8277174939336919,full,full,full
req_000439,benign,1.2993813e-05,0.8592543616898818,full,full,full
req_000440,benign,0.00022739172,0.030584586079232937,full,full,full
req_000441,benign,3.2305717e-05,0.014309464624953874,full,full,full
req_000442,benign,1.8239021e-05,0.8214145714734863,full,full,full
req_000443,benign,3.182888e-05,0.045422003399594076,full,full,full
req_000444,exhaustion,0.9995613,0.023457677867887706,full,full,quarantine
req_000445,benign,1.5258789e-05,0.8332615391073309,full,full,full
req_000446,benign,9.870529e-05,0.045395647349182666,full,full,full
req_000447,benign,0.00017154217,0.04308586792622398,full,full,full
req_000448,benign,5.1617622e-05,0.015581848298640582,full,full,full
req_000449,injection,0.9991579,0.02039723583664803,full,quarantine,quarantine
req_000450,injection,0.9995207,0.023810151501504572,full,quarantine,quarantine
req_000451,benign,2.849102e-05,0.8053843417605723,full,full,full
req_000452,benign,1.6450882e-05,0.7865377122241457,full,full,full
req_000453,injection,0.9995041,0.043382334359374754,full,quarantine,quarantine
req_000454,exhaustion,0.9964632,0.013397062169299073,full,full,quarantine
req_000455,benign,1.0967255e-05,0.0364727271974121,full,full,full
req_000456,benign,1.6093254e-05,0.859167119302946,full,full,full
req_000457,benign,0.00027769804,0.0,full,full,full
req_000458,benign,0.001376152,0.030291564778922,full,full,full
req_000459,benign,2.9206276e-05,0.8008473493905699,full,full,full
req_000460,benign,1.180172e-05,0.037892107501485625,full,full,full
req_000461,benign,2.69413e-05,0.03545561859034445,full,full,full
req_000462,benign,3.0875206e-05,0.7809789622589794,full,full,full
req_000463,benign,1.180172e-05,0.0,full,full,full
req_000464,benign,5.5909157e-05,0.026089266006792462,full,full,full
req_000465,benign,1.7523766e-05,0.045703887932134264,full,full,full
req_000466,benign,2.360344e-05,0.8733216889511465,full,full,full
req_000467,benign,2.5749207e-05,0.020318277087588155,full,full,full
req_000468,benign,1.9311905e-05,0.8493235345383443,full,full,full
req_000469,exhaustion,0.998541,0.836252503578265,full,full,quarantine
req_000470,benign,2.5629997e-05,0.8209843029532922,full,full,full
req_000471,benign,2.002716e-05,0.882762938743694,full,full,full
req_000472,benign,2.026558e-05,0.8910240325876136,full,full,full
req_000473,benign,4.3272972e-05,0.03743999839140838,full,full,full
req_000474,benign,3.5881996e-05,0.923252522018135,full,full,full
req_000475,benign,1.9311905e-05,0.902272473917314,full,full,full
req_000476,benign,6.699562e-05,0.016147444083479935,full,full,full
req_000477,benign,0.00022000074,0.05543487536082827,full,full,full
req_000478,benign,2.026558e-05,0.9435686794380478,full,full,full
req_000479,benign,1.7762184e-05,0.056818564675764585,full,full,full
req_000480,benign,1.9907951e-05,0.7412889649395812,full,full,full
req_000481,benign,4.708767e-05,0.06385416925163612,full,full,full
req_000482,benign,0.00046503544,0.8250838070378416,full,full,full
req_000483,injection,0.99943197,0.0,full,quarantine,quarantine
req_000484,exhaustion,0.8691726,0.04118835867103961,full,full,quarantine
req_000485,benign,3.0755997e-05,0.025410805852181216,full,full,full
req_000486,injection,0.9990747,0.04172626224985872,full,quarantine,quarantine
req_000487,benign,7.009506e-05,0.07652528379455048,full,full,full
req_000488,benign,1.1205673e-05,0.03479704111738399,full,full,full
req_000489,benign,2.7656555e-05,0.04384885186465468,full,full,full
req_000490,benign,0.0005682111,0.8343914170494379,full,full,full
req_000491,benign,1.680851e-05,0.8590163601664226,full,full,full
req_000492,benign,3.0040741e-05,0.8474034733085429,full,full,full
req_000493,benign,0.006929815,0.7908138154568991,full,full,full
req_000494,benign,6.41346e-05,0.05351815749370646,full,full,full
req_000495,benign,4.6610832e-05,0.0510461292350953,full,full,full
req_000496,benign,9.953976e-05,0.005960937815372297,full,full,full
req_000497,benign,0.00018590689,0.8367929400450252,full,full,full
req_000498,benign,2.193451e-05,0.9031204045689427,full,full,full
req_000499,benign,4.1007996e-05,0.8320606600931508,full,full,full
req_000500,benign,0.0014516711,0.7891248186975838,full,full,full
req_000501,benign,2.5510788e-05,0.8327152344134261,full,full,full
req_000502,injection,0.9996332,0.03922496833937704,full,quarantine,quarantine
req_000503,benign,3.4689903e-05,0.8434429432164364,full,full,full
req_000504,exhaustion,0.9998696,0.06490102057665234,full,full,quarantine
req_000505,benign,1.3709068e-05,0.8755401559118121,full,full,full
req_000506,benign,7.7843666e-05,0.06306253655542716,full,full,full
req_000507,benign,0.00017035007,0.8812221265067821,full,full,full
req_000508,benign,8.893013e-05,0.06045452681813264,full,full,full
req_000509,benign,0.00025624037,0.9019504713319311,full,full,full
req_000510,benign,7.9870224e-05,0.039324533262798306,full,full,full
req_000511,benign,1.8119812e-05,0.86254505557553,full,full,full
req_000512,benign,1.680851e-05,0.8000749788146635,full,full,full
req_000513,benign,0.00018340349,0.8552366909730044,full,full,full
req_000514,benign,6.67572e-05,0.8339755318955915,full,full,full
req_000515,benign,3.516674e-05,0.8688320948485062,full,full,full
req_000516,benign,1.9788742e-05,0.009808022044064217,full,full,full
req_000517,exhaustion,0.99946743,0.01823433898528761,full,full,quarantine
req_000518,benign,3.4570694e-05,0.061077380091944175,full,full,full
req_000519,benign,5.221367e-05,0.026728516837874753,full,full,full
req_000520,benign,6.9499016e-05,0.048998061023102266,full,full,full
req_000521,benign,3.4093857e-05,0.005468905463932229,full,full,full
req_000522,benign,9.894371e-06,0.04064270120083851,full,full,full
req_000523,benign,0.0049448013,0.8472792031458597,full,full,full
req_000524,benign,8.523464e-05,0.8379264484053724,full,full,full
req_000525,injection,0.9995055,0.06038545327367094,full,quarantine,quarantine
req_000526,benign,0.00012409687,0.007677387117026372,full,full,full
req_000527,benign,9.62019e-05,0.8234363990621111,full,full,full
req_000528,exhaustion,0.9967792,0.02087827103185093,full,full,quarantine
req_000529,benign,2.348423e-05,0.8856424604494644,full,full,full
req_000530,benign,3.9100647e-05,0.019626872276651157,full,full,full
req_000531,benign,1.5735626e-05,0.03560412587026458,full,full,full
req_000532,benign,3.838539e-05,0.8079259984561649,full,full,full
req_000533,benign,2.9087067e-05,0.0465006120459929,full,full,full
req_000534,benign,3.71933e-05,0.044031053772227616,full,full,full
req_000535,benign,0.00012683868,0.86547969564238,full,full,full
req_000536,benign,2.7775764e-05,0.8273231644635372,full,full,full
req_000537,benign,4.720688e-05,0.8048918615653631,full,full,full
req_000538,benign,1.4901161e-05,0.013717677889271768,full,full,full
req_000539,benign,3.0636787e-05,0.052247059500573435,full,full,full
req_000540,benign,5.38826e-05,0.8399937069219711,full,full,full
req_000541,benign,1.3947487e-05,0.04737368723354408,full,full,full
req_000542,benign,0.000113129616,0.017191766518628443,full,full,full
req_000543,benign,2.0623207e-05,0.8430485019898937,full,full,full
req_000544,benign,1.5616417e-05,0.0645777126764262,full,full,full
req_000545,benign,0.91733414,0.022998238702217164,full,full,quarantine
req_000546,benign,1.6093254e-05,0.9191076284469153,full,full,full
req_000547,benign,3.20673e-05,0.0,full,full,full
req_000548,benign,3.7431717e-05,0.0378377197099839,full,full,full
req_000549,benign,0.00018197298,0.03886086800473584,full,full,full
req_000550,exhaustion,0.9936809,0.04589883906814612,full,full,quarantine
req_000551,benign,2.0980835e-05,0.03651126355377812,full,full,full
req_000552,benign,2.7656555e-05,0.8757233297894886,full,full,full
req_000553,benign,1.21593475e-05,0.8449275055462682,full,full,full
req_000554,benign,1.4543533e-05,0.8143346736788042,full,full,full
req_000555,benign,7.236004e-05,0.8606388191764648,full,full,full
req_000556,benign,2.1338463e-05,0.0474191262646072,full,full,full
req_000557,injection,0.99908257,0.05386969750798955,full,quarantine,quarantine
req_000558,benign,0.0006278157,0.02511821074403992,full,full,full
req_000559,benign,1.7642975e-05,0.013765954172036268,full,full,full
req_000560,benign,1.9073486e-05,0.7303439939842693,full,full,full
req_000561,benign,3.9815903e-05,0.013309929777536516,full,full,full
req_000562,benign,1.7046928e-05,0.03866542528984889,full,full,full
req_000563,exhaustion,0.13668305,0.03268003819621634,full,full,full
req_000564,benign,6.055832e-05,0.865154600378191,full,full,full
req_000565,benign,2.6464462e-05,0.7674219646146166,full,full,full
req_000566,benign,2.0861626e-05,0.8398134709036975,full,full,full
req_000567,benign,1.8119812e-05,0.9047067606087703,full,full,full
req_000568,benign,3.6358833e-05,0.8714618543301952,full,full,full
req_000569,benign,0.00060367584,0.050610560088462486,full,full,full
req_000570,benign,3.6120415e-05,0.8150179687076311,full,full,full
req_000571,benign,4.196167e-05,0.057413487717057926,full,full,full
req_000572,benign,2.5987625e-05,0.8412979326952592,full,full,full
req_000573,benign,1.680851e-05,0.026042938486124476,full,full,full
req_000574,benign,8.4519386e-05,0.8765887962446317,full,full,full
req_000575,benign,1.9669533e-05,0.9340091407884327,full,full,full
req_000576,benign,5.352497e-05,0.8612153159836972,full,full,full
req_000577,benign,3.2663345e-05,0.040767643425055594,full,full,full
req_000578,benign,4.4465065e-05,0.762674481586224,full,full,full
req_000579,benign,0.00013506413,0.04608705786349733,full,full,full
req_000580,benign,0.00017851591,0.8965316380135465,full,full,full
req_000581,benign,6.92606e-05,0.04851499127720742,full,full,full
req_000582,benign,1.859665e-05,0.7384363779471634,full,full,full
req_000583,benign,1.4066696e-05,0.8238874788421671,full,full,full
req_000584,benign,7.331371e-05,0.8558531166018937,full,full,full
req_000585,benign,2.2530556e-05,0.956997818567416,full,full,full
req_000586,benign,3.33786e-05,0.8816008508010024,full,full,full
req_000587,benign,0.00052291155,0.021262131435592586,full,full,full
req_000588,benign,3.1113625e-05,0.02627195831209089,full,full,full
req_000589,benign,2.5868416e-05,0.9188420689114254,full,full,full
req_000590,injection,0.99919474,0.7952168907329366,full,quarantine,quarantine
req_000591,exhaustion,0.9997342,0.039159268731998625,full,full,quarantine
req_000592,benign,1.4066696e-05,0.01535695972182598,full,full,full
req_000593,benign,0.0004938841,0.8376416585557179,full,full,full
req_000594,benign,1.6450882e-05,0.02247548595442867,full,full,full
req_000595,benign,2.682209e-05,0.856930649521421,full,full,full
req_000596,benign,2.4199486e-05,0.06449264246355532,full,full,full
req_000597,benign,7.426739e-05,0.0176359907348015,full,full,full
req_000598,injection,0.99972343,0.015484307127278411,full,quarantine,quarantine
req_000599,benign,3.4451485e-05,0.9575450941239314,full,full,full
req_000600,benign,1.4662743e-05,0.8251417968008192,full,full,full
req_000601,benign,1.41859055e-05,0.9792465263766272,full,full,full
req_000602,benign,5.1498413e-05,0.017196711289769715,full,full,full
req_000603,benign,1.0251999e-05,0.7916344684620704,full,full,full
req_000604,benign,1.2755394e-05,0.0,full,full,full
req_000605,benign,1.2755394e-05,0.8819730054249806,full,full,full
req_000606,benign,0.0008356571,0.03050640346542461,full,full,full
req_000607,benign,2.9683113e-05,0.8820000301921335,full,full,full
req_000608,benign,0.00010097027,0.019087250625280272,full,full,full
req_000609,injection,0.99956906,0.05188817567380357,full,quarantine,quarantine
req_000610,benign,1.2874603e-05,0.04065565782387137,full,full,full
req_000611,benign,1.7166138e-05,0.8483773698184243,full,full,full
req_000612,benign,0.00046730042,0.8721242754902632,full,full,full
req_000613,benign,0.0006761551,0.8423462587795187,full,full,full
req_000614,benign,3.0040741e-05,0.8209821924607343,full,full,full
req_000615,benign,1.2636185e-05,0.030617152900024744,full,full,full
req_000616,benign,5.733967e-05,0.8023306757220103,full,full,full
req_000617,benign,0.00059115887,0.8685215188184996,full,full,full
req_000618,benign,1.1444092e-05,0.7231821974089463,full,full,full
req_000619,benign,1.5377998e-05,0.9268384920898033,full,full,full
req_000620,benign,4.5895576e-05,0.0,full,full,full
req_000621,benign,0.000705719,0.049257342670845757,full,full,full
req_000622,exhaustion,0.9981721,0.03034211874930384,full,full,quarantine
req_000623,benign,0.00016701221,0.7891140237403709,full,full,full
req_000624,benign,1.4424324e-05,0.9653804482172585,full,full,full
req_000625,benign,0.00023216009,0.03628329985245539,full,full,full
req_000626,benign,1.2516975e-05,0.010437968411436033,full,full,full
req_000627,benign,5.018711e-05,0.8675925934936425,full,full,full
req_000628,benign,0.0006172657,0.05784312584086423,full,full,full
req_000629,benign,2.6464462e-05,0.8507839849952782,full,full,full
req_000630,benign,6.759167e-05,0.780583497054771,full,full,full
req_000631,exhaustion,0.98726326,0.050135633674092434,full,full,quarantine
req_000632,benign,1.5258789e-05,0.02939500910971905,full,full,full
req_000633,benign,0.00015115738,0.03950655531929258,full,full,full
req_000634,exhaustion,0.9997765,0.049015683936240326,full,full,quarantine
req_000635,benign,1.680851e-05,0.9291824350565415,full,full,full
req_000636,benign,1.7762184e-05,0.03125903302049495,full,full,full
req_000637,benign,0.00040489435,0.8283877486289403,full,full,full
req_000638,benign,1.6570091e-05,0.040785150745005924,full,full,full
req_000639,benign,0.00051933527,0.054463014720408834,full,full,full
req_000640,benign,5.376339e-05,0.8230857964245735,full,full,full
req_000641,benign,2.6583672e-05,0.8807733839242197,full,full,full
req_000642,benign,1.2993813e-05,0.7846713966369966,full,full,full
req_000643,exhaustion,0.026851058,0.02430469027460134,full,full,full
req_000644,benign,1.66893e-05,0.777316253131013,full,full,full
req_000645,benign,0.00010883808,0.08757100881637325,full,full,full
req_000646,benign,3.8027763e-05,0.059224389608960135,full,full,full
req_000647,benign,1.2278557e-05,0.7886734402721958,full,full,full
req_000648,benign,0.019470632,0.8217188694769141,full,full,full
req_000649,exhaustion,0.9954616,0.02973230807838648,full,full,quarantine
req_000650,benign,0.0009306073,0.8889109917462085,full,full,full
req_000651,benign,4.184246e-05,0.8979054723742768,full,full,full
req_000652,benign,2.1100044e-05,0.8445881960923413,full,full,full
req_000653,benign,0.0003977418,0.02577903982027019,full,full,full
req_000654,injection,0.9994472,0.7686478580313116,full,quarantine,quarantine
req_000655,benign,2.026558e-05,0.8891181146974795,full,full,full
req_000656,benign,1.6093254e-05,0.025943119641983682,full,full,full
req_000657,exhaustion,0.997499,0.023961577282511724,full,full,quarantine
req_000658,benign,6.389618e-05,0.9284501831766717,full,full,full
req_000659,benign,9.858608e-05,0.8272425128827021,full,full,full
req_000660,benign,9.393692e-05,0.830326937023273,full,full,full
req_000661,benign,5.722046e-05,0.9286857496093502,full,full,full
req_000662,benign,0.0007688999,0.03569954292806777,full,full,full
req_000663,benign,0.00047457218,0.04494805336373206,full,full,full
req_000664,benign,5.733967e-05,0.8693168863311364,full,full,full
req_000665,exhaustion,0.93982184,0.0349542107863461,full,full,quarantine
req_000666,benign,1.1920929e-05,0.0716473689243179,full,full,full
req_000667,benign,1.66893e-05,0.8058522954449204,full,full,full
req_000668,benign,1.347065e-05,0.8284597210874973,full,full,full
req_000669,injection,0.999398,0.030872806007508094,full,quarantine,quarantine
req_000670,benign,1.9311905e-05,0.7973388784072621,full,full,full
req_000671,injection,0.99953276,0.03165874904003757,full,quarantine,quarantine
req_000672,injection,0.9996127,0.016083044683489988,full,quarantine,quarantine
req_000673,benign,2.4676323e-05,0.8397331756329384,full,full,full
req_000674,benign,3.9815903e-05,0.011631181665957148,full,full,full
req_000675,injection,0.99953675,0.03301613557709339,full,quarantine,quarantine
req_000676,benign,2.336502e-05,0.7505130619937498,full,full,full
req_000677,benign,0.014875412,0.8575911313187264,full,full,full
req_000678,benign,1.4424324e-05,0.027661356338285217,full,full,full
req_000679,benign,0.00022870302,0.7916063105504653,full,full,full
req_000680,benign,1.9192696e-05,0.8104100343959402,full,full,full
req_000681,benign,0.00011253357,1.9003277543869906e-05,full,full,full
req_000682,benign,1.4901161e-05,0.9015384580756747,full,full,full
req_000683,benign,1.8239021e-05,0.904628130795794,full,full,full
req_000684,exhaustion,0.99982035,0.0527757559281077,full,full,quarantine
req_000685,benign,7.426739e-05,0.8573075256872789,full,full,full
req_000686,benign,2.0623207e-05,0.8243007002980726,full,full,full
req_000687,benign,1.2755394e-05,0.015194325716566018,full,full,full
req_000688,benign,1.2874603e-05,0.839963494838536,full,full,full
req_000689,benign,9.787083e-05,0.0017858288206590647,full,full,full
req_000690,benign,2.0384789e-05,0.8493738299323342,full,full,full
req_000691,benign,2.2530556e-05,0.8458889312953827,full,full,full
req_000692,benign,2.360344e-05,0.8946365064435221,full,full,full
req_000693,benign,4.7802925e-05,0.018326822097548087,full,full,full
req_000694,benign,6.1154366e-05,0.007155746503893917,full,full,full
req_000695,benign,2.527237e-05,0.032660699736588944,full,full,full
req_000696,exhaustion,0.9996009,0.0017825670022708802,full,full,quarantine
req_000697,benign,7.3194504e-05,0.03365772126000913,full,full,full
req_000698,benign,1.9431114e-05,0.0075194903804062935,full,full,full
req_000699,injection,0.9995409,0.060679836535584133,full,quarantine,quarantine
req_000700,benign,6.4492226e-05,0.8513524192673838,full,full,full
req_000701,benign,0.00024586916,0.7007316429796628,full,full,full
req_000702,benign,1.3589859e-05,0.8244315992322601,full,full,full
req_000703,benign,7.9512596e-05,0.030099584493271877,full,full,full
req_000704,injection,0.9992845,0.011096365900233069,full,quarantine,quarantine
req_000705,benign,1.41859055e-05,0.041267625382909824,full,full,full
req_000706,benign,3.0755997e-05,0.8821537398548056,full,full,full
req_000707,benign,2.7894974e-05,0.03410109973455415,full,full,full
req_000708,benign,3.385544e-05,0.9226050345163371,full,full,full
req_000709,benign,1.3709068e-05,0.04516901107854821,full,full,full
req_000710,benign,1.8954277e-05,0.0,full,full,full
req_000711,benign,1.0967255e-05,0.902559075353404,full,full,full
req_000712,benign,4.8995018e-05,0.0162379966702823,full,full,full
req_000713,benign,0.00017696619,0.8452124153710641,full,full,full
req_000714,benign,6.401539e-05,0.9225608971182206,full,full,full
req_000715,benign,0.00029367208,0.8899284860912332,full,full,full
req_000716,benign,1.2040138e-05,0.0023248794452628355,full,full,full
req_000717,benign,2.4557114e-05,0.017807745557450252,full,full,full
req_000718,benign,2.0503998e-05,0.03547096297439106,full,full,full
req_000719,benign,5.0902367e-05,0.02602877865366518,full,full,full
req_000720,exhaustion,0.99526095,0.007065405892774046,full,full,quarantine
req_000721,benign,0.0001847148,0.7612271554045084,full,full,full
req_000722,benign,2.69413e-05,0.7864971039402754,full,full,full
req_000723,benign,5.00679e-05,0.8377398431991896,full,full,full
req_000724,benign,1.7881393e-05,0.8012780460429143,full,full,full
req_000725,benign,1.3232231e-05,0.848903794561057,full,full,full
req_000726,benign,1.4066696e-05,0.851169220740169,full,full,full
req_000727,benign,0.00019544363,0.8680684583093055,full,full,full
req_000728,benign,3.671646e-05,0.036414317134504,full,full,full
req_000729,benign,0.00013673306,0.029672111406289708,full,full,full
req_000730,benign,0.0001231432,0.8900602377682618,full,full,full
req_000731,injection,0.9996275,0.8585914920854049,full,quarantine,quarantine
req_000732,benign,0.013071597,0.0232985580257218,full,full,full
req_000733,benign,5.185604e-05,0.04535741694508185,full,full,full
req_000734,benign,2.849102e-05,0.8619156088309812,full,full,full
req_000735,benign,1.41859055e-05,0.8723290581876031,full,full,full
req_000736,benign,4.5895576e-05,0.0176635963789364,full,full,full
req_000737,benign,1.335144e-05,0.010766657097673712,full,full,full
req_000738,benign,2.18153e-05,0.030417746691440664,full,full,full
req_000739,benign,0.0013242364,0.06735190990079423,full,full,full
req_000740,benign,6.854534e-05,0.022491563803709348,full,full,full
req_000741,injection,0.9996731,0.07658599431654475,full,quarantine,quarantine
req_000742,injection,0.99931604,0.03515494638982299,full,quarantine,quarantine
req_000743,benign,5.9604645e-05,0.8655046558830239,full,full,full
req_000744,benign,0.00018674135,0.04251445283575937,full,full,full
req_000745,injection,0.99907935,0.022542960924738283,full,quarantine,quarantine
req_000746,benign,2.1100044e-05,0.7596585820592261,full,full,full
req_000747,benign,1.347065e-05,0.8134889252939963,full,full,full
req_000748,benign,1.2636185e-05,0.8849618885975421,full,full,full
req_000749,benign,2.5749207e-05,0.8172456016191179,full,full,full
req_000750,benign,8.881092e-05,0.031291821407598175,full,full,full
req_000751,benign,3.4809113e-05,0.8581304180009881,full,full,full
req_000752,benign,7.70092e-05,0.04427017957249826,full,full,full
req_000753,benign,0.00017338991,0.008520361566814579,full,full,full
req_000754,benign,0.00052267313,0.8624460844661237,full,full,full
req_000755,exhaustion,0.9999009,0.03904702584157053,full,full,quarantine
req_000756,benign,1.6331673e-05,0.8616497785734901,full,full,full
req_000757,benign,2.8133392e-05,0.8491323116832414,full,full,full
req_000758,benign,1.0967255e-05,0.0008794297620939445,full,full,full
req_000759,benign,3.373623e-05,0.8637805543895928,full,full,full
req_000760,benign,3.6597252e-05,0.027346060112084035,full,full,full
req_000761,benign,0.00020295382,0.029022262924565095,full,full,full
req_000762,benign,6.1392784e-05,0.014719470748278514,full,full,full
req_000763,benign,2.9802322e-05,0.03544275622174644,full,full,full
req_000764,benign,1.5974045e-05,0.890511781163394,full,full,full
req_000765,benign,0.0002246499,0.06039345511393835,full,full,full
req_000766,benign,3.0398369e-05,0.022830253458030775,full,full,full
req_000767,benign,3.4332275e-05,0.01861018784021915,full,full,full
req_000768,benign,1.5735626e-05,0.04225788597343281,full,full,full
req_000769,benign,0.00026625395,0.8800685785562721,full,full,full
req_000770,benign,3.3140182e-05,0.7750730491219189,full,full,full
req_000771,benign,4.4584274e-05,0.9127910644839128,full,full,full
req_000772,benign,3.8981438e-05,0.8702180628296065,full,full,full
req_000773,benign,1.4424324e-05,0.03835470629197772,full,full,full
req_000774,benign,0.00030720234,0.922449681922569,full,full,full
req_000775,benign,3.9935112e-05,0.06441124596234013,full,full,full
req_000776,benign,0.00023156404,0.022897799383165558,full,full,full
req_000777,benign,0.0016369224,0.7851537782118075,full,full,full
req_000778,benign,2.026558e-05,0.8772145393591992,full,full,full
req_000779,injection,0.99887544,0.0276990442337774,full,quarantine,quarantine
req_000780,benign,1.3232231e-05,0.9061473424332861,full,full,full
req_000781,benign,1.4901161e-05,0.03770226242747268,full,full,full
req_000782,exhaustion,0.99910665,0.020699712751248194,full,full,quarantine
req_000783,benign,2.682209e-05,0.931243022198545,full,full,full
req_000784,injection,0.99952567,0.029941143245121093,full,quarantine,quarantine
req_000785,benign,6.6280365e-05,0.8310412037271526,full,full,full
req_000786,benign,6.651878e-05,0.7746578028279743,full,full,full
req_000787,benign,1.5974045e-05,0.8044195386054814,full,full,full
req_000788,benign,4.684925e-05,0.04714389798765542,full,full,full
req_000789,benign,2.4080276e-05,0.0,full,full,full
req_000790,benign,0.0020528436,0.8776854915332876,full,full,full
req_000791,benign,0.00073212385,0.8124018457350543,full,full,full
req_000792,benign,3.2901764e-05,0.7672131165151258,full,full,full
req_000793,benign,1.3589859e-05,0.8287157362077624,full,full,full
req_000794,injection,0.99952126,0.026625120489899318,full,quarantine,quarantine
req_000795,benign,1.7404556e-05,0.006633268634538857,full,full,full
req_000796,benign,6.484985e-05,0.7870608145638569,full,full,full
req_000797,benign,6.246567e-05,0.8730825472425062,full,full,full
req_000798,benign,0.0002335906,0.8903382343575579,full,full,full
req_000799,benign,3.7431717e-05,0.05388031090510556,full,full,full
req_000800,benign,0.0011446476,0.8990671963205354,full,full,full
req_000801,benign,1.4066696e-05,0.0,full,full,full
req_000802,benign,0.0013850927,0.8082618614782009,full,full,full
req_000803,benign,1.4424324e-05,0.040073256963506707,full,full,full
req_000804,benign,4.7326088e-05,0.8534826831615572,full,full,full
req_000805,benign,1.5974045e-05,0.022796387799583782,full,full,full
req_000806,benign,2.4557114e-05,0.7520623101684045,full,full,full
req_000807,benign,1.0728836e-05,0.8786353337406358,full,full,full
req_000808,benign,6.937981e-05,0.8400102398029311,full,full,full
req_000809,benign,1.4781952e-05,0.04099405242988931,full,full,full
req_000810,benign,2.1338463e-05,0.018817936435847213,full,full,full
req_000811,benign,0.000101566315,0.006848042001931332,full,full,full
req_000812,exhaustion,0.80204976,0.03659831491612722,full,full,quarantine
req_000813,exhaustion,0.99864197,0.049556866905505106,full,full,quarantine
req_000814,benign,2.014637e-05,0.03332522031989462,full,full,full
req_000815,benign,1.2636185e-05,0.9471050948087283,full,full,full
req_000816,benign,5.853176e-05,0.02459641040204821,full,full,full
req_000817,benign,1.4662743e-05,0.8177130871129783,full,full,full
req_000818,benign,0.020629048,0.042570000775637766,full,full,full
req_000819,exhaustion,0.7660569,0.0,full,full,quarantine
req_000820,benign,9.453297e-05,0.8274228234888957,full,full,full
req_000821,exhaustion,0.97796375,0.033895983392988924,full,full,quarantine
req_000822,benign,0.00013136864,0.0,full,full,full
req_000823,benign,5.38826e-05,0.01725217664290854,full,full,full
req_000824,benign,0.00018519163,0.8419437418654746,full,full,full
req_000825,injection,0.99890155,0.023235336094478233,full,quarantine,quarantine
req_000826,benign,0.00016605854,0.021391794078564244,full,full,full
req_000827,exhaustion,0.99981093,0.04168589859245651,full,full,quarantine
req_000828,benign,3.9339066e-05,0.9262559220796702,full,full,full
req_000829,benign,1.5974045e-05,0.8420867618012727,full,full,full
req_000830,benign,2.1100044e-05,0.8436735067980293,full,full,full
req_000831,benign,3.1471252e-05,0.8313508535437357,full,full,full
req_000832,benign,0.000101566315,0.8657427056967553,full,full,full
req_000833,benign,0.00010430813,0.8794298059103278,full,full,full
req_000834,benign,3.0994415e-05,0.019171063480394664,full,full,full
req_000835,benign,2.7537346e-05,0.04027265243877312,full,full,full
req_000836,benign,2.0384789e-05,0.03320078095353384,full,full,full
req_000837,benign,6.246567e-05,0.8082603150004735,full,full,full
req_000838,benign,1.3232231e-05,0.8318412863300978,full,full,full
req_000839,benign,2.527237e-05,0.0110089751611223,full,full,full
req_000840,exhaustion,0.99839413,0.03393133249790357,full,full,quarantine
req_000841,benign,7.3075294e-05,0.017120631328054126,full,full,full
req_000842,benign,1.1563301e-05,0.9359258158037569,full,full,full
req_000843,benign,2.169609e-05,0.8904010395548245,full,full,full
req_000844,benign,6.747246e-05,0.014852124853901826,full,full,full
req_000845,benign,2.026558e-05,0.9772114499536604,full,full,full
req_000846,benign,3.2186508e-05,0.04535239326423818,full,full,full
req_000847,benign,0.0007067919,0.04391244123950201,full,full,full
req_000848,benign,3.7670135e-05,0.03736562718500858,full,full,full
req_000849,benign,0.00014829636,0.06854714506917381,full,full,full
req_000850,benign,1.2516975e-05,0.00023510153917098708,full,full,full
req_000851,benign,0.0081532,0.8334276855756384,full,full,full
req_000852,benign,1.4424324e-05,0.903419637552713,full,full,full
req_000853,benign,0.003090918,0.0566689046098134,full,full,full
req_000854,benign,2.682209e-05,0.859720320522815,full,full,full
req_000855,exhaustion,0.9998656,0.05949191992583924,full,full,quarantine
req_000856,benign,1.5974045e-05,0.8355004391494076,full,full,full
req_000857,exhaustion,0.9998463,0.0765227935610926,full,full,quarantine
req_000858,benign,0.00010967255,0.027472992491542086,full,full,full
req_000859,exhaustion,0.99953276,0.0012806381978767642,full,full,quarantine
req_000860,benign,3.4213066e-05,0.0,full,full,full
req_000861,benign,0.00069594383,0.007984477376479594,full,full,full
req_000862,benign,7.236004e-05,0.8305711953386347,full,full,full
req_000863,benign,2.1457672e-05,0.03679312013214068,full,full,full
req_000864,benign,0.0035889745,0.8670634996396347,full,full,full
req_000865,benign,1.6570091e-05,0.861423272285399,full,full,full
req_000866,injection,0.99951434,0.0,full,quarantine,quarantine
req_000867,benign,2.9563904e-05,0.8245873199257563,full,full,full
req_000868,benign,3.2305717e-05,0.038985000041053666,full,full,full
req_000869,benign,1.347065e-05,0.8270886649281742,full,full,full
req_000870,benign,1.6450882e-05,0.03338907506406117,full,full,full
req_000871,benign,6.556511e-05,0.014209536389101166,full,full,full
req_000872,benign,0.010781348,0.7495829105892043,full,full,full
req_000873,exhaustion,0.9989915,0.04563310285279934,full,full,quarantine
req_000874,benign,4.5895576e-05,0.7623558169034437,full,full,full
req_000875,benign,1.847744e-05,0.8142665367146878,full,full,full
req_000876,benign,5.9127808e-05,0.006557573502804601,full,full,full
req_000877,exhaustion,0.9987346,0.03324028110291007,full,full,quarantine
req_000878,benign,2.5510788e-05,0.04124733486015505,full,full,full
req_000879,benign,1.5258789e-05,0.7956286175680991,full,full,full
req_000880,benign,0.0009149313,0.8281998033188467,full,full,full
req_000881,exhaustion,0.99922186,0.022812922067946155,full,full,quarantine
req_000882,benign,0.0008363724,0.038235983863976725,full,full,full
req_000883,benign,9.441376e-05,0.8264210095709316,full,full,full
req_000884,benign,3.1113625e-05,0.822830981814445,full,full,full
req_000885,benign,6.496906e-05,0.8459887616678003,full,full,full
req_000886,benign,2.002716e-05,0.03873499106216978,full,full,full
req_000887,benign,1.9073486e-05,0.8486038895953569,full,full,full
req_000888,benign,1.3232231e-05,0.02281321112083698,full,full,full
req_000889,benign,2.3722649e-05,0.825728253047112,full,full,full
req_000890,benign,2.4080276e-05,0.07054762826508147,full,full,full
req_000891,benign,9.191036e-05,0.7670367700407958,full,full,full
req_000892,benign,2.1576881e-05,0.05190577025517372,full,full,full
req_000893,benign,1.7285347e-05,0.8407980557968096,full,full,full
req_000894,benign,5.4359436e-05,0.7427691157968908,full,full,full
req_000895,benign,1.7523766e-05,0.0442216489816112,full,full,full
req_000896,benign,1.66893e-05,0.8173001129503071,full,full,full
req_000897,benign,2.5510788e-05,0.019599320235339807,full,full,full
req_000898,benign,1.7046928e-05,0.810687636823335,full,full,full
req_000899,benign,2.18153e-05,0.0697837602161635,full,full,full
req_000900,benign,2.2530556e-05,0.011454667931030369,full,full,full
req_000901,benign,1.9311905e-05,0.8513592804913758,full,full,full
req_000902,benign,0.00011253357,0.03305470061485497,full,full,full
req_000903,benign,6.377697e-05,0.956698824044394,full,full,full
req_000904,benign,1.6093254e-05,0.775429794293069,full,full,full
req_000905,benign,4.6491623e-05,0.8847900353588735,full,full,full
req_000906,benign,2.0742416e-05,0.0,full,full,full
req_000907,benign,0.00015091896,0.7725126928039606,full,full,full
req_000908,benign,5.8293343e-05,0.8158483612161233,full,full,full
req_000909,benign,1.9788742e-05,0.894055547432371,full,full,full
req_000910,benign,0.00015056133,0.06676106559602846,full,full,full
req_000911,benign,6.365776e-05,0.8203977056259432,full,full,full
req_000912,benign,1.4901161e-05,0.03464343288439214,full,full,full
req_000913,benign,1.41859055e-05,0.017255700551173557,full,full,full
req_000914,benign,5.8412552e-05,0.8424647228667237,full,full,full
req_000915,benign,0.00093764067,0.9382356441823142,full,full,full
req_000916,benign,1.5497208e-05,0.8722293615223028,full,full,full
req_000917,benign,3.528595e-05,0.011909703254575812,full,full,full
req_000918,benign,3.7312508e-05,0.7940443322610637,full,full,full
req_000919,injection,0.9990001,0.033683331407510134,full,quarantine,quarantine
req_000920,benign,6.92606e-05,0.02275307084753625,full,full,full
req_000921,benign,2.6106834e-05,0.8970742105223767,full,full,full
req_000922,injection,0.9996184,0.05831858224716979,full,quarantine,quarantine
req_000923,benign,0.00013101101,0.8559881972211639,full,full,full
req_000924,benign,4.887581e-05,0.7914059097112921,full,full,full
req_000925,benign,5.1379204e-05,0.8971322530014967,full,full,full
req_000926,benign,4.184246e-05,0.029571766540837405,full,full,full
req_000927,benign,1.5616417e-05,0.02550707502874875,full,full,full
req_000928,benign,0.00071024895,0.7879781981990074,full,full,full
req_000929,benign,1.3947487e-05,0.004050487164206657,full,full,full
req_000930,benign,3.4689903e-05,0.8671501426214809,full,full,full
req_000931,benign,0.0014057755,0.0443308855541483,full,full,full
req_000932,benign,2.5510788e-05,0.7880785261255376,full,full,full
req_000933,benign,9.75132e-05,0.02467123011431317,full,full,full
req_000934,exhaustion,0.9814008,0.04037517834732804,full,full,quarantine
req_000935,benign,1.8239021e-05,0.8470805186430342,full,full,full
req_000936,benign,1.5616417e-05,0.03252189081962551,full,full,full
req_000937,benign,1.8119812e-05,0.9013538504913631,full,full,full
req_000938,benign,1.9550323e-05,0.03635254012980886,full,full,full
req_000939,exhaustion,0.99956256,0.0153335739473082,full,full,quarantine
req_000940,benign,0.0014685392,0.9106034193761362,full,full,full
req_000941,benign,1.180172e-05,0.8856807011952823,full,full,full
req_000942,benign,1.4305115e-05,0.006517634393486932,full,full,full
req_000943,exhaustion,0.99923956,0.04991808456439045,full,full,quarantine
req_000944,benign,2.9087067e-05,0.7661307000827282,full,full,full
req_000945,benign,0.0002591014,0.05560409538630215,full,full,full
req_000946,benign,9.024143e-05,0.7938496659885513,full,full,full
req_000947,benign,0.0006918907,0.025134732452879734,full,full,full
req_000948,benign,1.2516975e-05,0.8307229078174875,full,full,full
req_000949,benign,2.8371811e-05,0.8723622764853202,full,full,full
req_000950,benign,0.032726347,0.001840789919088516,full,full,full
req_000951,benign,1.9907951e-05,0.02124878206777938,full,full,full
req_000952,benign,4.4107437e-05,0.9123096880796158,full,full,full
req_000953,benign,1.5616417e-05,0.8508847164160495,full,full,full
req_000954,benign,0.00088590384,0.874227049787431,full,full,full
req_000955,benign,5.209446e-05,0.8684663116074304,full,full,full
req_000956,benign,6.556511e-05,0.8091646176947388,full,full,full
req_000957,benign,0.6043732,0.828031345566421,full,full,sandbox
req_000958,benign,5.340576e-05,0.8490987156247852,full,full,full
req_000959,benign,2.0980835e-05,0.8707020682495664,full,full,full
req_000960,benign,1.5735626e-05,0.9490410249118973,full,full,full
req_000961,benign,1.4305115e-05,0.05885027730387547,full,full,full
req_000962,benign,1.347065e-05,0.05588103699654761,full,full,full
req_000963,benign,1.7762184e-05,0.041358950564917826,full,full,full
req_000964,benign,2.8371811e-05,0.021476977121820888,full,full,full
req_000965,benign,9.1433525e-05,0.7298280682310582,full,full,full
req_000966,benign,0.31308293,0.03514497586072468,full,full,full
req_000967,benign,3.385544e-05,0.05090711115482047,full,full,full
req_000968,benign,0.00012028217,0.7482021085086378,full,full,full
req_000969,benign,8.332729e-05,0.8471901362262795,full,full,full
req_000970,benign,5.197525e-05,0.05169696805463021,full,full,full
req_000971,benign,7.367134e-05,0.026175611029001702,full,full,full
req_000972,benign,3.0994415e-05,0.8722898731824902,full,full,full
req_000973,exhaustion,0.32354718,0.06253131517875413,full,full,full
req_000974,benign,2.2053719e-05,0.808230243150688,full,full,full
req_000975,injection,0.9994788,0.05294258178043926,full,quarantine,quarantine
req_000976,benign,1.4305115e-05,0.8050209433812995,full,full,full
req_000977,benign,7.2836876e-05,0.02647289898153885,full,full,full
req_000978,injection,0.999411,0.02901173655764468,full,quarantine,quarantine
req_000979,benign,1.41859055e-05,0.047143177242969944,full,full,full
req_000980,benign,4.4107437e-05,0.03452581119512272,full,full,full
req_000981,injection,0.9993455,0.00982838237256748,full,quarantine,quarantine
req_000982,benign,0.000300169,0.0,full,full,full
req_000983,benign,5.1379204e-05,0.8299941911153537,full,full,full
req_000984,benign,7.843971e-05,0.7823817334260199,full,full,full
req_000985,benign,1.2516975e-05,0.9575349062178544,full,full,full
req_000986,benign,4.5776367e-05,0.053644021109911226,full,full,full
req_000987,benign,2.0503998e-05,0.010951196751423087,full,full,full
req_000988,benign,1.2397766e-05,0.8291802169606272,full,full,full
req_000989,benign,7.6532364e-05,0.7623376403882609,full,full,full
req_000990,benign,1.6331673e-05,0.9151055368203755,full,full,full
req_000991,benign,1.680851e-05,0.7391987814948688,full,full,full
req_000992,benign,9.381771e-05,0.032092912695084255,full,full,full
req_000993,benign,0.00017982721,0.8211689377388908,full,full,full
req_000994,exhaustion,0.99982864,0.058886317356169116,full,full,quarantine
req_000995,benign,1.7642975e-05,0.00322035121012694,full,full,full
req_000996,benign,2.014637e-05,0.008330875258867814,full,full,full
req_000997,benign,0.00016641617,0.7418222026638254,full,full,full
req_000998,benign,6.16312e-05,0.00535421559298041,full,full,full
req_000999,benign,1.4781952e-05,0.0,full,full,full
req_001000,benign,5.376339e-05,0.8823998210630113,full,full,full
req_001001,benign,4.5895576e-05,0.05503134602968698,full,full,full
req_001002,benign,0.00039607286,0.7905602287148026,full,full,full
req_001003,benign,5.00679e-05,0.04179328229589738,full,full,full
req_001004,benign,4.2915344e-05,0.014979898312745134,full,full,full
req_001005,benign,2.1338463e-05,0.04503758467995373,full,full,full
req_001006,benign,4.053116e-05,0.895954617943962,full,full,full
req_001007,benign,3.4332275e-05,0.8888882488971266,full,full,full
req_001008,benign,0.0003591776,0.0,full,full,full
req_001009,benign,1.847744e-05,0.03724494209779053,full,full,full
req_001010,benign,1.9311905e-05,0.007579323659888195,full,full,full
req_001011,benign,1.7642975e-05,0.9578264085851176,full,full,full
req_001012,benign,1.4781952e-05,0.022772051283241418,full,full,full
req_001013,benign,1.5497208e-05,0.03242276574987301,full,full,full
req_001014,exhaustion,0.54434264,0.0,full,full,sandbox
req_001015,injection,0.99951065,0.04136237489256449,full,quarantine,quarantine
req_001016,benign,8.499622e-05,0.8335915926462495,full,full,full
req_001017,injection,0.99939895,0.8410527125295513,full,quarantine,quarantine
req_001018,benign,7.271767e-05,0.8832244938912247,full,full,full
req_001019,benign,6.735325e-05,0.02490381056749693,full,full,full
req_001020,benign,6.866455e-05,0.0057606798099344506,full,full,full
req_001021,benign,5.9723854e-05,0.012461135360217548,full,full,full
req_001022,benign,0.0010110736,0.02152054760807831,full,full,full
req_001023,benign,5.567074e-05,0.8204877485156833,full,full,full
req_001024,benign,2.9921532e-05,0.045847626107158396,full,full,full
req_001025,benign,4.1127205e-05,0.8088390647179309,full,full,full
req_001026,benign,0.063492894,0.05380254035943398,full,full,full
req_001027,benign,3.4093857e-05,0.053336345151595244,full,full,full
req_001028,benign,2.193451e-05,0.05074777300606398,full,full,full
req_001029,benign,1.7762184e-05,0.03641643305892709,full,full,full
req_001030,benign,1.7285347e-05,0.014325441093548847,full,full,full
req_001031,benign,3.6358833e-05,0.030099833080044814,full,full,full
req_001032,benign,5.030632e-05,0.022967707493822504,full,full,full
req_001033,benign,4.053116e-05,0.848880128646261,full,full,full
req_001034,benign,1.3232231e-05,0.7739807883560507,full,full,full
req_001035,benign,3.707409e-05,0.7296941550227812,full,full,full
req_001036,benign,3.4213066e-05,0.038715149893133426,full,full,full
req_001037,benign,0.00017279387,0.06649566737326375,full,full,full
req_001038,benign,2.9802322e-05,0.8825544729086694,full,full,full
req_001039,benign,5.352497e-05,0.012391905766543677,full,full,full
req_001040,exhaustion,0.9993934,0.03212008938656438,full,full,quarantine
req_001041,benign,0.0001963973,0.031119000380055648,full,full,full
req_001042,injection,0.9994074,0.019126133933902452,full,quarantine,quarantine
req_001043,benign,1.9550323e-05,0.8839275829121381,full,full,full
req_001044,benign,2.5391579e-05,0.9265283970645883,full,full,full
req_001045,benign,1.835823e-05,0.8550617118370814,full,full,full
req_001046,benign,2.0861626e-05,0.7971493022130414,full,full,full
req_001047,benign,1.5854836e-05,0.77714210022651,full,full,full
req_001048,benign,1.4424324e-05,0.8237989074830843,full,full,full
req_001049,benign,6.3061714e-05,0.021364613337494807,full,full,full
req_001050,benign,0.00016570091,0.8175230001429578,full,full,full
req_001051,benign,0.00031411648,0.9746012726344824,full,full,full
req_001052,benign,1.4662743e-05,0.8465154329059067,full,full,full
req_001053,benign,2.5629997e-05,0.8733226175918464,full,full,full
req_001054,benign,8.1181526e-05,0.854323039789671,full,full,full
req_001055,benign,0.0012221932,0.042014009168409736,full,full,full
req_001056,injection,0.9995623,0.0,full,quarantine,quarantine
req_001057,benign,1.347065e-05,0.8834663512220041,full,full,full
req_001058,benign,1.2397766e-05,0.05655311788153285,full,full,full
req_001059,benign,6.9856644e-05,0.8030958543322066,full,full,full
req_001060,benign,0.0019652247,0.8517539529175219,full,full,full
req_001061,benign,2.861023e-05,0.8488939790370925,full,full,full
req_001062,benign,0.0028753877,0.06667308103868336,full,full,full
req_001063,benign,2.2649765e-05,0.035237384757647774,full,full,full
req_001064,benign,0.00011241436,0.03890723258998105,full,full,full
req_001065,benign,3.3974648e-05,0.9160792861680678,full,full,full
req_001066,benign,2.9444695e-05,0.008214412133425938,full,full,full
req_001067,benign,0.00059998035,0.8100652210558857,full,full,full
req_001068,benign,0.00010788441,0.9193209647135024,full,full,full
req_001069,benign,1.7642975e-05,0.8642619534566633,full,full,full
req_001070,benign,4.9471855e-05,0.9095544314407805,full,full,full
req_001071,benign,6.6399574e-05,0.017679015524199627,full,full,full
req_001072,benign,0.00011360645,0.015913077736626573,full,full,full
req_001073,benign,2.360344e-05,0.8429327908033287,full,full,full
req_001074,benign,2.002716e-05,0.7438900860747489,full,full,full
req_001075,benign,0.00016880035,0.8827721245211377,full,full,full
req_001076,benign,6.6161156e-05,0.017466683533451037,full,full,full
req_001077,benign,0.0003849268,0.08372825449401733,full,full,full
req_001078,benign,0.0014355779,0.002198752899990379,full,full,full
req_001079,benign,0.0014705658,0.014739713872966725,full,full,full
req_001080,exhaustion,0.9990859,0.03217051406909388,full,full,quarantine
req_001081,exhaustion,0.99355435,0.02690963696431397,full,full,quarantine
req_001082,exhaustion,0.9998459,0.03873876208642102,full,full,quarantine
req_001083,benign,3.8027763e-05,0.061596008361499484,full,full,full
req_001084,benign,1.2993813e-05,0.06703776659655152,full,full,full
req_001085,benign,0.00017517805,0.007801719768444369,full,full,full
req_001086,benign,1.7642975e-05,0.8053517930529693,full,full,full
req_001087,benign,5.4955482e-05,0.9280864023821597,full,full,full
req_001088,benign,0.00032889843,0.8058017281587381,full,full,full
req_001089,benign,0.0042297244,0.056011771312308986,full,full,full
req_001090,benign,2.2530556e-05,0.8265723125101156,full,full,full
req_001091,benign,1.513958e-05,0.8590237963750229,full,full,full
req_001092,exhaustion,0.9931832,0.04202010992201233,full,full,quarantine
req_001093,benign,2.8371811e-05,0.8348465258623554,full,full,full
req_001094,benign,0.000649035,0.030941085696160654,full,full,full
req_001095,benign,0.00022524595,0.0633619361457323,full,full,full
req_001096,benign,1.5377998e-05,0.048909442810888146,full,full,full
req_001097,benign,1.4066696e-05,0.9408564615506039,full,full,full
req_001098,benign,1.9431114e-05,0.8144864616003266,full,full,full
req_001099,benign,1.4066696e-05,0.7594670408453845,full,full,full
req_001100,benign,4.1127205e-05,0.8900448872118416,full,full,full
req_001101,benign,6.508827e-05,0.8429097647845064,full,full,full
req_001102,exhaustion,0.09647471,0.02135331390660926,full,full,full
req_001103,benign,0.0071935654,0.08327555009462788,full,full,full
req_001104,exhaustion,0.99714696,0.001966379365976982,full,full,quarantine
req_001105,benign,3.2305717e-05,0.7912894830182391,full,full,full
req_001106,benign,1.4901161e-05,0.9541278490318962,full,full,full
req_001107,benign,0.00011384487,0.902646523779532,full,full,full
req_001108,benign,1.5377998e-05,0.8438208142405658,full,full,full
req_001109,benign,2.0384789e-05,0.023451919997911085,full,full,full
req_001110,benign,1.4424324e-05,0.9332761295926895,full,full,full
req_001111,benign,2.0742416e-05,0.034789472636129366,full,full,full
req_001112,benign,0.0001847148,0.012255486279845337,full,full,full
req_001113,benign,7.4863434e-05,0.023362372579400097,full,full,full
req_001114,benign,1.7642975e-05,0.8956860474602988,full,full,full
req_001115,benign,2.0623207e-05,0.027646728845068184,full,full,full
req_001116,benign,8.547306e-05,0.027512174990987456,full,full,full
req_001117,benign,0.00010383129,0.0034238421729597054,full,full,full
req_001118,injection,0.9994762,0.061378033680960516,full,quarantine,quarantine
req_001119,benign,0.00023669004,0.00265364887193046,full,full,full
req_001120,benign,8.881092e-05,0.05209309280701172,full,full,full
req_001121,benign,1.5377998e-05,0.05059267701742822,full,full,full
req_001122,benign,9.739399e-05,0.8172756667192577,full,full,full
req_001123,benign,1.5735626e-05,0.016355186344233406,full,full,full
req_001124,benign,2.7537346e-05,0.034616364211129555,full,full,full
req_001125,benign,1.13248825e-05,0.006867369798317185,full,full,full
req_001126,benign,0.00011229515,0.920173690429986,full,full,full
req_001127,benign,2.7537346e-05,0.03809095536998763,full,full,full
req_001128,benign,0.00013041496,0.8677159718059788,full,full,full
req_001129,exhaustion,0.9987454,0.040471411628686005,full,full,quarantine
req_001130,benign,1.1920929e-05,0.06193843676637014,full,full,full
req_001131,benign,3.516674e-05,0.8860915885198988,full,full,full
req_001132,benign,8.8214874e-05,0.03183101390743707,full,full,full
req_001133,benign,3.373623e-05,0.016978708705770916,full,full,full
req_001134,benign,4.053116e-05,0.9214903921938666,full,full,full
req_001135,injection,0.9994427,0.017699562304736315,full,quarantine,quarantine
req_001136,injection,0.99948084,0.0507309422843384,full,quarantine,quarantine
req_001137,benign,6.723404e-05,0.03616778588477415,full,full,full
req_001138,benign,3.0994415e-05,0.022750189861115846,full,full,full
req_001139,benign,3.170967e-05,0.027544961015825153,full,full,full
req_001140,injection,0.9994275,0.03311256272983218,full,quarantine,quarantine
req_001141,benign,1.7046928e-05,0.8999748223292889,full,full,full
req_001142,benign,3.027916e-05,0.7800611486263338,full,full,full
req_001143,benign,6.03199e-05,0.8613413652879712,full,full,full
req_001144,benign,2.7179718e-05,0.8333036764527827,full,full,full
req_001145,benign,5.888939e-05,0.021169006361956032,full,full,full
req_001146,benign,2.2768974e-05,0.7458194797830486,full,full,full
req_001147,benign,0.00012373924,0.7379522581989084,full,full,full
req_001148,benign,2.503395e-05,0.05988420024696997,full,full,full
req_001149,benign,0.00021630526,0.8537926001633547,full,full,full
req_001150,benign,1.692772e-05,0.05462858541266809,full,full,full
req_001151,benign,1.7166138e-05,0.048005460539538636,full,full,full
req_001152,benign,1.41859055e-05,0.07066638496487954,full,full,full
req_001153,benign,5.686283e-05,0.8258512909960883,full,full,full
req_001154,benign,1.2040138e-05,0.886113283510282,full,full,full
req_001155,benign,0.08161211,0.014122090570651093,full,full,full
req_001156,benign,3.182888e-05,0.0,full,full,full
req_001157,benign,3.0875206e-05,0.8136770526548518,full,full,full
req_001158,benign,2.2172928e-05,0.7563604892770566,full,full,full
req_001159,benign,1.3113022e-05,0.05623764686920506,full,full,full
req_001160,injection,0.9990544,0.014838195344526284,full,quarantine,quarantine
req_001161,benign,2.5391579e-05,0.007748853206457882,full,full,full
req_001162,benign,2.002716e-05,0.8296897821759035,full,full,full
req_001163,benign,1.7404556e-05,0.8235800856674407,full,full,full
req_001164,exhaustion,0.9885558,0.04663609894947052,full,full,quarantine
req_001165,benign,1.6212463e-05,0.8932828036862069,full,full,full
req_001166,benign,8.189678e-05,0.9063970978612992,full,full,full
req_001167,injection,0.99947935,0.0,full,quarantine,quarantine
req_001168,benign,3.6120415e-05,0.015435080873042522,full,full,full
req_001169,benign,2.3961067e-05,0.9162915179887209,full,full,full
req_001170,benign,2.3245811e-05,0.8586426213764603,full,full,full
req_001171,benign,0.004577458,0.845729032314518,full,full,full
req_001172,benign,0.0001462698,0.8095843016224658,full,full,full
req_001173,benign,2.2172928e-05,0.002167350009299268,full,full,full
req_001174,benign,4.2319298e-05,0.8585090200246653,full,full,full
req_001175,benign,0.00018626451,0.901284085825865,full,full,full
req_001176,benign,4.5776367e-05,0.030669841428292443,full,full,full
req_001177,benign,2.2530556e-05,0.028501557631362032,full,full,full
req_001178,benign,3.20673e-05,0.848021486211372,full,full,full
req_001179,benign,1.66893e-05,0.0,full,full,full
req_001180,benign,5.6385994e-05,0.025164183391885926,full,full,full
req_001181,benign,2.3245811e-05,0.8744168243518817,full,full,full
req_001182,benign,2.348423e-05,0.9159910681367589,full,full,full
req_001183,benign,4.2319298e-05,0.8246567717964661,full,full,full
req_001184,benign,7.009506e-05,0.8212069448686266,full,full,full
req_001185,benign,4.9114227e-05,0.8353648391114518,full,full,full
req_001186,benign,2.014637e-05,0.8289411439499922,full,full,full
req_001187,benign,4.529953e-05,0.7394380282990245,full,full,full
req_001188,benign,3.552437e-05,0.0593377247135346,full,full,full
req_001189,benign,1.859665e-05,0.9142076453235841,full,full,full
req_001190,benign,0.00036108494,0.023301770423642343,full,full,full
req_001191,benign,2.4676323e-05,0.7982053966624881,full,full,full
req_001192,benign,3.5881996e-05,0.04623796123192943,full,full,full
req_001193,benign,1.680851e-05,0.8070938050511713,full,full,full
req_001194,benign,2.0980835e-05,0.058479515546187175,full,full,full
req_001195,benign,1.513958e-05,0.044414267719984996,full,full,full
req_001196,benign,2.0623207e-05,0.8813077152174379,full,full,full
req_001197,injection,0.99758846,0.04095055606953949,full,full,quarantine
req_001198,benign,1.5497208e-05,0.7764878825752088,full,full,full
req_001199,benign,1.347065e-05,0.04115260156411593,full,full,full
req_001200,benign,3.325939e-05,0.7761982061055173,full,full,full
req_001201,benign,0.000318408,0.034119793155311176,full,full,full
req_001202,benign,0.00015842915,0.8935789832389223,full,full,full
req_001203,benign,2.2292137e-05,0.03773587610252184,full,full,full
req_001204,benign,6.1154366e-05,0.8609345114415587,full,full,full
req_001205,benign,3.6120415e-05,0.001703438212275265,full,full,full
req_001206,benign,4.3153763e-05,0.9074878511550525,full,full,full
req_001207,benign,7.688999e-05,0.06772642833609963,full,full,full
req_001208,benign,2.7894974e-05,0.05197749429227305,full,full,full
req_001209,benign,4.1604042e-05,0.9749365452636178,full,full,full
req_001210,benign,6.747246e-05,0.0489714002724388,full,full,full
req_001211,benign,0.0024836063,0.8821523655380413,full,full,full
req_001212,injection,0.9993603,0.025653267644717297,full,quarantine,quarantine
req_001213,benign,3.504753e-05,0.002476136743489947,full,full,full
req_001214,benign,1.9669533e-05,0.7915670373405529,full,full,full
req_001215,benign,7.009506e-05,0.050682530389552546,full,full,full
req_001216,benign,2.4914742e-05,0.007984497788216107,full,full,full
req_001217,benign,0.00014936924,0.01709034443934173,full,full,full
req_001218,benign,2.360344e-05,0.8559564385436925,full,full,full
req_001219,benign,1.5974045e-05,0.006527302347088357,full,full,full
req_001220,benign,0.011024594,0.8237197230085137,full,full,full
req_001221,benign,0.0001333952,0.7770132333884473,full,full,full
req_001222,benign,0.00192523,0.8515327778103797,full,full,full
req_001223,benign,2.8252602e-05,0.8471656694218649,full,full,full
req_001224,benign,0.80159867,0.7767804121232947,full,full,quarantine
req_001225,exhaustion,0.88305956,0.017411639414628872,full,full,quarantine
req_001226,benign,1.8000603e-05,0.8007838595165253,full,full,full
req_001227,benign,1.50203705e-05,0.8127508569551765,full,full,full
req_001228,benign,1.7881393e-05,0.03017568901371569,full,full,full
req_001229,benign,2.9325485e-05,0.006073184920435872,full,full,full
req_001230,benign,2.503395e-05,0.06902162126227501,full,full,full
req_001231,benign,3.2305717e-05,0.0228722154128912,full,full,full
req_001232,benign,1.7404556e-05,0.030952922567691207,full,full,full
req_001233,benign,2.8967857e-05,0.850131482145458,full,full,full
req_001234,benign,3.373623e-05,0.8257984564115719,full,full,full
req_001235,benign,1.66893e-05,0.007495637032929062,full,full,full
req_001236,benign,7.70092e-05,0.04498605118508546,full,full,full
req_001237,injection,0.9995245,0.9209435411795396,full,quarantine,quarantine
req_001238,benign,2.360344e-05,0.8911120043702325,full,full,full
req_001239,benign,1.2516975e-05,0.02048543176310557,full,full,full
req_001240,exhaustion,0.8669497,0.018249740796189136,full,full,quarantine
req_001241,benign,0.00013256073,0.919507242728361,full,full,full
req_001242,benign,1.7762184e-05,0.7865162103499795,full,full,full
req_001243,benign,1.66893e-05,0.05741992055724278,full,full,full
req_001244,exhaustion,0.9988458,0.020197763986825074,full,full,quarantine
req_001245,benign,2.193451e-05,0.8180286991578717,full,full,full
req_001246,benign,0.000115036964,0.8275255982785559,full,full,full
req_001247,benign,7.522106e-05,0.0413083474456453,full,full,full
req_001248,benign,2.0861626e-05,0.8403920061974565,full,full,full
req_001249,benign,1.335144e-05,0.9139806857286455,full,full,full
req_001250,benign,0.00015330315,0.02586677612667389,full,full,full
req_001251,injection,0.99817806,0.05253949549014214,full,quarantine,quarantine
req_001252,benign,6.568432e-05,0.9812838199547885,full,full,full
req_001253,benign,3.886223e-05,0.045110661683609554,full,full,full
req_001254,benign,1.6450882e-05,0.7824793347716665,full,full,full
req_001255,benign,2.18153e-05,0.7986124850070424,full,full,full
req_001256,benign,2.2768974e-05,0.06686269900239616,full,full,full
req_001257,benign,2.2649765e-05,0.8495764630292935,full,full,full
req_001258,benign,1.5854836e-05,0.7800554544410112,full,full,full
req_001259,benign,1.2874603e-05,0.8807322807072955,full,full,full
req_001260,injection,0.99947816,0.046027832287454495,full,quarantine,quarantine
req_001261,benign,1.2993813e-05,0.04221192370941639,full,full,full
req_001262,benign,7.855892e-05,0.018086400090118145,full,full,full
req_001263,benign,8.749962e-05,0.04441593362488237,full,full,full
req_001264,benign,2.002716e-05,0.8363158268116881,full,full,full
req_001265,benign,1.5616417e-05,0.01578548353793159,full,full,full
req_001266,benign,3.8981438e-05,0.9387815230639871,full,full,full
req_001267,benign,5.4121017e-05,0.8162347498340954,full,full,full
req_001268,benign,1.9550323e-05,0.7942056693527572,full,full,full
req_001269,benign,7.6532364e-05,0.03638104640782787,full,full,full
req_001270,benign,1.9669533e-05,0.8684707848377597,full,full,full
req_001271,benign,1.5616417e-05,0.9295743054359202,full,full,full
req_001272,benign,0.0013458729,0.9300089904224436,full,full,full
req_001273,benign,1.7881393e-05,0.03400088671008145,full,full,full
req_001274,benign,0.00018399954,0.0,full,full,full
req_001275,benign,2.0742416e-05,0.8856357063924905,full,full,full
req_001276,benign,6.341934e-05,0.8922789959202111,full,full,full
req_001277,benign,3.6001205e-05,0.9428752460457711,full,full,full
req_001278,benign,2.7537346e-05,0.020639981762118453,full,full,full
req_001279,benign,2.2888184e-05,0.026634601137191082,full,full,full
req_001280,benign,0.0003591776,0.021755097727366862,full,full,full
req_001281,benign,1.335144e-05,0.010364931630206888,full,full,full
req_001282,exhaustion,0.99604434,0.05978116430305166,full,full,quarantine
req_001283,benign,6.222725e-05,0.008231576954900642,full,full,full
req_001284,benign,0.00027436018,0.06544185009541721,full,full,full
req_001285,benign,7.224083e-05,0.0,full,full,full
req_001286,benign,1.3232231e-05,0.786031781204268,full,full,full
req_001287,benign,6.711483e-05,0.8465098907828413,full,full,full
req_001288,benign,0.00042396784,0.8548720403322592,full,full,full
req_001289,benign,0.00034964085,0.8907555831537235,full,full,full
req_001290,benign,0.0007198453,0.015243371273935729,full,full,full
req_001291,benign,2.026558e-05,0.0075980376242255065,full,full,full
req_001292,benign,1.7642975e-05,0.8636174046737872,full,full,full
req_001293,benign,0.00018030405,0.031227182893427366,full,full,full
req_001294,benign,2.5987625e-05,0.7841827934267374,full,full,full
req_001295,benign,4.863739e-05,0.8352574926156554,full,full,full
req_001296,benign,4.4822693e-05,0.8516031847278214,full,full,full
req_001297,benign,2.014637e-05,0.8714709128564266,full,full,full
req_001298,benign,5.042553e-05,0.8045834797403767,full,full,full
req_001299,benign,1.4424324e-05,0.0,full,full,full
req_001300,benign,1.3232231e-05,0.7920353110559523,full,full,full
req_001301,benign,2.6345253e-05,0.8658058074311676,full,full,full
req_001302,benign,7.557869e-05,0.0,full,full,full
req_001303,benign,1.2874603e-05,0.035584687294162795,full,full,full
req_001304,benign,1.9311905e-05,0.0021861961416527846,full,full,full
req_001305,benign,8.583069e-05,0.00973817841267803,full,full,full
req_001306,benign,3.2424927e-05,0.7868585775098248,full,full,full
req_001307,benign,1.6331673e-05,0.02098218369856714,full,full,full
req_001308,benign,0.0005571246,0.038985874492273864,full,full,full
req_001309,benign,6.365776e-05,0.8715710746724182,full,full,full
req_001310,benign,7.4744225e-05,0.04955519163231034,full,full,full
req_001311,benign,4.7922134e-05,0.9047105827304364,full,full,full
req_001312,benign,3.2305717e-05,0.03400911249571594,full,full,full
req_001313,benign,6.365776e-05,0.03361703378065892,full,full,full
req_001314,benign,0.00030732155,0.014019044361409737,full,full,full
req_001315,benign,0.00010192394,0.04339201296377025,full,full,full
req_001316,benign,2.2292137e-05,0.033259167291088194,full,full,full
req_001317,benign,3.2186508e-05,0.877900487529378,full,full,full
req_001318,benign,1.6093254e-05,0.9177922745552263,full,full,full
req_001319,benign,0.00010275841,0.8573951209876858,full,full,full
req_001320,benign,1.1444092e-05,0.8320081513664651,full,full,full
req_001321,benign,5.209446e-05,0.8485962906181618,full,full,full
req_001322,benign,0.000116586685,0.03698522260304783,full,full,full
req_001323,benign,2.193451e-05,0.8220086991729599,full,full,full
req_001324,benign,0.0025805235,0.8656701701749232,full,full,full
req_001325,benign,3.9577484e-05,0.8762472382557177,full,full,full
req_001326,benign,1.4543533e-05,0.8288689908801026,full,full,full
req_001327,benign,1.180172e-05,0.02645212289335951,full,full,full
req_001328,injection,0.9995791,0.0342385982824029,full,quarantine,quarantine
req_001329,benign,2.515316e-05,0.02983099231627079,full,full,full
req_001330,benign,1.6570091e-05,0.8386352657013323,full,full,full
req_001331,benign,5.00679e-05,0.8536964200663312,full,full,full
req_001332,benign,1.5735626e-05,0.8404767971203368,full,full,full
req_001333,benign,0.0001450777,0.8374459316920267,full,full,full
req_001334,benign,2.7179718e-05,0.7962758908967742,full,full,full
req_001335,benign,3.5643578e-05,0.015621661896398603,full,full,full
req_001336,benign,3.3974648e-05,0.8852711062970017,full,full,full
req_001337,benign,2.6345253e-05,0.8804443446556294,full,full,full
req_001338,benign,0.00010347366,0.005442159467785229,full,full,full
req_001339,injection,0.99937636,0.04044063464297551,full,quarantine,quarantine
req_001340,benign,5.1140785e-05,0.8789638103830011,full,full,full
req_001341,benign,3.695488e-05,0.004737677226834793,full,full,full
req_001342,benign,2.5510788e-05,0.029827629336103174,full,full,full
req_001343,benign,0.00010931492,0.8394855603656834,full,full,full
req_001344,benign,3.385544e-05,0.010205996999437032,full,full,full
req_001345,exhaustion,0.9978031,0.009471229887651082,full,full,quarantine
req_001346,benign,0.00022619963,0.8377143959213427,full,full,full
req_001347,benign,2.5749207e-05,0.018166664555755024,full,full,full
req_001348,benign,7.7962875e-05,0.021798392737433857,full,full,full
req_001349,benign,6.198883e-05,0.7919972860153425,full,full,full
req_001350,benign,1.21593475e-05,0.8435575511669297,full,full,full
req_001351,benign,3.3140182e-05,0.020996457025618673,full,full,full
req_001352,benign,1.835823e-05,0.8363799220515206,full,full,full
req_001353,injection,0.9996938,0.014689938492436501,full,quarantine,quarantine
req_001354,benign,1.7285347e-05,0.8548985458061639,full,full,full
req_001355,benign,1.9550323e-05,0.8728785294349601,full,full,full
req_001356,benign,2.2292137e-05,0.017653863027865,full,full,full
req_001357,benign,1.5258789e-05,0.8163086653939763,full,full,full
req_001358,benign,2.682209e-05,0.02279658155529932,full,full,full
req_001359,benign,1.41859055e-05,0.0,full,full,full
req_001360,benign,6.210804e-05,0.026136575150487288,full,full,full
req_001361,benign,0.00018018484,0.056728046905356454,full,full,full
req_001362,benign,5.376339e-05,0.025968759950190524,full,full,full
req_001363,benign,2.2292137e-05,0.021681749743005272,full,full,full
req_001364,benign,1.6331673e-05,0.8513798815531857,full,full,full
req_001365,benign,1.1205673e-05,0.7833596487509532,full,full,full
req_001366,injection,0.9995213,0.07226437222470697,full,quarantine,quarantine
req_001367,benign,1.9431114e-05,0.8382667819407688,full,full,full
req_001368,benign,3.85046e-05,0.7199698499744653,full,full,full
req_001369,benign,0.0031446218,0.04290578662192661,full,full,full
req_001370,benign,4.3272972e-05,0.861857966244701,full,full,full
req_001371,benign,3.2424927e-05,0.8590342923943154,full,full,full
req_001372,exhaustion,0.9536927,0.08011222982704155,full,full,quarantine
req_001373,benign,6.2942505e-05,0.791147022326623,full,full,full
req_001374,benign,1.2993813e-05,0.8097875128844997,full,full,full
req_001375,benign,4.196167e-05,0.04076228489757111,full,full,full
req_001376,benign,2.2053719e-05,0.8029975187969342,full,full,full
req_001377,benign,1.9788742e-05,0.8228364885555259,full,full,full
req_001378,benign,4.4345856e-05,0.01573612791219981,full,full,full
req_001379,benign,0.00040477514,0.802076955137067,full,full,full
req_001380,benign,0.00048220158,0.047915143313212755,full,full,full
req_001381,benign,1.3947487e-05,0.937318912745796,full,full,full
req_001382,exhaustion,0.98990554,0.009370424942326903,full,full,quarantine
req_001383,benign,0.00023156404,0.018707928014162368,full,full,full
req_001384,exhaustion,0.98919475,0.008295534562657754,full,full,quarantine
req_001385,exhaustion,0.99988264,0.02000978542320663,full,full,quarantine
req_001386,benign,3.027916e-05,0.02425575933180256,full,full,full
req_001387,benign,2.2292137e-05,0.7644760290327899,full,full,full
req_001388,benign,3.2186508e-05,0.006396042104494494,full,full,full
req_001389,benign,0.00022703409,0.8662072685864095,full,full,full
req_001390,benign,0.0058914423,0.014704533287074127,full,full,full
req_001391,injection,0.9992354,0.8818059912448851,full,quarantine,quarantine
req_001392,benign,1.0251999e-05,0.8268132215512202,full,full,full
req_001393,benign,1.2397766e-05,0.8643028788641816,full,full,full
req_001394,benign,0.00044363737,0.0055481179211460604,full,full,full
req_001395,benign,0.00024074316,0.8419593937848516,full,full,full
req_001396,injection,0.9994273,0.03027032057615136,full,quarantine,quarantine
req_001397,benign,2.3126602e-05,0.01653097006057955,full,full,full
req_001398,benign,0.002749145,0.8741675329557156,full,full,full
req_001399,benign,3.4570694e-05,0.8757389883471303,full,full,full
req_001400,benign,3.1232834e-05,0.047206482530485046,full,full,full
req_001401,benign,5.340576e-05,0.011542628475422308,full,full,full
req_001402,benign,1.50203705e-05,0.030076370773321672,full,full,full
req_001403,benign,6.2942505e-05,0.912201386555488,full,full,full
req_001404,benign,2.0623207e-05,0.008879563805651986,full,full,full
req_001405,benign,1.347065e-05,0.024215873096292813,full,full,full
req_001406,benign,9.1433525e-05,0.01309142131082213,full,full,full
req_001407,injection,0.99959713,0.04736096420018429,full,quarantine,quarantine
req_001408,benign,0.00013744831,0.02112255177371191,full,full,full
req_001409,benign,2.336502e-05,0.8638302240913786,full,full,full
req_001410,benign,0.00019985437,0.9097919656072471,full,full,full
req_001411,exhaustion,0.9900776,0.0,full,full,quarantine
req_001412,benign,1.680851e-05,0.8189221000861864,full,full,full
req_001413,benign,1.3113022e-05,0.9172313417301318,full,full,full
req_001414,benign,1.9192696e-05,0.031360611917828136,full,full,full
req_001415,benign,3.862381e-05,0.038885751567375636,full,full,full
req_001416,benign,1.6212463e-05,0.0,full,full,full
req_001417,benign,1.1920929e-05,0.9188409271062848,full,full,full
req_001418,benign,3.0040741e-05,0.8371019973086444,full,full,full
req_001419,benign,1.4424324e-05,0.8427852841380641,full,full,full
req_001420,benign,6.401539e-05,0.012179488348777183,full,full,full
req_001421,exhaustion,0.9992885,0.06141768983440937,full,full,quarantine
req_001422,benign,0.00010573864,0.8828911276548752,full,full,full
req_001423,benign,4.2796135e-05,0.8504670752817954,full,full,full
req_001424,benign,2.002716e-05,0.023645778698006974,full,full,full
req_001425,benign,1.7166138e-05,0.8261267960298527,full,full,full
req_001426,benign,2.8967857e-05,0.013096820219558162,full,full,full
req_001427,benign,0.000109910965,0.9332946836105225,full,full,full
req_001428,benign,3.2782555e-05,0.8387071999906989,full,full,full
req_001429,benign,1.9431114e-05,0.019540391338921513,full,full,full
req_001430,benign,2.3961067e-05,0.045916121201140546,full,full,full
req_001431,benign,1.7046928e-05,0.01690725122999569,full,full,full
req_001432,exhaustion,0.9994648,0.04052644185763388,full,full,quarantine
req_001433,benign,0.007186711,0.8661062936337145,full,full,full
req_001434,benign,1.7285347e-05,0.8607409003728176,full,full,full
req_001435,benign,1.3589859e-05,0.05339348391189082,full,full,full
req_001436,benign,5.90086e-05,0.9430508772784302,full,full,full
req_001437,benign,3.2782555e-05,0.8747603458895635,full,full,full
req_001438,benign,3.516674e-05,0.8350165404254748,full,full,full
req_001439,benign,3.4928322e-05,0.9033965814836511,full,full,full
req_001440,benign,0.002247274,0.0003989404365575648,full,full,full
req_001441,benign,1.9550323e-05,0.7937777824495261,full,full,full
req_001442,benign,1.7166138e-05,0.8167117443740468,full,full,full
req_001443,benign,1.8239021e-05,0.8398744996221446,full,full,full
req_001444,benign,0.11816621,0.7707613662172853,full,full,full
req_001445,benign,2.0980835e-05,0.7977623731478216,full,full,full
req_001446,benign,2.2292137e-05,0.9331102126290554,full,full,full
req_001447,benign,3.361702e-05,0.7905309659306314,full,full,full
req_001448,benign,1.0848045e-05,0.018738160095770458,full,full,full
req_001449,benign,4.1007996e-05,0.8129451967284206,full,full,full
req_001450,benign,1.4662743e-05,0.9014572324531378,full,full,full
req_001451,injection,0.9995275,0.06348501920655375,full,quarantine,quarantine
req_001452,injection,0.99962157,0.020434983011434708,full,quarantine,quarantine
req_001453,benign,5.51939e-05,0.03794366401880127,full,full,full
req_001454,benign,0.00039106607,0.8669114883464677,full,full,full
req_001455,benign,0.0008504391,0.8247148655770654,full,full,full
req_001456,exhaustion,0.9992776,0.0,full,full,quarantine
req_001457,benign,4.4345856e-05,0.8878537058377082,full,full,full
req_001458,benign,3.1471252e-05,0.8610705854525744,full,full,full
req_001459,benign,2.0742416e-05,0.8464018949839522,full,full,full
req_001460,benign,4.9471855e-05,0.8520666404025431,full,full,full
req_001461,benign,2.2530556e-05,0.8649600690073641,full,full,full
req_001462,benign,2.7298927e-05,0.011587890757236294,full,full,full
req_001463,benign,2.5391579e-05,0.8310899541086517,full,full,full
req_001464,exhaustion,0.9964602,0.02002672483402313,full,full,quarantine
req_001465,benign,1.5854836e-05,0.8007384311782025,full,full,full
req_001466,benign,1.9311905e-05,0.014786297094041218,full,full,full
req_001467,benign,3.671646e-05,0.7875695423147447,full,full,full
req_001468,benign,1.4543533e-05,0.91631933247163,full,full,full
req_001469,benign,4.9591064e-05,0.88724856955378,full,full,full
req_001470,benign,4.2915344e-05,0.020940563620742668,full,full,full
req_001471,benign,0.0009175539,0.7623630080500854,full,full,full
req_001472,benign,0.0044550896,0.04516858384154458,full,full,full
req_001473,benign,3.385544e-05,0.03708433812425492,full,full,full
req_001474,benign,8.571148e-05,0.8591492533850643,full,full,full
req_001475,injection,0.99921465,0.02017479297389109,full,quarantine,quarantine
req_001476,benign,1.9907951e-05,0.028855052787968134,full,full,full
req_001477,benign,0.00013458729,0.02749182467317278,full,full,full
req_001478,benign,2.9087067e-05,0.008985750325589889,full,full,full
req_001479,benign,0.00020164251,0.9246657528765908,full,full,full
req_001480,benign,1.0609627e-05,0.8346652644891323,full,full,full
req_001481,benign,9.536743e-05,0.03970001484588787,full,full,full
req_001482,benign,1.4066696e-05,0.05543962402162475,full,full,full
req_001483,benign,1.347065e-05,0.006881232926045214,full,full,full
req_001484,benign,1.2397766e-05,0.8675981880744668,full,full,full
req_001485,exhaustion,0.9889461,0.00352544894427435,full,full,quarantine
req_001486,benign,0.00018280745,0.8191947869398981,full,full,full
req_001487,benign,0.0021191835,0.8746907535668986,full,full,full
req_001488,benign,4.696846e-05,0.9054121557904174,full,full,full
req_001489,benign,1.9788742e-05,0.8028812088174636,full,full,full
req_001490,exhaustion,0.9999397,0.0323169072855913,full,full,quarantine
req_001491,injection,0.9903222,0.008069356662641483,full,quarantine,quarantine
req_001492,benign,2.2530556e-05,0.8283274956242964,full,full,full
req_001493,benign,2.169609e-05,0.9300849229369916,full,full,full
req_001494,benign,3.0398369e-05,0.039041299033282975,full,full,full
req_001495,benign,1.7881393e-05,0.025873318355412532,full,full,full
req_001496,benign,2.1100044e-05,0.03554269256210991,full,full,full
req_001497,benign,3.671646e-05,0.8200408343210581,full,full,full
req_001498,benign,2.0742416e-05,0.055669380492837706,full,full,full
req_001499,benign,1.3709068e-05,0.8171331420950203,full,full,full
req_001500,benign,6.592274e-05,0.8949706706707634,full,full,full
req_001501,benign,0.0010496974,0.8872080116021531,full,full,full
req_001502,injection,0.99958396,0.019825225971951355,full,quarantine,quarantine
req_001503,exhaustion,0.99964017,0.8345136196680409,full,full,quarantine
req_001504,benign,1.3113022e-05,0.025192544788124015,full,full,full
req_001505,benign,1.5735626e-05,0.8577433077040106,full,full,full
req_001506,benign,1.692772e-05,0.8068230085981989,full,full,full
req_001507,exhaustion,0.9998076,0.04194664392692245,full,full,quarantine
req_001508,benign,4.9471855e-05,0.03968664710841423,full,full,full
req_001509,benign,0.00065118074,0.02623860827206061,full,full,full
req_001510,benign,6.0796738e-05,0.9267449159151845,full,full,full
req_001511,benign,2.7894974e-05,0.02450056884585036,full,full,full
req_001512,benign,0.043676376,0.07001850504970224,full,full,full
req_001513,benign,5.51939e-05,0.821291930952904,full,full,full
req_001514,injection,0.99927336,0.0,full,quarantine,quarantine
req_001515,benign,1.7046928e-05,0.8625506335146407,full,full,full
req_001516,benign,7.4625015e-05,0.7964963248299672,full,full,full
req_001517,benign,0.0001667738,0.03521397773326843,full,full,full
req_001518,benign,1.6331673e-05,0.9358844555248567,full,full,full
req_001519,benign,4.208088e-05,0.0032611843686567547,full,full,full
req_001520,benign,2.18153e-05,0.01724567619953205,full,full,full
req_001521,benign,3.1352043e-05,0.02972652907909055,full,full,full
req_001522,benign,3.9100647e-05,0.06716018417043561,full,full,full
req_001523,benign,0.00013029575,0.9403488152305528,full,full,full
req_001524,benign,0.00024920702,0.009577463546197217,full,full,full
req_001525,benign,1.7404556e-05,0.8856010109450095,full,full,full
req_001526,benign,1.7404556e-05,0.8349852814586024,full,full,full
req_001527,benign,2.9325485e-05,0.018229849911023416,full,full,full
req_001528,benign,1.8954277e-05,0.00858362177710837,full,full,full
req_001529,benign,2.1219254e-05,0.8460366954951968,full,full,full
req_001530,benign,1.1086464e-05,0.8590331682567046,full,full,full
req_001531,benign,0.00072830915,0.8457750532121343,full,full,full
req_001532,benign,1.41859055e-05,0.8459603859861377,full,full,full
req_001533,benign,2.1576881e-05,0.7582807940536067,full,full,full
req_001534,benign,2.002716e-05,0.04225493734736365,full,full,full
req_001535,benign,3.4332275e-05,0.01995823939218451,full,full,full
req_001536,benign,1.9073486e-05,0.01753126854389632,full,full,full
req_001537,benign,0.007794559,0.8309976820638278,full,full,full
req_001538,benign,1.7166138e-05,0.05296810508668398,full,full,full
req_001539,benign,0.00015246868,0.8572857708072147,full,full,full
req_001540,benign,1.2516975e-05,0.8297076137306113,full,full,full
req_001541,exhaustion,0.99803644,0.014373641166979763,full,full,quarantine
req_001542,benign,4.863739e-05,0.027588444995036192,full,full,full
req_001543,benign,2.4080276e-05,0.04517656206319013,full,full,full
req_001544,exhaustion,0.9921702,0.03488324849344302,full,full,quarantine
req_001545,benign,3.194809e-05,0.8817905383006575,full,full,full
req_001546,injection,0.99954134,0.039886927928058355,full,quarantine,quarantine
req_001547,benign,2.9325485e-05,0.8831924492750788,full,full,full
req_001548,benign,1.8715858e-05,0.7882755626685829,full,full,full
req_001549,benign,1.2874603e-05,0.060039799143948774,full,full,full
req_001550,benign,0.0001373291,0.8548421173015819,full,full,full
req_001551,benign,2.2411346e-05,0.8590149367157861,full,full,full
req_001552,benign,6.759167e-05,0.013748144910479633,full,full,full
req_001553,benign,2.670288e-05,0.04627981418185461,full,full,full
req_001554,benign,1.3232231e-05,0.02160069341374407,full,full,full
req_001555,benign,3.0875206e-05,0.011367021397965145,full,full,full
req_001556,benign,3.707409e-05,0.023846116626228306,full,full,full
req_001557,benign,1.513958e-05,0.024562806501879666,full,full,full
req_001558,benign,4.9591064e-05,0.027134229199700394,full,full,full
req_001559,benign,1.50203705e-05,0.047730596945952206,full,full,full
req_001560,benign,4.529953e-05,0.019142352467758667,full,full,full
req_001561,benign,0.00091576576,0.035118072906162846,full,full,full
req_001562,benign,4.8041344e-05,0.8893239164841679,full,full,full
req_001563,benign,1.2040138e-05,0.012813824263917636,full,full,full
req_001564,exhaustion,0.09339368,0.07152921999259981,full,full,full
req_001565,benign,2.5391579e-05,0.8835966517081002,full,full,full
req_001566,benign,3.9339066e-05,0.8122479197940778,full,full,full
req_001567,benign,4.1604042e-05,0.8350832908908348,full,full,full
req_001568,benign,1.21593475e-05,0.0027353734223167676,full,full,full
req_001569,benign,2.1338463e-05,0.03781798762644787,full,full,full
req_001570,benign,9.2983246e-05,0.0,full,full,full
req_001571,benign,1.5974045e-05,0.002336959866699354,full,full,full
req_001572,benign,6.592274e-05,0.8775529749469816,full,full,full
req_001573,benign,7.271767e-05,0.9181800201415863,full,full,full
req_001574,benign,1.1086464e-05,0.7908441329604532,full,full,full
req_001575,injection,0.99941266,0.060324041192274386,full,quarantine,quarantine
req_001576,benign,0.00014841557,0.7548344254259591,full,full,full
req_001577,benign,1.7762184e-05,0.010417875429615593,full,full,full
req_001578,benign,3.194809e-05,0.028813470880257094,full,full,full
req_001579,benign,3.516674e-05,0.840875307602539,full,full,full
req_001580,benign,1.347065e-05,0.9459435295333058,full,full,full
req_001581,injection,0.9990882,0.04619541635887799,full,quarantine,quarantine
req_001582,benign,1.5854836e-05,0.8107562956195266,full,full,full
req_001583,benign,0.0019311309,0.9616820860136092,full,full,full
req_001584,benign,2.8371811e-05,0.8742785912293581,full,full,full
req_001585,benign,1.7046928e-05,0.01973999171955266,full,full,full
req_001586,exhaustion,0.9777891,0.0037766495904398324,full,full,quarantine
req_001587,benign,1.4066696e-05,0.883152876947423,full,full,full
req_001588,benign,0.014245629,0.8825464180579865,full,full,full
req_001589,injection,0.99963796,0.020234174396180984,full,quarantine,quarantine
req_001590,benign,7.915497e-05,0.028023518347061103,full,full,full
req_001591,benign,2.5987625e-05,0.7741975459337107,full,full,full
req_001592,exhaustion,0.99955076,0.023761072707175146,full,full,quarantine
req_001593,benign,2.2411346e-05,0.010654102971766586,full,full,full
req_001594,benign,0.00022405386,0.8707064980113662,full,full,full
req_001595,benign,2.348423e-05,0.04628849281630337,full,full,full
req_001596,benign,2.2530556e-05,0.034027081017333274,full,full,full
req_001597,benign,0.00029832125,0.8795182277477395,full,full,full
req_001598,benign,5.0783157e-05,0.9184719779950308,full,full,full
req_001599,benign,2.4557114e-05,0.011538894765455974,full,full,full
req_001600,benign,7.9751015e-05,0.03843164375089862,full,full,full
req_001601,benign,0.00030374527,0.009726647014213968,full,full,full
req_001602,benign,1.347065e-05,0.8315253090212295,full,full,full
req_001603,benign,0.00011253357,0.7514254807854586,full,full,full
req_001604,benign,0.00011265278,0.8644428892242635,full,full,full
req_001605,benign,0.0030089617,0.8974970162767216,full,full,full
req_001606,benign,5.4955482e-05,0.019643608102657903,full,full,full
req_001607,benign,1.692772e-05,0.03594425564095479,full,full,full
req_001608,benign,0.00032246113,0.043079626847948665,full,full,full
req_001609,benign,0.014223516,0.9120289911106515,full,full,full
req_001610,benign,1.9788742e-05,0.8601368590178287,full,full,full
req_001611,benign,2.2053719e-05,0.015718319161368684,full,full,full
req_001612,benign,0.0014277697,0.8291430379903405,full,full,full
req_001613,benign,1.7762184e-05,0.8577300343412961,full,full,full
req_001614,benign,8.022785e-05,0.03383797542435544,full,full,full
req_001615,benign,1.9788742e-05,0.053514970321325586,full,full,full
req_001616,benign,3.159046e-05,0.006511217945647282,full,full,full
req_001617,exhaustion,0.99814653,0.013642700253942718,full,full,quarantine
req_001618,benign,0.0019308925,0.7886119104587831,full,full,full
req_001619,benign,0.00032699108,0.04318027752762436,full,full,full
req_001620,benign,8.440018e-05,0.032778042286703044,full,full,full
req_001621,injection,0.99904037,0.03121821269910006,full,quarantine,quarantine
req_001622,benign,1.5974045e-05,0.8605321997425195,full,full,full
req_001623,benign,0.00058686733,0.8656915020246742,full,full,full
req_001624,benign,1.41859055e-05,0.007644860588953299,full,full,full
req_001625,benign,8.4519386e-05,0.8134158229123991,full,full,full
req_001626,benign,4.2438507e-05,0.025083602768630964,full,full,full
req_001627,benign,0.00027424097,0.9295999192012863,full,full,full
req_001628,benign,0.0001231432,0.03409664373788993,full,full,full
req_001629,benign,3.0755997e-05,0.032689369786676456,full,full,full
req_001630,benign,0.025603712,0.01574883685627084,full,full,full
req_001631,injection,0.9994746,0.0,full,quarantine,quarantine
req_001632,exhaustion,0.99976635,0.0015471056580695468,full,full,quarantine
req_001633,benign,1.3828278e-05,0.8607579071666582,full,full,full
req_001634,benign,2.2053719e-05,0.8542471895865609,full,full,full
req_001635,benign,1.3232231e-05,0.021795836204574426,full,full,full
req_001636,benign,1.7523766e-05,0.8805902268663378,full,full,full
req_001637,benign,5.7578087e-05,0.8306011796362262,full,full,full
req_001638,benign,2.861023e-05,0.810259090380596,full,full,full
req_001639,benign,1.3113022e-05,0.839095685560865,full,full,full
req_001640,injection,0.99878097,0.021751741708722933,full,quarantine,quarantine
req_001641,benign,0.00015687943,0.015143798614245394,full,full,full
req_001642,benign,0.00010228157,0.7745781073748058,full,full,full
req_001643,benign,6.711483e-05,0.030939756273491402,full,full,full
req_001644,benign,0.00017637014,0.8390613070486692,full,full,full
req_001645,benign,5.0902367e-05,0.02666004492934588,full,full,full
req_001646,benign,5.7816505e-05,0.94304531566225,full,full,full
req_001647,benign,2.4676323e-05,0.8765726772845882,full,full,full
req_001648,benign,1.7046928e-05,0.7977448561914097,full,full,full
req_001649,benign,2.3841858e-05,0.8324134116905961,full,full,full
req_001650,benign,2.0861626e-05,0.8697578375104309,full,full,full
req_001651,benign,0.00025230646,0.8365063140399895,full,full,full
req_001652,benign,5.018711e-05,0.01724594597593868,full,full,full
req_001653,benign,2.861023e-05,7.693724223631002e-05,full,full,full
req_001654,benign,1.835823e-05,0.8415348552700734,full,full,full
req_001655,exhaustion,0.99005395,0.013698029376353917,full,full,quarantine
req_001656,benign,2.4199486e-05,0.04355657555111439,full,full,full
req_001657,benign,6.937981e-05,0.047313065631169694,full,full,full
req_001658,benign,6.198883e-05,0.8874260740449905,full,full,full
req_001659,benign,6.222725e-05,0.7739123360788309,full,full,full
req_001660,benign,9.024143e-05,0.01888842289174266,full,full,full
req_001661,benign,1.4066696e-05,0.8164044117041862,full,full,full
req_001662,benign,2.3841858e-05,0.018330856808041945,full,full,full
req_001663,benign,0.00015616417,0.8099751542319009,full,full,full
req_001664,benign,2.6106834e-05,0.8172890983767007,full,full,full
req_001665,benign,0.0001001358,0.9272360212435024,full,full,full
req_001666,benign,1.6450882e-05,0.8389711342811265,full,full,full
req_001667,benign,7.2956085e-05,0.7918056336362462,full,full,full
req_001668,benign,1.5616417e-05,0.04081774306407027,full,full,full
req_001669,benign,1.335144e-05,0.9593000768696901,full,full,full
req_001670,benign,3.3140182e-05,0.8855687901129604,full,full,full
req_001671,benign,3.2186508e-05,0.02780376101101341,full,full,full
req_001672,benign,3.85046e-05,0.8397895144407356,full,full,full
req_001673,benign,2.0742416e-05,0.8482541732745313,full,full,full
req_001674,injection,0.9996291,0.0,full,quarantine,quarantine
req_001675,benign,5.4836273e-05,0.04209927625868115,full,full,full
req_001676,benign,0.00039750338,0.051644243504333845,full,full,full
req_001677,benign,0.00022989511,0.8434779032563329,full,full,full
req_001678,benign,2.3245811e-05,0.0,full,full,full
req_001679,benign,1.8954277e-05,0.8427229644350498,full,full,full
req_001680,benign,1.835823e-05,0.8548561828821855,full,full,full
req_001681,benign,0.001940906,0.8884354764280303,full,full,full
req_001682,benign,9.6321106e-05,0.08975073852960025,full,full,full
req_001683,benign,2.18153e-05,0.8425741547275796,full,full,full
req_001684,benign,6.914139e-05,0.018426919672481737,full,full,full
req_001685,benign,3.0755997e-05,0.0,full,full,full
req_001686,benign,0.0017766356,0.8998004021917375,full,full,full
req_001687,benign,1.7642975e-05,0.01402788286285125,full,full,full
req_001688,injection,0.9995647,0.003368915736316317,full,quarantine,quarantine
req_001689,injection,0.99897695,0.024480390966948172,full,quarantine,quarantine
req_001690,benign,1.5258789e-05,0.019791601801762475,full,full,full
req_001691,benign,6.6161156e-05,0.8585251153514216,full,full,full
req_001692,benign,2.3007393e-05,0.8788427429501302,full,full,full
req_001693,benign,1.7762184e-05,0.0,full,full,full
req_001694,benign,0.00019961596,0.8275375771356039,full,full,full
req_001695,benign,5.4955482e-05,0.818106027191083,full,full,full
req_001696,benign,6.842613e-05,0.7998382629847431,full,full,full
req_001697,benign,0.005217612,0.8683163387381562,full,full,full
req_001698,benign,1.7166138e-05,0.04511641751230416,full,full,full
req_001699,benign,3.2544136e-05,0.8275558985536016,full,full,full
req_001700,benign,4.196167e-05,0.0,full,full,full
req_001701,benign,1.5735626e-05,0.009855165737228017,full,full,full
req_001702,exhaustion,0.95392686,0.040920095281611515,full,full,quarantine
req_001703,benign,3.8266182e-05,0.8464141439068259,full,full,full
req_001704,benign,5.2690506e-05,0.9179703297470104,full,full,full
req_001705,benign,0.0006609559,0.05306130507207624,full,full,full
req_001706,benign,4.005432e-05,0.0400986709561474,full,full,full
req_001707,benign,1.6570091e-05,0.023227201436901906,full,full,full
req_001708,benign,1.8239021e-05,0.7880838439785895,full,full,full
req_001709,benign,0.00022703409,0.052082322880219585,full,full,full
req_001710,benign,0.00013971329,0.015293204955736958,full,full,full
req_001711,benign,0.00013017654,0.0,full,full,full
req_001712,benign,1.5377998e-05,0.015893999145447174,full,full,full
req_001713,benign,3.170967e-05,0.8515866722083251,full,full,full
req_001714,benign,0.0002246499,0.03942242795606682,full,full,full
req_001715,benign,1.6570091e-05,0.037511759848836874,full,full,full
req_001716,benign,0.00040632486,0.8218733280426609,full,full,full
req_001717,benign,1.41859055e-05,0.8165631318658955,full,full,full
req_001718,benign,1.8835068e-05,0.7773269541083181,full,full,full
req_001719,benign,0.00019747019,0.0070419275904029174,full,full,full
req_001720,injection,0.99928796,0.0,full,quarantine,quarantine
req_001721,benign,2.9325485e-05,0.01682506692587432,full,full,full
req_001722,benign,1.1205673e-05,0.02869633405836635,full,full,full
req_001723,benign,1.7166138e-05,0.04727388673232692,full,full,full
req_001724,benign,1.66893e-05,0.8514682273666405,full,full,full
req_001725,benign,3.5762787e-05,0.06879836869350953,full,full,full
req_001726,benign,0.00013065338,0.023716290975380132,full,full,full
req_001727,benign,4.839897e-05,0.8522367588029518,full,full,full
req_001728,benign,1.4543533e-05,0.04670151833316019,full,full,full
req_001729,injection,0.9995574,0.024994120085884274,full,quarantine,quarantine
req_001730,injection,0.9992902,0.029042125549056944,full,quarantine,quarantine
req_001731,exhaustion,0.999328,0.04310839452894048,full,full,quarantine
req_001732,benign,0.004816115,0.8368091001366028,full,full,full
req_001733,benign,9.906292e-05,0.7853194459602634,full,full,full
req_001734,benign,3.349781e-05,0.9218952782169338,full,full,full
req_001735,benign,0.00014197826,0.7450788407788247,full,full,full
req_001736,benign,9.1433525e-05,0.8832245666804168,full,full,full
req_001737,benign,0.00011622906,0.876666680655977,full,full,full
req_001738,benign,0.0010539889,0.8657848787624696,full,full,full
req_001739,benign,7.343292e-05,0.024393730018805238,full,full,full
req_001740,benign,0.00015771389,0.046513379797897755,full,full,full
req_001741,benign,0.00010454655,0.020874062766215326,full,full,full
req_001742,injection,0.99942064,0.02760684807749164,full,quarantine,quarantine
req_001743,benign,1.4781952e-05,0.8421554215238877,full,full,full
req_001744,benign,0.05194968,0.7790959590380828,full,full,full
req_001745,benign,0.00034093857,0.7899349913331725,full,full,full
req_001746,benign,6.771088e-05,0.0566380202278125,full,full,full
req_001747,benign,0.004685998,0.8618932889212889,full,full,full
req_001748,benign,1.7166138e-05,0.028583221100218114,full,full,full
req_001749,benign,1.7762184e-05,0.8340943085103507,full,full,full
req_001750,benign,1.8954277e-05,0.027421749585270914,full,full,full
req_001751,benign,0.00012409687,0.8249424908010503,full,full,full
req_001752,benign,2.849102e-05,0.00990470287155146,full,full,full
req_001753,benign,2.1219254e-05,0.03230986122724038,full,full,full
req_001754,benign,0.0023570657,0.040661228625759105,full,full,full
req_001755,benign,5.686283e-05,0.9360167612188344,full,full,full
req_001756,benign,0.015732348,0.022433245702225907,full,full,full
req_001757,benign,4.7326088e-05,0.021338785596332344,full,full,full
req_001758,benign,1.1086464e-05,0.7761693255596748,full,full,full
req_001759,injection,0.99758834,0.012627864350551427,full,quarantine,quarantine
req_001760,benign,1.7404556e-05,0.8899416966487883,full,full,full
req_001761,benign,3.194809e-05,0.8858613168896547,full,full,full
req_001762,benign,3.671646e-05,0.010489360700383598,full,full,full
req_001763,benign,2.6583672e-05,0.03762467132401001,full,full,full
req_001764,benign,3.552437e-05,0.02473948940608338,full,full,full
req_001765,benign,2.1338463e-05,0.888619319103318,full,full,full
req_001766,benign,0.0003798008,0.05859683626085835,full,full,full
req_001767,benign,2.2530556e-05,0.886143114528213,full,full,full
req_001768,benign,1.7046928e-05,0.04262191281387476,full,full,full
req_001769,benign,2.9206276e-05,0.8685929643481365,full,full,full
req_001770,exhaustion,0.99987483,0.018968484883209097,full,full,quarantine
req_001771,benign,7.069111e-05,0.812747186877337,full,full,full
req_001772,benign,5.6743622e-05,0.837413116088778,full,full,full
req_001773,benign,1.4543533e-05,0.02984942834838906,full,full,full
req_001774,benign,2.5510788e-05,0.854286184295403,full,full,full
req_001775,benign,0.00029605627,0.05677746089946331,full,full,full
req_001776,benign,0.00015437603,0.8267597326758114,full,full,full
req_001777,benign,0.0009472966,0.8583056925637293,full,full,full
req_001778,exhaustion,0.99991906,0.007819898163735746,full,full,quarantine
req_001779,benign,4.4703484e-05,0.8161939579576695,full,full,full
req_001780,benign,4.7564507e-05,0.9123261254052965,full,full,full
req_001781,benign,3.0398369e-05,0.8788994247585492,full,full,full
req_001782,exhaustion,0.9995099,0.01891846526641227,full,full,quarantine
req_001783,benign,1.2278557e-05,0.019346573146109235,full,full,full
req_001784,benign,2.0503998e-05,0.048057116532049346,full,full,full
req_001785,exhaustion,0.9998775,0.0,full,full,quarantine
req_001786,benign,2.1576881e-05,0.7945787303958997,full,full,full
req_001787,exhaustion,0.9680576,0.03463921219691876,full,full,quarantine
req_001788,benign,4.36306e-05,0.885530543154362,full,full,full
req_001789,benign,0.005399823,0.04090597984399212,full,full,full
req_001790,benign,1.4781952e-05,0.8278521936065586,full,full,full
req_001791,benign,2.014637e-05,0.8479343431644936,full,full,full
req_001792,exhaustion,0.9998268,0.035677412772902324,full,full,quarantine
req_001793,benign,0.00010943413,0.013649648239125511,full,full,full
req_001794,benign,3.182888e-05,0.7706761661673597,full,full,full
req_001795,benign,1.2040138e-05,0.8321104055698367,full,full,full
req_001796,exhaustion,0.9999077,0.024455472565657353,full,full,quarantine
req_001797,benign,1.7642975e-05,0.8280086699822679,full,full,full
req_001798,benign,3.4332275e-05,0.8323772933649294,full,full,full
req_001799,benign,1.0848045e-05,0.041860551638006546,full,full,full
req_001800,benign,5.2571297e-05,0.024592821428385498,full,full,full
req_001801,benign,1.8715858e-05,0.8815037947587104,full,full,full
req_001802,benign,1.3709068e-05,0.9096551846705759,full,full,full
req_001803,benign,3.2186508e-05,0.01998728289346773,full,full,full
req_001804,benign,0.0002835393,0.9159569464451216,full,full,full
req_001805,benign,1.692772e-05,0.03216763415674129,full,full,full
req_001806,benign,1.8239021e-05,0.7721029325926887,full,full,full
req_001807,exhaustion,0.99694026,0.04826498347736283,full,full,quarantine
req_001808,benign,3.0040741e-05,0.7550524283921387,full,full,full
req_001809,benign,1.3947487e-05,0.0,full,full,full
req_001810,injection,0.99935013,0.8504862674591901,full,quarantine,quarantine
req_001811,benign,3.373623e-05,0.04115795095575407,full,full,full
req_001812,benign,7.9631805e-05,0.8407476476836792,full,full,full
req_001813,benign,5.888939e-05,0.8246644942392951,full,full,full
req_001814,benign,0.0005570054,0.857112047338639,full,full,full
req_001815,benign,1.5735626e-05,0.06022597095232128,full,full,full
req_001816,benign,0.00041610003,0.0823821743311372,full,full,full
req_001817,benign,1.2993813e-05,0.8325020410707784,full,full,full
req_001818,benign,2.9921532e-05,0.8792364587982,full,full,full
req_001819,benign,5.6624413e-05,0.05139418837052584,full,full,full
req_001820,injection,0.9992932,0.02504530534335096,full,quarantine,quarantine
req_001821,benign,1.2516975e-05,0.8561325169516654,full,full,full
req_001822,benign,3.504753e-05,0.827992327749674,full,full,full
req_001823,injection,0.99935544,0.9032891006921925,full,quarantine,quarantine
req_001824,benign,3.671646e-05,0.8780784722509836,full,full,full
req_001825,benign,1.4901161e-05,0.02249420960389997,full,full,full
req_001826,benign,0.00045341253,0.039792043087564045,full,full,full
req_001827,benign,4.36306e-05,0.9309240156687081,full,full,full
req_001828,benign,0.00014042854,0.05617616590926176,full,full,full
req_001829,benign,0.00032866,0.015889306087024005,full,full,full
req_001830,benign,1.5497208e-05,0.02603503831546475,full,full,full
req_001831,benign,2.5510788e-05,0.0382113530700982,full,full,full
req_001832,benign,0.3942914,0.03659882138943663,full,full,sandbox
req_001833,benign,3.0398369e-05,0.05410935481915592,full,full,full
req_001834,benign,2.0384789e-05,0.032834499679092695,full,full,full
req_001835,benign,3.9577484e-05,0.8934896441342512,full,full,full
req_001836,benign,0.00023716688,0.021094924567985195,full,full,full
req_001837,benign,1.513958e-05,0.8483573646941924,full,full,full
req_001838,benign,2.69413e-05,0.8038054890802148,full,full,full
req_001839,benign,1.680851e-05,0.8281118843025391,full,full,full
req_001840,exhaustion,0.99942446,0.8299045631152876,full,full,quarantine
req_001841,benign,2.861023e-05,0.032531650292779574,full,full,full
req_001842,benign,0.00013267994,0.043703388651608444,full,full,full
req_001843,injection,0.9995284,0.021851269356189806,full,quarantine,quarantine
req_001844,benign,9.894371e-05,0.07402104405357937,full,full,full
req_001845,benign,7.915497e-05,0.0057563591806439884,full,full,full
req_001846,benign,6.0915947e-05,0.7772803035764417,full,full,full
req_001847,benign,2.8729439e-05,0.8091850533562339,full,full,full
req_001848,benign,2.2530556e-05,0.050862196778171054,full,full,full
req_001849,benign,9.3102455e-05,0.8143338153123257,full,full,full
req_001850,benign,2.2768974e-05,0.030770250204714727,full,full,full
req_001851,benign,1.5616417e-05,0.8781184218344824,full,full,full
req_001852,benign,3.1471252e-05,0.8398532591707251,full,full,full
req_001853,injection,0.99948156,0.034075062474548334,full,quarantine,quarantine
req_001854,benign,8.08239e-05,0.04295222496640414,full,full,full
req_001855,benign,0.00048482418,0.037957085747031334,full,full,full
req_001856,benign,4.4941902e-05,0.034341295570277236,full,full,full
req_001857,benign,9.6440315e-05,0.020954653290899482,full,full,full
req_001858,benign,0.0003181696,0.9169178450912631,full,full,full
req_001859,benign,0.0004696846,0.8518166125809062,full,full,full
req_001860,benign,1.513958e-05,0.893212949940861,full,full,full
req_001861,injection,0.9994894,0.007716344468763223,full,quarantine,quarantine
req_001862,benign,2.4557114e-05,0.9030633928267212,full,full,full
req_001863,benign,0.00087183714,0.8601097429152599,full,full,full
req_001864,benign,2.2768974e-05,0.8398783823713775,full,full,full
req_001865,injection,0.9990658,0.036257955468546585,full,quarantine,quarantine
req_001866,benign,5.90086e-05,0.023281230212653586,full,full,full
req_001867,benign,1.2636185e-05,0.008659309683728411,full,full,full
req_001868,benign,0.0001385212,0.8253182087137267,full,full,full
req_001869,benign,1.847744e-05,0.7859549016909331,full,full,full
req_001870,injection,0.9991792,0.03225938308513815,full,quarantine,quarantine
req_001871,benign,0.00011599064,0.039880345762666046,full,full,full
req_001872,benign,1.2516975e-05,0.032576085027332766,full,full,full
req_001873,exhaustion,0.9989393,0.03593862119759923,full,full,quarantine
req_001874,benign,4.4107437e-05,0.898222823471885,full,full,full
req_001875,injection,0.999489,0.020402278294365226,full,quarantine,quarantine
req_001876,benign,2.4318695e-05,0.020650029736592336,full,full,full
req_001877,benign,1.2636185e-05,0.03470459834954584,full,full,full
req_001878,benign,0.0005723834,0.07418860997145667,full,full,full
req_001879,benign,1.180172e-05,0.010408820861182139,full,full,full
req_001880,benign,1.5735626e-05,0.047997929724143205,full,full,full
req_001881,benign,0.00031661987,0.7616641374266014,full,full,full
req_001882,benign,4.1007996e-05,0.8317848022915971,full,full,full
req_001883,benign,1.9669533e-05,0.8801576210194957,full,full,full
req_001884,benign,0.00026124716,0.029881714044926067,full,full,full
req_001885,benign,1.168251e-05,0.013071479411620224,full,full,full
req_001886,benign,2.7894974e-05,0.039445934082703846,full,full,full
req_001887,benign,1.7762184e-05,0.03232383019162176,full,full,full
req_001888,benign,0.00011050701,0.04750528554014358,full,full,full
req_001889,benign,1.8119812e-05,0.0,full,full,full
req_001890,benign,0.0015095472,0.8677167116522249,full,full,full
req_001891,benign,1.5616417e-05,0.8571330318233155,full,full,full
req_001892,benign,4.5776367e-05,0.8267579546055979,full,full,full
req_001893,benign,1.8835068e-05,0.8316269178411817,full,full,full
req_001894,benign,0.0004504323,0.945258915568504,full,full,full
req_001895,benign,3.0994415e-05,0.048404491501168684,full,full,full
req_001896,exhaustion,0.9996245,0.04356379806714573,full,full,quarantine
req_001897,benign,3.5762787e-05,0.07365470264446497,full,full,full
req_001898,benign,6.1154366e-05,0.00514469349891182,full,full,full
req_001899,benign,1.835823e-05,0.8861363388971275,full,full,full
req_001900,benign,1.9907951e-05,0.014018363234848348,full,full,full
req_001901,benign,0.0006546378,0.8089896465994884,full,full,full
req_001902,benign,1.4781952e-05,0.015834210306175257,full,full,full
req_001903,benign,2.8371811e-05,0.012291724148243977,full,full,full
req_001904,benign,4.4703484e-05,0.014952167570918638,full,full,full
req_001905,benign,1.3589859e-05,0.7723720886464797,full,full,full
req_001906,benign,0.00041097403,0.025670605079823716,full,full,full
req_001907,injection,0.99939156,0.017238008811493784,full,quarantine,quarantine
req_001908,benign,1.8239021e-05,0.0003391979355053046,full,full,full
req_001909,benign,1.2636185e-05,0.8143645652731171,full,full,full
req_001910,benign,0.0001295805,0.8401588859413583,full,full,full
req_001911,benign,1.8119812e-05,0.8524646566580658,full,full,full
req_001912,benign,8.094311e-05,0.9190491220027484,full,full,full
req_001913,benign,1.1920929e-05,0.9423452898561557,full,full,full
req_001914,benign,2.0742416e-05,0.004208079785455867,full,full,full
req_001915,benign,4.2319298e-05,0.05945821037168331,full,full,full
req_001916,benign,9.715557e-05,0.8554450735885869,full,full,full
req_001917,benign,1.6331673e-05,0.07062973320327476,full,full,full
req_001918,injection,0.99945533,0.013103915452775214,full,quarantine,quarantine
req_001919,injection,0.99946,0.02623235468482194,full,quarantine,quarantine
req_001920,benign,0.00011110306,0.027179289721644424,full,full,full
req_001921,benign,3.1352043e-05,0.06406055231497143,full,full,full
req_001922,benign,2.1576881e-05,0.005380018826100719,full,full,full
req_001923,benign,5.2809715e-05,0.06106790930628075,full,full,full
req_001924,benign,1.4901161e-05,0.8770491218225749,full,full,full
req_001925,benign,0.02320671,0.02612867703452456,full,full,full
req_001926,benign,2.527237e-05,0.7985135209484555,full,full,full
req_001927,benign,1.9550323e-05,0.7654426928387235,full,full,full
req_001928,benign,3.0636787e-05,0.04569415221924264,full,full,full
req_001929,benign,7.367134e-05,0.03460639400406772,full,full,full
req_001930,benign,6.020069e-05,0.03622067970584761,full,full,full
req_001931,benign,3.862381e-05,0.8506137692555716,full,full,full
req_001932,injection,0.999533,0.01322427186092991,full,quarantine,quarantine
req_001933,benign,1.9311905e-05,0.014271361979188723,full,full,full
req_001934,benign,4.6014786e-05,0.01017441861416939,full,full,full
req_001935,benign,4.029274e-05,0.04805586957327852,full,full,full
req_001936,benign,2.026558e-05,0.06324262932313374,full,full,full
req_001937,benign,5.4001808e-05,0.8359459110628472,full,full,full
req_001938,benign,2.2292137e-05,0.8814099262743952,full,full,full
req_001939,benign,9.226799e-05,0.0,full,full,full
req_001940,benign,1.4424324e-05,0.025758895408081843,full,full,full
req_001941,benign,1.7523766e-05,0.9232032706192305,full,full,full
req_001942,benign,0.98225176,0.8370844831823816,full,full,quarantine
req_001943,exhaustion,0.9994364,0.04669118853506143,full,full,quarantine
req_001944,benign,3.2186508e-05,0.8737241376029741,full,full,full
req_001945,benign,0.0010267496,0.8418942862435086,full,full,full
req_001946,benign,1.7046928e-05,0.8270140949362965,full,full,full
req_001947,benign,4.351139e-05,0.8241763298462897,full,full,full
req_001948,benign,2.3722649e-05,0.9037428254224611,full,full,full
req_001949,benign,4.3034554e-05,0.04033482361985648,full,full,full
req_001950,benign,5.376339e-05,0.809425904544014,full,full,full
req_001951,benign,0.0002604127,0.04877841769864552,full,full,full
req_001952,exhaustion,0.9994511,0.031348139695088297,full,full,quarantine
req_001953,benign,1.4305115e-05,0.016610472940378884,full,full,full
req_001954,benign,2.4914742e-05,0.9466281005975332,full,full,full
req_001955,benign,1.2993813e-05,0.7933612297196468,full,full,full
req_001956,benign,0.00038325787,0.8641049432798199,full,full,full
req_001957,benign,0.0006522536,0.820653877052845,full,full,full
req_001958,benign,0.00017946959,0.045465570222396195,full,full,full
req_001959,benign,1.0251999e-05,0.7996955707969806,full,full,full
req_001960,benign,2.6226044e-05,0.858686293627358,full,full,full
req_001961,benign,3.7312508e-05,0.021632015510356845,full,full,full
req_001962,benign,3.552437e-05,0.8374501254244985,full,full,full
req_001963,benign,2.3245811e-05,0.8345762907170176,full,full,full
req_001964,benign,1.692772e-05,0.036908848606048955,full,full,full
req_001965,benign,0.00072044134,0.9450769623491371,full,full,full
req_001966,benign,1.3113022e-05,0.0,full,full,full
req_001967,benign,7.331371e-05,0.8164560449119413,full,full,full
req_001968,benign,0.0020011067,0.784348999170721,full,full,full
req_001969,exhaustion,0.9990673,0.02685545506855276,full,full,quarantine
req_001970,benign,5.6505203e-05,0.04224694843829711,full,full,full
req_001971,benign,2.9921532e-05,0.7929153599788022,full,full,full
req_001972,benign,8.165836e-05,0.892856894832675,full,full,full
req_001973,benign,0.0008651614,0.8615060592451926,full,full,full
req_001974,benign,0.00016200542,0.014272623195516296,full,full,full
req_001975,benign,0.0001925826,0.8844139921474465,full,full,full
req_001976,benign,0.0012869835,0.8522685230309619,full,full,full
req_001977,benign,2.2053719e-05,0.811038927187088,full,full,full
req_001978,exhaustion,0.9994371,0.046089659093547425,full,full,quarantine
req_001979,injection,0.99680525,0.05082405509109526,full,full,quarantine
req_001980,exhaustion,0.99985665,0.018760566334947052,full,full,quarantine
req_001981,benign,1.21593475e-05,0.8363499252826381,full,full,full
req_001982,exhaustion,0.9997693,0.04142915144208253,full,full,quarantine
req_001983,benign,0.00024241209,0.016174432876278434,full,full,full
req_001984,benign,1.859665e-05,0.04873857133258849,full,full,full
req_001985,exhaustion,0.99568355,0.042067721915761906,full,full,quarantine
req_001986,benign,1.3232231e-05,0.07780145361490552,full,full,full
req_001987,benign,5.6028366e-05,0.8303883949455318,full,full,full
req_001988,benign,0.0016486645,0.05276950572633575,full,full,full
req_001989,benign,6.890297e-05,0.812047982864108,full,full,full
req_001990,benign,0.000103116035,0.013634488791688795,full,full,full
req_001991,benign,2.336502e-05,0.8414106585848671,full,full,full
req_001992,benign,5.054474e-05,0.0356305869003021,full,full,full
req_001993,benign,1.6331673e-05,0.9101162378417301,full,full,full
req_001994,benign,2.014637e-05,0.9307815141739013,full,full,full
req_001995,benign,2.515316e-05,0.001862105902097396,full,full,full
req_001996,exhaustion,0.9999103,0.049640886765221146,full,full,quarantine
req_001997,benign,1.8119812e-05,0.7951164659206472,full,full,full
req_001998,benign,0.02760607,0.9075354321321351,full,full,full
req_001999,benign,1.2040138e-05,0.0601238986733251,full,full,full
req_002000,benign,0.00016510487,0.0762010174845503,full,full,full
req_002001,benign,1.41859055e-05,0.7761829795998847,full,full,full
req_002002,benign,1.7642975e-05,0.9372369580532622,full,full,full
req_002003,benign,4.8041344e-05,0.8136600184265538,full,full,full
req_002004,benign,1.5735626e-05,0.03683863533348932,full,full,full
req_002005,benign,2.670288e-05,0.05328937951020908,full,full,full
req_002006,benign,5.1379204e-05,0.03841578743888359,full,full,full
req_002007,exhaustion,0.99989694,0.044105745495060446,full,full,quarantine
req_002008,benign,0.00020545721,0.06944908058383287,full,full,full
req_002009,exhaustion,0.9999137,0.07122892631263715,full,full,quarantine
req_002010,exhaustion,0.99974287,0.0,full,full,quarantine
req_002011,exhaustion,0.0062085986,0.06334826653588313,full,full,full
req_002012,benign,2.8371811e-05,0.8676483722967524,full,full,full
req_002013,benign,0.001876533,0.01641616138818007,full,full,full
req_002014,benign,0.00095897913,0.028889235944281246,full,full,full
req_002015,benign,0.005781412,0.8560638720668208,full,full,full
req_002016,benign,3.4332275e-05,0.015547444215902591,full,full,full
req_002017,injection,0.99940217,0.07208421661167899,full,quarantine,quarantine
req_002018,benign,1.1563301e-05,0.8236365000423402,full,full,full
req_002019,benign,2.1576881e-05,0.027167950428608933,full,full,full
req_002020,benign,0.0001335144,0.8295878734188857,full,full,full
req_002021,benign,6.1273575e-05,0.005473119929708899,full,full,full
req_002022,exhaustion,0.9982134,0.03933668912445618,full,full,quarantine
req_002023,benign,3.9458275e-05,0.916542201815986,full,full,full
req_002024,benign,1.7762184e-05,0.04371901104777723,full,full,full
req_002025,exhaustion,0.9996546,0.03127230096849767,full,full,quarantine
req_002026,benign,1.8000603e-05,0.05273490538801886,full,full,full
req_002027,benign,2.4080276e-05,0.9386911223292072,full,full,full
req_002028,benign,5.51939e-05,0.03502381686213768,full,full,full
req_002029,benign,1.3828278e-05,0.05552937152084429,full,full,full
req_002030,benign,4.1365623e-05,0.7410634603446176,full,full,full
req_002031,benign,1.41859055e-05,0.8276483394071221,full,full,full
req_002032,benign,1.4305115e-05,0.9507629429046555,full,full,full
req_002033,benign,1.7166138e-05,0.8664467259016657,full,full,full
req_002034,benign,1.1205673e-05,0.0186427008940794,full,full,full
req_002035,benign,1.2755394e-05,0.8481583632385565,full,full,full
req_002036,benign,5.4121017e-05,0.9601793815464239,full,full,full
req_002037,benign,4.863739e-05,0.015245484819924071,full,full,full
req_002038,benign,0.010319889,0.7821133351187629,full,full,full
req_002039,benign,1.3709068e-05,0.7891626657418337,full,full,full
req_002040,exhaustion,0.9973486,0.019901108564541983,full,full,quarantine
req_002041,benign,1.3113022e-05,0.03872956165180899,full,full,full
req_002042,benign,9.4890594e-05,0.8074759044400679,full,full,full
req_002043,benign,1.7523766e-05,0.06368457211246577,full,full,full
req_002044,benign,3.9696693e-05,0.0030009659357118565,full,full,full
req_002045,benign,2.7298927e-05,0.05439678687622572,full,full,full
req_002046,benign,2.336502e-05,0.8728779624103261,full,full,full
req_002047,benign,1.8715858e-05,0.87294419325464,full,full,full
req_002048,benign,8.523464e-05,0.7718107917678517,full,full,full
req_002049,benign,1.9431114e-05,0.8815372607480351,full,full,full
req_002050,benign,0.000103116035,0.029203932164129323,full,full,full
req_002051,exhaustion,0.9266876,0.017967119411849475,full,full,quarantine
req_002052,benign,3.7789345e-05,0.8663583656652539,full,full,full
req_002053,benign,0.00017023087,0.761712203589451,full,full,full
req_002054,benign,0.0027244687,0.05529420734388987,full,full,full
req_002055,benign,8.571148e-05,0.7980327410577879,full,full,full
req_002056,benign,1.9431114e-05,0.8330867316386931,full,full,full
req_002057,injection,0.9996585,0.02615751197292695,full,quarantine,quarantine
req_002058,benign,3.0398369e-05,0.0,full,full,full
req_002059,benign,9.286404e-05,0.7986703737889288,full,full,full
req_002060,benign,0.00015676022,0.04054968327187515,full,full,full
req_002061,benign,1.0251999e-05,0.7223018689132644,full,full,full
req_002062,benign,0.00031113625,0.03643712676419006,full,full,full
req_002063,benign,9.727478e-05,0.9407639154546807,full,full,full
req_002064,benign,2.1576881e-05,0.02094203130932145,full,full,full
req_002065,benign,5.2809715e-05,0.011331460710396334,full,full,full
req_002066,benign,1.5735626e-05,0.04712070416880811,full,full,full
req_002067,benign,1.9550323e-05,0.04501880078520515,full,full,full
req_002068,benign,1.0728836e-05,0.03294608307181287,full,full,full
req_002069,benign,0.00025373697,0.8764946320844201,full,full,full
req_002070,benign,1.5258789e-05,0.004645339210063101,full,full,full
req_002071,benign,1.9311905e-05,0.0360632735866315,full,full,full
req_002072,benign,2.3007393e-05,0.001201639570761883,full,full,full
req_002073,benign,2.2888184e-05,0.770964661819281,full,full,full
req_002074,exhaustion,0.9939033,0.08338141795223605,full,full,quarantine
req_002075,benign,0.00029367208,0.8428952625003927,full,full,full
req_002076,benign,6.389618e-05,0.024051407801261103,full,full,full
req_002077,benign,9.250641e-05,0.04821001093805439,full,full,full
req_002078,benign,0.00010097027,0.01864121943312442,full,full,full
req_002079,benign,2.2649765e-05,0.8938939198872201,full,full,full
req_002080,benign,0.0014269352,0.02670915012596463,full,full,full
req_002081,benign,2.336502e-05,0.016662282401443854,full,full,full
req_002082,benign,0.022173107,0.8071825550750061,full,full,full
req_002083,benign,1.4901161e-05,0.03682111629885136,full,full,full
req_002084,benign,0.00018876791,0.004111482859575039,full,full,full
req_002085,injection,0.9994627,0.04080384286148326,full,quarantine,quarantine
req_002086,benign,2.503395e-05,0.008741826136832165,full,full,full
req_002087,benign,1.7404556e-05,0.796771828618487,full,full,full
req_002088,benign,1.9550323e-05,0.838784037668461,full,full,full
req_002089,benign,1.835823e-05,0.058370661296487714,full,full,full
req_002090,benign,3.6239624e-05,0.022109245358428693,full,full,full
req_002091,exhaustion,0.99990547,0.04814563827342973,full,full,quarantine
req_002092,benign,1.6093254e-05,0.01554315471244201,full,full,full
req_002093,benign,3.182888e-05,0.8558880876235948,full,full,full
req_002094,benign,1.7642975e-05,0.8816598397860012,full,full,full
req_002095,benign,1.7166138e-05,0.8286646980725565,full,full,full
req_002096,benign,0.00012946129,0.7865978667489427,full,full,full
req_002097,benign,1.50203705e-05,0.8512889828665228,full,full,full
req_002098,benign,0.00017982721,0.843637688405112,full,full,full
req_002099,benign,3.886223e-05,0.8040630288423382,full,full,full
req_002100,benign,3.6597252e-05,0.025757034627148925,full,full,full
req_002101,benign,5.7458878e-05,0.018656553366097665,full,full,full
req_002102,benign,1.50203705e-05,0.8971374122399972,full,full,full
req_002103,benign,1.7285347e-05,0.9262254130663351,full,full,full
req_002104,benign,1.2874603e-05,0.02247505364022001,full,full,full
req_002105,benign,2.3126602e-05,0.8599769388601236,full,full,full
req_002106,benign,3.8266182e-05,0.01833975087243741,full,full,full
req_002107,benign,2.18153e-05,0.796839298994332,full,full,full
req_002108,benign,2.9325485e-05,0.05746354923734672,full,full,full
req_002109,benign,4.4465065e-05,0.07129114964948638,full,full,full
req_002110,benign,4.4107437e-05,0.03248234803569143,full,full,full
req_002111,benign,4.6372414e-05,0.9330123410441897,full,full,full
req_002112,benign,1.7642975e-05,0.04559959558001459,full,full,full
req_002113,benign,2.2172928e-05,0.034044207516264996,full,full,full
req_002114,benign,0.00026506186,0.0357781139273557,full,full,full
req_002115,benign,1.347065e-05,0.04892545620074415,full,full,full
req_002116,benign,2.5987625e-05,0.9167518204770284,full,full,full
req_002117,benign,1.7881393e-05,0.06866566091815651,full,full,full
req_002118,benign,3.862381e-05,0.012250307566632989,full,full,full
req_002119,exhaustion,0.9999408,0.0028131038072406536,full,full,quarantine
req_002120,benign,0.00039476156,0.8676561453421962,full,full,full
req_002121,benign,5.209446e-05,0.004046310617472203,full,full,full
req_002122,benign,0.00013971329,0.015725259375220506,full,full,full
req_002123,exhaustion,0.996665,0.0,full,full,quarantine
req_002124,exhaustion,0.9983548,0.05044570965858272,full,full,quarantine
req_002125,benign,0.00010609627,0.7796307927777003,full,full,full
req_002126,benign,8.559227e-05,0.028684922251363657,full,full,full
req_002127,injection,0.9985363,0.01780516310846983,full,quarantine,quarantine
req_002128,injection,0.99912137,0.0,full,quarantine,quarantine
req_002129,benign,4.374981e-05,0.0,full,full,full
req_002130,injection,0.99891174,0.03364900336134629,full,quarantine,quarantine
req_002131,benign,2.336502e-05,0.844413019779304,full,full,full
req_002132,benign,0.00022500753,0.8288815040791176,full,full,full
req_002133,benign,1.5735626e-05,0.7824054276066762,full,full,full
req_002134,benign,8.404255e-05,0.8330561985847618,full,full,full
req_002135,benign,1.2397766e-05,0.0838684670473672,full,full,full
req_002136,benign,1.5377998e-05,0.8258098702751929,full,full,full
req_002137,benign,1.2993813e-05,0.8240668415185654,full,full,full
req_002138,benign,1.4424324e-05,0.03393155329651502,full,full,full
req_002139,benign,1.347065e-05,0.8111549098912891,full,full,full
req_002140,benign,1.3709068e-05,0.9008966307694447,full,full,full
req_002141,benign,2.9206276e-05,0.8678532257548686,full,full,full
req_002142,exhaustion,0.73877364,0.04082300790713583,full,full,sandbox
req_002143,benign,2.849102e-05,0.8785483863972207,full,full,full
req_002144,benign,2.2411346e-05,0.9112813321735324,full,full,full
req_002145,benign,3.5643578e-05,0.03832206413440041,full,full,full
req_002146,benign,5.5789948e-05,0.9064977040983784,full,full,full
req_002147,benign,0.0026496649,0.8058561664707191,full,full,full
req_002148,injection,0.9992904,0.02284187580750286,full,quarantine,quarantine
req_002149,benign,2.0503998e-05,0.023372117049476667,full,full,full
req_002150,benign,3.9696693e-05,0.8573540776164931,full,full,full
req_002151,benign,2.9206276e-05,0.040832878313771304,full,full,full
req_002152,benign,0.000116586685,0.02569639913386136,full,full,full
req_002153,benign,0.00011396408,0.020194949958388067,full,full,full
req_002154,benign,0.0011808276,0.8478717177822129,full,full,full
req_002155,benign,3.0994415e-05,0.8587980014832086,full,full,full
req_002156,benign,0.00028854609,0.8779487760052122,full,full,full
req_002157,benign,4.1246414e-05,0.04512040917209766,full,full,full
req_002158,injection,0.9993696,0.8659842656880984,full,quarantine,quarantine
req_002159,benign,2.193451e-05,0.9010238484958063,full,full,full
req_002160,benign,1.2874603e-05,0.012413584780966654,full,full,full
req_002161,benign,4.6610832e-05,0.8500093136124253,full,full,full
req_002162,benign,6.3061714e-05,0.02813753309956311,full,full,full
req_002163,benign,8.4757805e-05,0.02753824318017343,full,full,full
req_002164,exhaustion,0.9981175,0.0501877873997638,full,full,quarantine
req_002165,benign,3.2782555e-05,0.92703207030973,full,full,full
req_002166,injection,0.99951863,0.02944148313055997,full,quarantine,quarantine
req_002167,benign,8.845329e-05,0.040290920992698515,full,full,full
req_002168,benign,3.3140182e-05,0.8363189056952717,full,full,full
req_002169,benign,2.5510788e-05,0.8936875558441373,full,full,full
req_002170,benign,1.9311905e-05,0.8222567886292672,full,full,full
req_002171,benign,3.0398369e-05,0.8704138663145708,full,full,full
req_002172,benign,1.7642975e-05,0.8237191291123487,full,full,full
req_002173,benign,0.00011467934,0.837979182324847,full,full,full
req_002174,benign,0.0013386011,0.9476693539775287,full,full,full
req_002175,benign,2.026558e-05,0.7930558986518086,full,full,full
req_002176,exhaustion,0.99738497,0.0314520847630166,full,full,quarantine
req_002177,benign,2.4080276e-05,0.052217718352932735,full,full,full
req_002178,benign,2.1576881e-05,0.7976989582875159,full,full,full
req_002179,benign,0.004839599,0.917549588055829,full,full,full
req_002180,injection,0.99945456,0.017404458264164625,full,quarantine,quarantine
req_002181,benign,3.9815903e-05,0.024379660324498474,full,full,full
req_002182,benign,0.0005440116,0.043507521406536465,full,full,full
req_002183,benign,0.0001232624,0.8131702913088977,full,full,full
req_002184,benign,4.0888786e-05,0.9354744828748047,full,full,full
req_002185,benign,4.9114227e-05,0.7794046656319646,full,full,full
req_002186,benign,4.708767e-05,0.827647795200236,full,full,full
req_002187,benign,0.0012397766,0.7538545849138842,full,full,full
req_002188,benign,2.6583672e-05,0.8652584390549332,full,full,full
req_002189,exhaustion,0.9970439,0.0023347397623490786,full,full,quarantine
req_002190,benign,7.164478e-05,0.8989730858915123,full,full,full
req_002191,benign,0.0077926517,0.9297516941222095,full,full,full
req_002192,benign,1.9311905e-05,0.8529713265293357,full,full,full
req_002193,injection,0.99943846,0.022357183045251076,full,quarantine,quarantine
req_002194,benign,1.335144e-05,0.8992572577788079,full,full,full
req_002195,benign,9.429455e-05,0.8239855821383676,full,full,full
req_002196,benign,0.00031793118,0.04638181934395548,full,full,full
req_002197,benign,1.8835068e-05,0.8307061915149118,full,full,full
req_002198,benign,6.222725e-05,0.03627281834652461,full,full,full
req_002199,benign,0.00023955107,0.8515489303278935,full,full,full
req_002200,benign,4.4345856e-05,0.9096192694406253,full,full,full
req_002201,benign,1.4543533e-05,0.022596057499974162,full,full,full
req_002202,benign,0.00041168928,0.8614029773741593,full,full,full
req_002203,benign,2.9087067e-05,0.7248701693033219,full,full,full
req_002204,benign,0.0005995035,0.8553106446556664,full,full,full
req_002205,benign,9.6321106e-05,0.8738220821068694,full,full,full
req_002206,benign,1.3232231e-05,0.005677897204627757,full,full,full
req_002207,benign,4.0888786e-05,0.019007682565278287,full,full,full
req_002208,benign,4.374981e-05,0.905083033031575,full,full,full
req_002209,benign,0.00014936924,0.029142989458418676,full,full,full
req_002210,benign,9.9778175e-05,0.022077040610604524,full,full,full
req_002211,benign,2.5391579e-05,0.8925047869559163,full,full,full
req_002212,benign,3.8027763e-05,0.9365265824962296,full,full,full
req_002213,benign,1.1444092e-05,0.044379443560518386,full,full,full
req_002214,exhaustion,0.99499756,0.03048766119482289,full,full,quarantine
req_002215,exhaustion,0.99922276,0.030600332215303703,full,full,quarantine
req_002216,benign,0.38047642,0.9055754747022244,full,full,sandbox
req_002217,benign,2.4676323e-05,0.765059459431437,full,full,full
req_002218,benign,0.00040465593,0.011846150591725457,full,full,full
req_002219,benign,8.72612e-05,0.8756936444947686,full,full,full
req_002220,benign,2.0742416e-05,0.8696866722723212,full,full,full
req_002221,benign,2.527237e-05,0.0,full,full,full
req_002222,benign,7.343292e-05,0.7719011298512624,full,full,full
req_002223,benign,3.9458275e-05,0.863600050245015,full,full,full
req_002224,benign,2.7656555e-05,0.9502109356992637,full,full,full
req_002225,benign,4.4345856e-05,0.04565537738379079,full,full,full
req_002226,benign,6.9618225e-05,0.8590702140487887,full,full,full
req_002227,exhaustion,0.9999537,0.08713453587024436,full,full,quarantine
req_002228,injection,0.9992783,0.05403654230392659,full,quarantine,quarantine
req_002229,benign,1.7523766e-05,0.9050257630491136,full,full,full
req_002230,benign,2.5510788e-05,0.056900003813028,full,full,full
req_002231,exhaustion,0.9994924,0.07308607950923227,full,full,quarantine
req_002232,benign,1.1920929e-05,0.8766329831388983,full,full,full
req_002233,benign,8.1539154e-05,0.868217979349627,full,full,full
req_002234,injection,0.99907804,0.06393931400118694,full,quarantine,quarantine
req_002235,benign,0.00045388937,0.023475435128049893,full,full,full
req_002236,benign,1.180172e-05,0.019577270067991148,full,full,full
req_002237,benign,0.0011513233,0.778565715422812,full,full,full
req_002238,benign,1.9431114e-05,0.02226182002030371,full,full,full
req_002239,exhaustion,0.99195683,0.02425238424954059,full,full,quarantine
req_002240,injection,0.99964887,0.03814843526874649,full,quarantine,quarantine
req_002241,benign,1.513958e-05,0.8456752463663071,full,full,full
req_002242,benign,5.8054924e-05,0.040688953828484475,full,full,full
req_002243,benign,8.2850456e-05,0.8605599662835989,full,full,full
req_002244,benign,2.4914742e-05,0.8532345590025036,full,full,full
req_002245,benign,0.00025993586,0.819525618368466,full,full,full
req_002246,injection,0.99945134,0.05186874706918089,full,quarantine,quarantine
req_002247,benign,1.3589859e-05,0.8065062380574588,full,full,full
req_002248,injection,0.99947816,0.02088645396585783,full,quarantine,quarantine
req_002249,benign,0.00019460917,0.8371203407398037,full,full,full
req_002250,benign,1.7642975e-05,0.8704090415691302,full,full,full
req_002251,benign,1.6212463e-05,0.03705498954765144,full,full,full
req_002252,benign,2.0623207e-05,0.05892247353401221,full,full,full
req_002253,benign,3.361702e-05,0.017301475781714537,full,full,full
req_002254,benign,5.5789948e-05,0.0355270225850302,full,full,full
req_002255,benign,2.0742416e-05,0.8553406617722128,full,full,full
req_002256,benign,5.1021576e-05,0.06251800926723006,full,full,full
req_002257,benign,9.62019e-05,0.8343964121535743,full,full,full
req_002258,benign,3.159046e-05,0.8906599396543587,full,full,full
req_002259,benign,1.3709068e-05,0.025402070246468088,full,full,full
req_002260,benign,1.5854836e-05,0.8573874464798495,full,full,full
req_002261,benign,5.00679e-05,0.8513069243277545,full,full,full
req_002262,benign,3.9935112e-05,0.8207610955575992,full,full,full
req_002263,benign,5.3286552e-05,0.015367162527374717,full,full,full
req_002264,benign,1.6450882e-05,0.8744840807708211,full,full,full
req_002265,benign,1.66893e-05,0.8794809395105567,full,full,full
req_002266,benign,1.2397766e-05,0.024231668006415324,full,full,full
req_002267,benign,3.552437e-05,0.030980157743731238,full,full,full
req_002268,benign,1.4305115e-05,0.04992877385156947,full,full,full
req_002269,exhaustion,0.9987444,0.06439039296208698,full,full,quarantine
req_002270,benign,0.00018316507,0.023719592340210784,full,full,full
req_002271,benign,0.00045067072,0.884763567491012,full,full,full
req_002272,benign,0.017178237,0.026612653551570158,full,full,full
req_002273,benign,7.176399e-05,0.7952195992635565,full,full,full
req_002274,benign,2.8371811e-05,0.8114889585840743,full,full,full
req_002275,benign,9.608269e-05,0.7971606100714492,full,full,full
req_002276,benign,1.3828278e-05,0.8888645165498082,full,full,full
req_002277,benign,3.361702e-05,0.6722626957374738,full,full,full
req_002278,benign,4.9710274e-05,0.9495322220970189,full,full,full
req_002279,benign,7.212162e-05,0.8052679477492438,full,full,full
req_002280,benign,0.00068342686,0.020549358573609684,full,full,full
req_002281,benign,0.0001295805,0.0037275299122421293,full,full,full
req_002282,injection,0.9978106,0.02261844240386073,full,quarantine,quarantine
req_002283,benign,0.0011307597,0.7851418448498093,full,full,full
req_002284,injection,0.9994224,0.03899228586738461,full,quarantine,quarantine
req_002285,benign,2.2172928e-05,0.8453154717746603,full,full,full
req_002286,benign,2.3126602e-05,0.881176222062185,full,full,full
req_002287,benign,1.1563301e-05,0.8034800825436854,full,full,full
req_002288,benign,1.2755394e-05,0.019623694527540883,full,full,full
req_002289,benign,1.7523766e-05,0.8151292967854245,full,full,full
req_002290,benign,0.00019937754,0.8659660914708658,full,full,full
req_002291,benign,5.51939e-05,0.8844786937755977,full,full,full
req_002292,benign,6.890297e-05,0.8392235226348548,full,full,full
req_002293,benign,3.6001205e-05,0.0462186970384313,full,full,full
req_002294,benign,3.182888e-05,0.025432320731073727,full,full,full
req_002295,benign,2.1219254e-05,0.8473207911654931,full,full,full
req_002296,benign,2.1457672e-05,0.836900862297974,full,full,full
req_002297,benign,3.3140182e-05,0.021510560471522833,full,full,full
req_002298,benign,0.0002297759,0.9031175716899691,full,full,full
req_002299,benign,1.9073486e-05,0.0376412013933294,full,full,full
req_002300,benign,2.5510788e-05,0.8381260959349729,full,full,full
req_002301,benign,0.001550436,0.8609519168156641,full,full,full
req_002302,benign,4.6133995e-05,0.82456875917237,full,full,full
req_002303,benign,2.4676323e-05,0.8350070541672594,full,full,full
req_002304,benign,3.4928322e-05,0.04046643749614885,full,full,full
req_002305,benign,1.13248825e-05,0.7754167947635617,full,full,full
req_002306,benign,8.261204e-05,0.8352724163831605,full,full,full
req_002307,benign,0.00011527538,0.8626401290574199,full,full,full
req_002308,benign,3.2663345e-05,0.7729478822060946,full,full,full
req_002309,benign,2.0980835e-05,0.7968137058875735,full,full,full
req_002310,injection,0.99938726,0.04081592528801149,full,quarantine,quarantine
req_002311,exhaustion,0.6759552,0.012966401250375983,full,full,sandbox
req_002312,benign,0.0019483566,0.0530212182345705,full,full,full
req_002313,benign,1.7762184e-05,0.8846127808852677,full,full,full
req_002314,benign,0.000108242035,0.0,full,full,full
req_002315,injection,0.9994941,0.0,full,quarantine,quarantine
req_002316,benign,7.224083e-05,0.8491363943887814,full,full,full
req_002317,benign,4.4107437e-05,0.8565997496709709,full,full,full
req_002318,benign,1.1920929e-05,0.8721728682452856,full,full,full
req_002319,benign,1.3709068e-05,0.8238453406856988,full,full,full
req_002320,benign,0.0018160939,0.8173467654562753,full,full,full
req_002321,exhaustion,0.999744,0.011477954309977511,full,full,quarantine
req_002322,benign,4.6133995e-05,0.7994512828977276,full,full,full
req_002323,benign,2.3126602e-05,0.8229906040135706,full,full,full
req_002324,benign,8.499622e-05,0.023273867211010543,full,full,full
req_002325,benign,6.318092e-05,0.8015787304399625,full,full,full
req_002326,benign,0.00010693073,0.8744419130837996,full,full,full
req_002327,benign,5.7458878e-05,0.9063313111807865,full,full,full
req_002328,benign,1.1920929e-05,0.8814961364726291,full,full,full
req_002329,benign,5.9604645e-05,0.06876909973804737,full,full,full
req_002330,benign,1.0728836e-05,0.027911928617808387,full,full,full
req_002331,benign,0.0001822114,0.05066743772270496,full,full,full
req_002332,exhaustion,0.9991057,0.7981768114535496,full,full,quarantine
req_002333,benign,3.325939e-05,0.8999735629687431,full,full,full
req_002334,benign,5.6266785e-05,0.03310410002047031,full,full,full
req_002335,benign,1.7762184e-05,0.83486586568292,full,full,full
req_002336,benign,3.1352043e-05,0.003713492460905663,full,full,full
req_002337,benign,1.1086464e-05,0.027198512944910977,full,full,full
req_002338,benign,2.4199486e-05,0.023022021011704585,full,full,full
req_002339,benign,0.00018638372,0.8395432366944743,full,full,full
req_002340,benign,0.00035572052,0.8684274819482979,full,full,full
req_002341,benign,3.1113625e-05,0.011282555246361365,full,full,full
req_002342,benign,3.5881996e-05,0.8369129155642047,full,full,full
req_002343,injection,0.9993543,0.01559381798519304,full,quarantine,quarantine
req_002344,benign,1.2993813e-05,0.01194647223008665,full,full,full
req_002345,benign,1.3113022e-05,0.014747449802511413,full,full,full
req_002346,benign,0.10076666,0.8027710106591001,full,full,full
req_002347,benign,1.8954277e-05,0.047587214226272434,full,full,full
req_002348,benign,1.3947487e-05,0.051298680581372325,full,full,full
req_002349,benign,0.00023001432,0.9387323685198643,full,full,full
req_002350,benign,4.220009e-05,0.8103451932458342,full,full,full
req_002351,exhaustion,0.9764358,0.006193445206013826,full,full,quarantine
req_002352,benign,2.4080276e-05,0.8759470656508221,full,full,full
req_002353,benign,4.5657158e-05,0.047953032427169404,full,full,full
req_002354,benign,1.3113022e-05,0.7771859399348358,full,full,full
req_002355,benign,2.0623207e-05,0.9018114447941709,full,full,full
req_002356,benign,1.8119812e-05,0.011877703772442759,full,full,full
req_002357,benign,0.00011897087,0.008542235465535977,full,full,full
req_002358,benign,0.0002809167,0.056665240814146006,full,full,full
req_002359,benign,0.00011861324,0.8420938490853559,full,full,full
req_002360,benign,1.8000603e-05,0.8911481008409153,full,full,full
req_002361,benign,0.023109019,0.06469677833500335,full,full,full
req_002362,benign,7.903576e-05,0.8118619058349467,full,full,full
req_002363,benign,1.66893e-05,0.029987819471967977,full,full,full
req_002364,benign,0.0001707077,0.057481155178660454,full,full,full
req_002365,benign,2.0623207e-05,0.90136050318856,full,full,full
req_002366,benign,4.220009e-05,0.8020509235252972,full,full,full
req_002367,benign,0.0001450777,0.8733770619818478,full,full,full
req_002368,exhaustion,0.9813143,0.05149421893532212,full,full,quarantine
req_002369,benign,4.684925e-05,0.90239200501383,full,full,full
req_002370,benign,1.2874603e-05,0.021178905995928664,full,full,full
req_002371,benign,0.0044605136,0.8505157974388006,full,full,full
req_002372,benign,2.7894974e-05,0.036823063164326125,full,full,full
req_002373,exhaustion,0.9997391,0.017897872025695084,full,full,quarantine
req_002374,exhaustion,0.9922533,0.02823676742765154,full,full,quarantine
req_002375,benign,9.8347664e-05,0.8460710372926354,full,full,full
req_002376,benign,8.893013e-05,0.01584692394247226,full,full,full
req_002377,benign,0.0033003688,0.03736245391487094,full,full,full
req_002378,benign,1.8715858e-05,0.8196688500401962,full,full,full
req_002379,injection,0.9995485,0.059949662713799784,full,quarantine,quarantine
req_002380,benign,1.4543533e-05,0.8413855611175591,full,full,full
req_002381,exhaustion,0.9998116,0.028308264597956486,full,full,quarantine
req_002382,benign,6.532669e-05,0.8008126557882813,full,full,full
req_002383,benign,7.70092e-05,0.761885023793786,full,full,full
req_002384,benign,4.7683716e-05,0.8192598767463157,full,full,full
req_002385,benign,6.067753e-05,0.880305380566234,full,full,full
req_002386,exhaustion,0.99897724,0.8359095816616481,full,full,quarantine
req_002387,benign,3.325939e-05,0.04226990282929651,full,full,full
req_002388,exhaustion,0.99988985,0.04212954757035764,full,full,quarantine
req_002389,exhaustion,0.0046453476,0.04710979176281433,full,full,full
req_002390,benign,2.5987625e-05,0.06202080550559026,full,full,full
req_002391,benign,0.012231529,0.032294207270323595,full,full,full
req_002392,benign,0.00013518333,0.7840280822711201,full,full,full
req_002393,benign,1.7523766e-05,0.8716878114602352,full,full,full
req_002394,benign,5.1259995e-05,0.8639645223341557,full,full,full
req_002395,benign,1.5497208e-05,0.015573081451896781,full,full,full
req_002396,benign,3.20673e-05,0.04553596347896843,full,full,full
req_002397,benign,0.000111460686,0.8887224600674011,full,full,full
req_002398,benign,1.6450882e-05,0.8570359518214475,full,full,full
req_002399,benign,7.4625015e-05,0.05217306682443617,full,full,full
req_002400,benign,8.738041e-05,0.8327119911918524,full,full,full
req_002401,benign,3.0398369e-05,0.01935806644494302,full,full,full
req_002402,benign,3.0875206e-05,0.041046463810586846,full,full,full
req_002403,exhaustion,0.99923474,0.030510540958606707,full,full,quarantine
req_002404,benign,0.00086033344,0.03454344433287646,full,full,full
req_002405,benign,5.1021576e-05,0.867723048239361,full,full,full
req_002406,benign,0.00016880035,0.8760025325601991,full,full,full
req_002407,benign,1.7881393e-05,0.057484865949432494,full,full,full
req_002408,benign,1.9311905e-05,0.027973940139664956,full,full,full
req_002409,benign,0.00010180473,0.9490146707991698,full,full,full
req_002410,benign,3.874302e-05,0.021924538482106164,full,full,full
req_002411,benign,6.532669e-05,0.7772296698735025,full,full,full
req_002412,benign,0.00011396408,0.8642067363277649,full,full,full
req_002413,benign,2.026558e-05,0.845304034887139,full,full,full
req_002414,benign,4.708767e-05,0.8897533053079995,full,full,full
req_002415,benign,4.4822693e-05,0.01706643047075895,full,full,full
req_002416,benign,0.00045728683,0.03906097496511665,full,full,full
req_002417,benign,2.6106834e-05,0.0,full,full,full
req_002418,benign,0.00015306473,0.041840431596768216,full,full,full
req_002419,benign,0.00016891956,0.816904653316745,full,full,full
req_002420,exhaustion,0.99994075,0.03571822436575405,full,full,quarantine
req_002421,benign,6.4611435e-05,0.015169926001127121,full,full,full
req_002422,benign,2.8133392e-05,0.022256360638583488,full,full,full
req_002423,benign,1.513958e-05,0.8741451808723408,full,full,full
req_002424,benign,0.0005068779,0.041648320441891123,full,full,full
req_002425,benign,0.00014269352,0.7378105965223151,full,full,full
req_002426,benign,2.0861626e-05,0.8928347171144346,full,full,full
req_002427,benign,4.220009e-05,0.004795890658360915,full,full,full
req_002428,benign,0.00022798777,0.04425866632980649,full,full,full
req_002429,benign,4.3988228e-05,0.794747948927026,full,full,full
req_002430,benign,2.193451e-05,0.026367220751229062,full,full,full
req_002431,benign,0.0006545186,0.8825648343057898,full,full,full
req_002432,benign,3.385544e-05,0.8632634604465538,full,full,full
req_002433,benign,6.568432e-05,0.9179718218278949,full,full,full
req_002434,benign,3.4451485e-05,0.934604610625549,full,full,full
req_002435,benign,2.026558e-05,0.914222510865017,full,full,full
req_002436,benign,5.173683e-05,0.8417873595017844,full,full,full
req_002437,benign,0.003129661,0.05748450674816053,full,full,full
req_002438,exhaustion,0.98870015,0.016223772436969673,full,full,quarantine
req_002439,benign,2.0503998e-05,0.017390064476538583,full,full,full
req_002440,benign,0.00023847818,0.05149388855915001,full,full,full
req_002441,benign,1.2993813e-05,0.020552551355653023,full,full,full
req_002442,benign,2.5987625e-05,0.04050726922016101,full,full,full
req_002443,benign,0.00011610985,0.04619091996853593,full,full,full
req_002444,benign,0.0010157228,0.02715173818297695,full,full,full
req_002445,benign,1.2397766e-05,0.8497780919053599,full,full,full
req_002446,benign,3.9458275e-05,0.006568735448303376,full,full,full
req_002447,benign,2.4437904e-05,0.8905016852006118,full,full,full
req_002448,benign,2.4437904e-05,0.760180949887419,full,full,full
req_002449,benign,0.00010764599,0.0037211144247424124,full,full,full
req_002450,benign,1.4781952e-05,0.7971718317691028,full,full,full
req_002451,benign,0.00012636185,0.8648270365590196,full,full,full
req_002452,benign,2.7060509e-05,0.8145182902428256,full,full,full
req_002453,injection,0.99949604,0.8974116574144194,full,quarantine,quarantine
req_002454,benign,4.506111e-05,0.016487048882747067,full,full,full
req_002455,benign,0.00059068203,0.8737343454395158,full,full,full
req_002456,benign,2.3841858e-05,0.042964114026937755,full,full,full
req_002457,benign,1.9192696e-05,0.05571027645649626,full,full,full
req_002458,benign,2.1100044e-05,0.8365595216998619,full,full,full
req_002459,benign,0.00016522408,0.01555918606379692,full,full,full
req_002460,benign,2.8371811e-05,0.7480816497062133,full,full,full
req_002461,benign,0.00027793646,0.8537017077171343,full,full,full
req_002462,benign,3.182888e-05,0.035601516929066816,full,full,full
req_002463,benign,0.00028437376,0.8579960604570889,full,full,full
req_002464,benign,0.00021201372,0.02012883567227404,full,full,full
req_002465,benign,1.7166138e-05,0.026352992253638036,full,full,full
req_002466,benign,1.5854836e-05,0.0548532816589873,full,full,full
req_002467,benign,0.0019013286,0.0017472121249086543,full,full,full
req_002468,benign,0.00018268824,0.7984869692424952,full,full,full
req_002469,benign,1.4662743e-05,0.9324936217430206,full,full,full
req_002470,benign,3.325939e-05,0.8271770644992897,full,full,full
req_002471,benign,1.41859055e-05,0.8498688141756571,full,full,full
req_002472,benign,1.680851e-05,0.8730906807672228,full,full,full
req_002473,benign,4.2915344e-05,0.8531402555103261,full,full,full
req_002474,benign,5.9247017e-05,0.8654133998718497,full,full,full
req_002475,benign,4.1127205e-05,0.031653111029583895,full,full,full
req_002476,benign,0.0015292764,0.8903029764131358,full,full,full
req_002477,benign,1.4305115e-05,0.8582635820644454,full,full,full
req_002478,benign,1.847744e-05,0.8256601840784794,full,full,full
req_002479,benign,0.00011575222,0.7973583216139084,full,full,full
req_002480,benign,2.5868416e-05,0.7953051707648902,full,full,full
req_002481,benign,0.0004823208,0.8425628554248303,full,full,full
req_002482,injection,0.9993443,0.009029978706401768,full,quarantine,quarantine
req_002483,injection,0.999483,0.040291226680825486,full,quarantine,quarantine
req_002484,benign,6.4373016e-05,0.8312839348318234,full,full,full
req_002485,benign,2.7418137e-05,0.8675385471172467,full,full,full
req_002486,benign,0.005276084,0.015560231951432515,full,full,full
req_002487,benign,3.4332275e-05,0.025812900962531526,full,full,full
req_002488,benign,4.518032e-05,0.05978029856875547,full,full,full
req_002489,benign,6.6280365e-05,0.04491080842801917,full,full,full
req_002490,benign,1.9192696e-05,0.9118627186387309,full,full,full
req_002491,benign,1.2874603e-05,0.9013103480107467,full,full,full
req_002492,injection,0.9996491,0.0,full,quarantine,quarantine
req_002493,benign,0.0005811453,0.8768540758947893,full,full,full
req_002494,benign,4.36306e-05,0.8556823776091461,full,full,full
req_002495,benign,2.8967857e-05,0.8623256671212127,full,full,full
req_002496,injection,0.9996715,0.030386997699975826,full,quarantine,quarantine
req_002497,benign,0.00011956692,0.9113932586990623,full,full,full
req_002498,benign,1.5258789e-05,0.8630098301073915,full,full,full
req_002499,benign,2.193451e-05,0.0045625961239286195,full,full,full
req_002500,benign,1.3232231e-05,0.01116852757793256,full,full,full
req_002501,exhaustion,0.99994355,0.020782946493545423,full,full,quarantine
req_002502,benign,1.5735626e-05,0.9326760562974681,full,full,full
req_002503,benign,3.874302e-05,0.022661681027193195,full,full,full
req_002504,benign,1.9431114e-05,0.8817154274308279,full,full,full
req_002505,benign,1.7881393e-05,0.7591404548217955,full,full,full
req_002506,benign,2.2530556e-05,0.017515276713204363,full,full,full
req_002507,benign,0.0006312728,0.7865097290876905,full,full,full
req_002508,injection,0.99967766,0.014812128455871855,full,quarantine,quarantine
req_002509,benign,3.671646e-05,0.8435264338206241,full,full,full
req_002510,benign,4.9233437e-05,0.045341437481141986,full,full,full
req_002511,benign,8.571148e-05,0.835231021691328,full,full,full
req_002512,benign,1.6450882e-05,0.7164048280746462,full,full,full
req_002513,benign,3.361702e-05,0.9166326240555956,full,full,full
req_002514,benign,6.747246e-05,0.7183553220349217,full,full,full
req_002515,benign,2.3007393e-05,0.019381512593690926,full,full,full
req_002516,exhaustion,0.99880666,0.026173085879821232,full,full,quarantine
req_002517,benign,1.335144e-05,0.05691743721898287,full,full,full
req_002518,injection,0.9995106,0.932868500181677,full,quarantine,quarantine
req_002519,benign,2.4199486e-05,0.9037034878546422,full,full,full
req_002520,benign,0.00017434359,0.023136518677520073,full,full,full
req_002521,benign,5.543232e-05,0.023716522541424957,full,full,full
req_002522,benign,3.7789345e-05,0.8357914274123213,full,full,full
req_002523,benign,4.1484833e-05,0.02498892000144456,full,full,full
req_002524,benign,1.2755394e-05,0.013159270492144225,full,full,full
req_002525,benign,6.9737434e-05,0.02855383649389567,full,full,full
req_002526,benign,0.00030338764,0.04234009757533007,full,full,full
req_002527,benign,0.00016820431,0.03292692830344865,full,full,full
req_002528,benign,1.3947487e-05,0.0,full,full,full
req_002529,benign,0.00011897087,0.7900125080324485,full,full,full
req_002530,injection,0.9991479,0.89407440605114,full,quarantine,quarantine
req_002531,benign,1.2278557e-05,0.8959119637656424,full,full,full
req_002532,benign,9.6559525e-05,0.8951576832473087,full,full,full
req_002533,benign,1.5974045e-05,0.8470788517784817,full,full,full
req_002534,benign,1.4901161e-05,0.8891187081198014,full,full,full
req_002535,benign,0.00011241436,0.9100092649757474,full,full,full
req_002536,benign,2.2292137e-05,0.024372781789403136,full,full,full
req_002537,benign,1.4305115e-05,0.06144029100543977,full,full,full
req_002538,benign,0.0037484765,0.014918751637624109,full,full,full
req_002539,benign,5.1140785e-05,0.9082858119345005,full,full,full
req_002540,benign,6.484985e-05,0.8513910159917487,full,full,full
req_002541,benign,2.7656555e-05,0.007205659451015246,full,full,full
req_002542,injection,0.999394,0.031970646294287426,full,quarantine,quarantine
req_002543,benign,1.1205673e-05,0.7875970762924287,full,full,full
req_002544,exhaustion,0.9966754,0.008190028453334941,full,full,quarantine
req_002545,benign,1.4305115e-05,0.8914239206913038,full,full,full
req_002546,benign,4.541874e-05,0.0,full,full,full
req_002547,benign,1.3947487e-05,0.8009869376731773,full,full,full
req_002548,benign,0.0006464124,0.8024610839437178,full,full,full
req_002549,benign,0.00014710426,0.03662890200690745,full,full,full
req_002550,exhaustion,0.9999351,0.05539323343604232,full,full,quarantine
req_002551,benign,2.9683113e-05,0.7753676179446759,full,full,full
req_002552,benign,0.00020974874,0.0036642446364696137,full,full,full
req_002553,benign,1.680851e-05,0.8718667145233655,full,full,full
req_002554,benign,8.237362e-05,0.04390580834139127,full,full,full
req_002555,benign,0.00026208162,0.723149291145892,full,full,full
req_002556,benign,0.0001450777,0.9153224773321205,full,full,full
req_002557,benign,9.274483e-05,0.01149411651520127,full,full,full
req_002558,benign,0.00023680925,0.04707373977690375,full,full,full
req_002559,exhaustion,0.99967915,0.02413472467138825,full,full,quarantine
req_002560,benign,4.36306e-05,0.8144336488001955,full,full,full
req_002561,benign,2.3007393e-05,0.048902842551403744,full,full,full
req_002562,benign,0.00012266636,0.8210667772383919,full,full,full
req_002563,benign,3.8146973e-05,0.019930477845416794,full,full,full
req_002564,benign,5.543232e-05,0.8403555418881272,full,full,full
req_002565,benign,7.736683e-05,0.7834758521594407,full,full,full
req_002566,exhaustion,0.30058277,0.014136980337607786,full,full,full
req_002567,benign,1.5258789e-05,0.9007056441256076,full,full,full
req_002568,benign,2.0384789e-05,0.8967575072938049,full,full,full
req_002569,benign,3.0040741e-05,0.838687100844174,full,full,full
req_002570,benign,1.680851e-05,0.024670043880151364,full,full,full
req_002571,benign,2.503395e-05,0.8253025571017015,full,full,full
req_002572,benign,1.335144e-05,0.8662423906249218,full,full,full
req_002573,benign,3.0994415e-05,0.7798944997779669,full,full,full
req_002574,benign,0.00015735626,0.03777957968330435,full,full,full
req_002575,exhaustion,0.9955012,0.07491137801028754,full,full,quarantine
req_002576,benign,2.193451e-05,0.045165973918484675,full,full,full
req_002577,benign,2.0742416e-05,0.05917581033323151,full,full,full
req_002578,benign,2.4557114e-05,0.941562244167905,full,full,full
req_002579,benign,8.761883e-05,0.8130073050960412,full,full,full
req_002580,benign,2.2649765e-05,0.8289040166860487,full,full,full
req_002581,injection,0.99940336,0.04078588121119927,full,quarantine,quarantine
req_002582,benign,4.2319298e-05,0.04001099051562949,full,full,full
req_002583,benign,3.2901764e-05,0.02174043518219745,full,full,full
req_002584,benign,1.5377998e-05,0.0,full,full,full
req_002585,benign,9.083748e-05,0.8283171388165965,full,full,full
req_002586,benign,2.2768974e-05,0.8655582509995365,full,full,full
req_002587,benign,0.004961908,0.8868887618343331,full,full,full
req_002588,benign,0.00011456013,0.8253260483323946,full,full,full
req_002589,benign,8.59499e-05,0.004847858576297312,full,full,full
req_002590,benign,8.2850456e-05,0.055736711401755304,full,full,full
req_002591,benign,4.7683716e-05,0.8196357269227237,full,full,full
req_002592,benign,0.013506055,0.9058830824188163,full,full,full
req_002593,benign,4.541874e-05,0.056267696694157876,full,full,full
req_002594,benign,2.6345253e-05,0.8554502501899395,full,full,full
req_002595,injection,0.99793476,0.04156801863083595,full,quarantine,quarantine
req_002596,benign,0.00019663572,0.031653604814187546,full,full,full
req_002597,benign,2.5510788e-05,0.8748993074666767,full,full,full
req_002598,benign,1.9788742e-05,0.8826863436038737,full,full,full
req_002599,benign,2.193451e-05,0.039269220136013916,full,full,full
req_002600,benign,6.759167e-05,0.8941572061502618,full,full,full
req_002601,benign,3.6120415e-05,0.796279185373932,full,full,full
req_002602,injection,0.999457,0.026788617323988143,full,quarantine,quarantine
req_002603,benign,1.3709068e-05,0.7707118703439929,full,full,full
req_002604,benign,1.9311905e-05,0.7661466440619296,full,full,full
req_002605,benign,2.193451e-05,0.02692106542221854,full,full,full
req_002606,benign,2.670288e-05,0.9254782881779371,full,full,full
req_002607,exhaustion,0.9998579,0.0,full,full,quarantine
req_002608,benign,0.0002990961,0.038958751628122595,full,full,full
req_002609,injection,0.99922705,0.0607321075187786,full,quarantine,quarantine
req_002610,benign,3.7431717e-05,0.03375751721173509,full,full,full
req_002611,benign,6.341934e-05,0.016184334090994273,full,full,full
req_002612,benign,2.0742416e-05,0.0094065452969158,full,full,full
req_002613,injection,0.99958336,0.05615867403064445,full,quarantine,quarantine
req_002614,benign,1.1563301e-05,0.8253590142301754,full,full,full
req_002615,benign,0.00065368414,0.8688579944545255,full,full,full
req_002616,benign,2.4557114e-05,0.8710976894976982,full,full,full
req_002617,benign,0.00011575222,0.8174397300826879,full,full,full
req_002618,benign,1.5377998e-05,0.05475994972110143,full,full,full
req_002619,benign,1.9907951e-05,0.04084763185410192,full,full,full
req_002620,benign,1.7285347e-05,1.0,full,full,full
req_002621,benign,6.520748e-05,0.8133906318641065,full,full,full
req_002622,benign,4.5657158e-05,0.044373636467794325,full,full,full
req_002623,exhaustion,0.99990773,0.028028738492973295,full,full,quarantine
req_002624,benign,3.2544136e-05,0.9017102532147511,full,full,full
req_002625,benign,1.5258789e-05,0.033403949247677915,full,full,full
req_002626,benign,5.1498413e-05,0.0,full,full,full
req_002627,injection,0.99936277,0.07167997740200113,full,quarantine,quarantine
req_002628,benign,3.9815903e-05,0.049426356620045075,full,full,full
req_002629,injection,0.99920964,0.0,full,quarantine,quarantine
req_002630,benign,2.8371811e-05,0.04522071766630245,full,full,full
req_002631,benign,6.0915947e-05,0.03551682726514595,full,full,full
req_002632,benign,0.00043851137,0.00638559095758515,full,full,full
req_002633,benign,4.6014786e-05,0.8149858905782097,full,full,full
req_002634,benign,6.2942505e-05,0.02576021414938384,full,full,full
req_002635,benign,0.00013935566,0.8727643007345025,full,full,full
req_002636,benign,0.00014686584,0.05155629846453138,full,full,full
req_002637,benign,1.2993813e-05,0.0192935850630926,full,full,full
req_002638,injection,0.9994632,0.007158483253411233,full,quarantine,quarantine
req_002639,benign,1.4543533e-05,0.8812852029700424,full,full,full
req_002640,benign,2.849102e-05,0.8395440832782101,full,full,full
req_002641,benign,1.1205673e-05,0.0,full,full,full
req_002642,exhaustion,0.35386944,0.05036772567049981,full,full,sandbox
req_002643,benign,2.026558e-05,0.8533516989800392,full,full,full
req_002644,benign,2.014637e-05,0.044050602861974784,full,full,full
req_002645,benign,0.0018224716,0.811535607257077,full,full,full
req_002646,benign,2.5749207e-05,0.026444548712653775,full,full,full
req_002647,exhaustion,0.9994546,0.03996760952646692,full,full,quarantine
req_002648,benign,1.3828278e-05,0.05152009744778201,full,full,full
req_002649,benign,5.0783157e-05,0.0090191190318414,full,full,full
req_002650,exhaustion,0.99989617,0.02676251548204276,full,full,quarantine
req_002651,benign,4.351139e-05,0.04108408725673769,full,full,full
req_002652,injection,0.99950635,0.03225890439590542,full,quarantine,quarantine
req_002653,benign,2.2411346e-05,0.03614705778926587,full,full,full
req_002654,benign,1.680851e-05,0.03151782292702488,full,full,full
req_002655,benign,0.00019937754,0.8263296138984619,full,full,full
req_002656,benign,1.7046928e-05,0.0005714325206288631,full,full,full
req_002657,benign,2.348423e-05,0.06802313549355214,full,full,full
req_002658,benign,1.2874603e-05,0.02958134943771209,full,full,full
req_002659,benign,1.3709068e-05,0.7429009692242844,full,full,full
req_002660,benign,0.0049762726,0.8468856704820684,full,full,full
req_002661,benign,5.1498413e-05,0.8903645522040619,full,full,full
req_002662,exhaustion,0.9990075,0.0,full,full,quarantine
req_002663,benign,1.4424324e-05,0.8576188669094479,full,full,full
req_002664,benign,3.7431717e-05,0.8812962534001071,full,full,full
req_002665,benign,3.5643578e-05,0.05600380883993495,full,full,full
req_002666,benign,0.0033348203,0.8241897437400895,full,full,full
req_002667,benign,2.9921532e-05,0.05309262023206724,full,full,full
req_002668,benign,0.0031285882,0.033461324320731047,full,full,full
req_002669,benign,4.4941902e-05,0.8971818515727439,full,full,full
req_002670,benign,6.592274e-05,0.824268748885081,full,full,full
req_002671,benign,2.193451e-05,0.881753391773514,full,full,full
req_002672,benign,4.708767e-05,0.9097269655113384,full,full,full
req_002673,benign,1.7166138e-05,0.8438699123363651,full,full,full
req_002674,benign,9.536743e-05,0.0019225971814996155,full,full,full
req_002675,benign,1.41859055e-05,0.04315112110242571,full,full,full
req_002676,benign,6.0796738e-05,0.029086791574581182,full,full,full
req_002677,benign,2.5868416e-05,0.9801153093640179,full,full,full
req_002678,benign,1.4901161e-05,0.0,full,full,full
req_002679,benign,2.4914742e-05,0.0,full,full,full
req_002680,exhaustion,0.9261176,0.02989616930747835,full,full,quarantine
req_002681,benign,3.4570694e-05,0.03320468744176041,full,full,full
req_002682,benign,1.41859055e-05,0.03325220262083464,full,full,full
req_002683,benign,6.6399574e-05,0.8710481109443357,full,full,full
req_002684,benign,6.234646e-05,0.7974091545824482,full,full,full
req_002685,benign,1.347065e-05,0.8196722936099161,full,full,full
req_002686,benign,3.0636787e-05,0.9083725809288365,full,full,full
req_002687,benign,5.6147575e-05,0.7976797814145749,full,full,full
req_002688,benign,2.4080276e-05,0.8725664819220549,full,full,full
req_002689,benign,5.7816505e-05,0.05085381393822991,full,full,full
req_002690,benign,1.347065e-05,0.007776518340701609,full,full,full
req_002691,benign,5.51939e-05,0.7894330168190348,full,full,full
req_002692,benign,1.9192696e-05,0.03252680189934333,full,full,full
req_002693,injection,0.999721,0.04201396201504501,full,quarantine,quarantine
req_002694,injection,0.9994285,0.010937456804646792,full,quarantine,quarantine
req_002695,benign,0.00014221668,0.02676662443586914,full,full,full
req_002696,benign,1.7285347e-05,0.8058783355030481,full,full,full
req_002697,benign,0.00013971329,0.8679484021804277,full,full,full
req_002698,injection,0.9993116,0.877723932607219,full,quarantine,quarantine
req_002699,benign,3.7908554e-05,0.9117558062487666,full,full,full
req_002700,benign,2.2530556e-05,0.8292095291635009,full,full,full
req_002701,benign,3.8266182e-05,0.0037605658054211157,full,full,full
req_002702,benign,4.1246414e-05,0.0672588229232998,full,full,full
req_002703,benign,2.0861626e-05,0.04102771629673664,full,full,full
req_002704,benign,3.4928322e-05,0.023855646109494564,full,full,full
req_002705,benign,8.904934e-05,0.9328262410886069,full,full,full
req_002706,exhaustion,0.9998144,0.004859318126788997,full,full,quarantine
req_002707,benign,3.4213066e-05,0.03632348557010891,full,full,full
req_002708,benign,0.0030052662,0.0644191836600636,full,full,full
req_002709,injection,0.99948156,0.8754029797520834,full,quarantine,quarantine
req_002710,benign,2.18153e-05,0.8525037063815943,full,full,full
req_002711,benign,0.00027483702,0.8081677807276193,full,full,full
req_002712,benign,0.00021094084,0.02684436061954438,full,full,full
req_002713,exhaustion,0.9998979,0.011293219248818629,full,full,quarantine
req_002714,benign,2.3126602e-05,0.8373658149068273,full,full,full
req_002715,benign,2.3245811e-05,0.8465507527230334,full,full,full
req_002716,benign,1.0728836e-05,0.905787505291548,full,full,full
req_002717,benign,0.00011599064,0.881694541641762,full,full,full
req_002718,benign,2.2411346e-05,0.04403055790601221,full,full,full
req_002719,benign,0.00033128262,0.8985179218688764,full,full,full
req_002720,benign,1.3232231e-05,0.7383930032222192,full,full,full
req_002721,benign,1.692772e-05,0.8824045174984081,full,full,full
req_002722,benign,4.172325e-05,0.8043237918969377,full,full,full
req_002723,benign,1.4901161e-05,0.8151523430359231,full,full,full
req_002724,benign,1.8835068e-05,0.8345203461091729,full,full,full
req_002725,exhaustion,0.46986026,0.04200934217455311,full,full,sandbox
req_002726,benign,2.5510788e-05,0.03498043268733032,full,full,full
req_002727,benign,3.552437e-05,0.839401027407591,full,full,full
req_002728,benign,0.016515434,0.009322819410879039,full,full,full
req_002729,benign,0.0003026724,0.7460257996252239,full,full,full
req_002730,benign,1.41859055e-05,0.014328394725540382,full,full,full
req_002731,benign,1.8239021e-05,0.053171790162403504,full,full,full
req_002732,benign,2.7537346e-05,0.7967443986464984,full,full,full
req_002733,benign,0.0033336282,0.029377761096790387,full,full,full
req_002734,benign,0.00070536137,0.04730007206617344,full,full,full
req_002735,benign,1.5974045e-05,0.7713364435607291,full,full,full
req_002736,benign,3.373623e-05,0.8909091908279465,full,full,full
req_002737,benign,2.3961067e-05,0.8508669174304434,full,full,full
req_002738,benign,0.00013494492,0.8849778111007989,full,full,full
req_002739,injection,0.99947816,0.018741463076041326,full,quarantine,quarantine
req_002740,exhaustion,0.7984622,0.030044687581224656,full,full,quarantine
req_002741,benign,0.0006403327,0.04335214987910811,full,full,full
req_002742,benign,1.5258789e-05,0.061880555266747655,full,full,full
req_002743,benign,2.2530556e-05,0.8687268387363627,full,full,full
req_002744,benign,0.000118255615,0.022647029896749923,full,full,full
req_002745,benign,9.357929e-05,0.7934680022732524,full,full,full
req_002746,benign,1.5258789e-05,0.04227863022480941,full,full,full
req_002747,benign,0.00010895729,0.8886410556337598,full,full,full
req_002748,benign,1.4543533e-05,0.016456935360775436,full,full,full
req_002749,benign,0.00011730194,0.8200572558932588,full,full,full
req_002750,benign,4.720688e-05,0.916709256404203,full,full,full
req_002751,benign,4.7326088e-05,0.8076684934128421,full,full,full
req_002752,exhaustion,0.99983186,0.030748086940800015,full,full,quarantine
req_002753,benign,2.0623207e-05,0.9567041318796605,full,full,full
req_002754,exhaustion,0.9992222,0.06515300324413517,full,full,quarantine
req_002755,benign,5.030632e-05,0.8960911653980207,full,full,full
req_002756,benign,1.347065e-05,0.8861735556116987,full,full,full
req_002757,benign,1.8119812e-05,0.9559146606969524,full,full,full
req_002758,benign,1.6093254e-05,0.8708300927274482,full,full,full
req_002759,benign,0.000116586685,0.87569570170143,full,full,full
req_002760,benign,1.4662743e-05,0.807197257153679,full,full,full
req_002761,benign,6.151199e-05,0.0,full,full,full
req_002762,benign,1.4901161e-05,0.7744640151050542,full,full,full
req_002763,benign,1.1563301e-05,0.8317033205571476,full,full,full
req_002764,benign,1.6093254e-05,0.8497012778152515,full,full,full
req_002765,benign,4.5776367e-05,0.035448526930092955,full,full,full
req_002766,exhaustion,0.998847,0.013551798754923895,full,full,quarantine
req_002767,benign,4.8041344e-05,0.05327887609174051,full,full,full
req_002768,exhaustion,0.99992347,0.03012850228242118,full,full,quarantine
req_002769,benign,0.0022921562,0.03095055841382726,full,full,full
req_002770,benign,3.4332275e-05,0.8068182945426392,full,full,full
req_002771,benign,5.853176e-05,0.9349576853137602,full,full,full
req_002772,benign,1.6450882e-05,0.04211633616972853,full,full,full
req_002773,benign,1.5974045e-05,0.0006269307321562605,full,full,full
req_002774,benign,3.8146973e-05,0.8615098966231011,full,full,full
req_002775,benign,1.1444092e-05,0.0006393472056054235,full,full,full
req_002776,benign,2.4080276e-05,0.8046801574846663,full,full,full
req_002777,benign,0.00014197826,0.02966094517286698,full,full,full
req_002778,benign,1.9788742e-05,0.8464491783006838,full,full,full
req_002779,exhaustion,0.99557245,0.032068370007973475,full,full,quarantine
req_002780,benign,5.7935715e-05,0.036976650902212554,full,full,full
req_002781,benign,2.5868416e-05,0.03316591174935665,full,full,full
req_002782,benign,2.360344e-05,0.056361445620492154,full,full,full
req_002783,benign,1.8119812e-05,0.036180524285258794,full,full,full
req_002784,benign,0.026353061,0.06403638746433997,full,full,full
req_002785,benign,6.890297e-05,0.010944275200319337,full,full,full
req_002786,injection,0.9993949,0.019246478417809423,full,quarantine,quarantine
req_002787,injection,0.9992538,0.8819433266332402,full,quarantine,quarantine
req_002788,benign,1.6570091e-05,0.03585485796666879,full,full,full
req_002789,benign,7.224083e-05,0.8352315413517012,full,full,full
req_002790,benign,6.520748e-05,0.04753499192699014,full,full,full
req_002791,benign,2.8371811e-05,0.048433052279751414,full,full,full
req_002792,exhaustion,0.9846981,0.022076959608369875,full,full,quarantine
req_002793,benign,2.670288e-05,0.02887265039907204,full,full,full
req_002794,benign,1.4662743e-05,0.8456087399428083,full,full,full
req_002795,benign,7.200241e-05,0.8738638909909621,full,full,full
req_002796,benign,1.347065e-05,0.8907907526592889,full,full,full
req_002797,benign,1.7166138e-05,0.05937697792819668,full,full,full
req_002798,injection,0.9993351,0.035290630058077053,full,quarantine,quarantine
req_002799,benign,2.0384789e-05,0.03191569798518336,full,full,full
req_002800,benign,0.00014400482,0.8014671254650206,full,full,full
req_002801,benign,4.3153763e-05,0.032047450492987364,full,full,full
req_002802,benign,1.2755394e-05,0.04305648154553593,full,full,full
req_002803,benign,5.6385994e-05,0.02562886487314868,full,full,full
req_002804,benign,2.3007393e-05,0.035044425790844026,full,full,full
req_002805,benign,1.7762184e-05,0.05575854953425445,full,full,full
req_002806,benign,1.5258789e-05,0.04780473634537077,full,full,full
req_002807,benign,2.169609e-05,0.723852203690735,full,full,full
req_002808,benign,2.3722649e-05,0.8729422001138367,full,full,full
req_002809,benign,0.95619917,0.014545324749456289,full,full,quarantine
req_002810,benign,2.4557114e-05,0.0183322756175801,full,full,full
req_002811,benign,3.1352043e-05,0.8268355406628768,full,full,full
req_002812,benign,4.3153763e-05,0.8271256183620552,full,full,full
req_002813,benign,1.6450882e-05,0.014012102986497584,full,full,full
req_002814,benign,2.2172928e-05,0.005129918099711157,full,full,full
req_002815,benign,0.0030706525,0.8444958270449658,full,full,full
req_002816,benign,3.4570694e-05,0.8507555316364892,full,full,full
req_002817,benign,4.4465065e-05,0.8696791968727913,full,full,full
req_002818,benign,0.0038032532,0.7858942189059951,full,full,full
req_002819,benign,1.2397766e-05,0.027320407589945396,full,full,full
req_002820,benign,0.00017082691,0.8884572537350933,full,full,full
req_002821,benign,5.9962273e-05,0.052682677208783835,full,full,full
req_002822,benign,1.3828278e-05,0.8204712040370615,full,full,full
req_002823,exhaustion,0.9970593,0.012171599668516032,full,full,quarantine
req_002824,benign,3.6597252e-05,0.767318500385762,full,full,full
req_002825,benign,7.05719e-05,0.8100085594505819,full,full,full
req_002826,benign,0.0010412931,0.7954583685953925,full,full,full
req_002827,benign,2.6226044e-05,0.8251154588184548,full,full,full
req_002828,benign,2.3841858e-05,1.0,full,full,full
req_002829,benign,9.524822e-05,0.058086156535076636,full,full,full
req_002830,benign,9.441376e-05,0.8364657943169708,full,full,full
req_002831,benign,2.6106834e-05,0.8234787511051372,full,full,full
req_002832,benign,1.2278557e-05,0.026987973735582083,full,full,full
req_002833,benign,2.670288e-05,0.028702052517442275,full,full,full
req_002834,benign,0.00012075901,0.019952806385224085,full,full,full
req_002835,benign,7.259846e-05,0.00759746098469961,full,full,full
req_002836,benign,5.4955482e-05,0.9216540064852877,full,full,full
req_002837,benign,2.014637e-05,0.02500626532314672,full,full,full
req_002838,benign,2.4080276e-05,0.04450801420006148,full,full,full
req_002839,benign,5.1617622e-05,0.017589565637434912,full,full,full
req_002840,benign,9.5009804e-05,0.00010198148072073157,full,full,full
req_002841,benign,0.0061044097,0.9036313106579912,full,full,full
req_002842,benign,1.4424324e-05,0.0,full,full,full
req_002843,benign,3.695488e-05,0.030313599597005594,full,full,full
req_002844,benign,6.604195e-05,0.8767445804763048,full,full,full
req_002845,benign,6.997585e-05,0.03161435980566272,full,full,full
req_002846,benign,3.20673e-05,0.8703438383814146,full,full,full
req_002847,benign,2.1576881e-05,0.0,full,full,full
req_002848,injection,0.99944687,0.028207830510470985,full,quarantine,quarantine
req_002849,benign,2.2172928e-05,0.030422216418426965,full,full,full
req_002850,benign,1.4543533e-05,0.030370759273221557,full,full,full
req_002851,benign,0.00010061264,0.06813912005792735,full,full,full
req_002852,benign,2.8133392e-05,0.022827637406233524,full,full,full
req_002853,benign,3.874302e-05,0.801866098293599,full,full,full
req_002854,benign,3.373623e-05,0.8889651278704089,full,full,full
req_002855,benign,5.1617622e-05,0.9242559943998698,full,full,full
req_002856,benign,1.680851e-05,0.766534167161962,full,full,full
req_002857,exhaustion,0.99991643,0.023040991940121783,full,full,quarantine
req_002858,benign,1.7523766e-05,0.823073196598216,full,full,full
req_002859,benign,3.2782555e-05,0.010973531712387106,full,full,full
req_002860,benign,1.9550323e-05,0.024731835354293727,full,full,full
req_002861,benign,1.9311905e-05,0.04737347622164134,full,full,full
req_002862,benign,0.00013422966,0.7938202655980874,full,full,full
req_002863,benign,2.2768974e-05,0.8976538879326608,full,full,full
req_002864,injection,0.9995866,0.017665459753878707,full,quarantine,quarantine
req_002865,benign,1.847744e-05,0.8507249355625927,full,full,full
req_002866,exhaustion,0.9989118,0.046774552563935916,full,full,quarantine
req_002867,benign,3.373623e-05,0.84953823040913,full,full,full
req_002868,benign,0.00010049343,0.8468372051351317,full,full,full
req_002869,benign,1.50203705e-05,0.8653391492469281,full,full,full
req_002870,benign,0.00010883808,0.006470418445128145,full,full,full
req_002871,benign,6.4373016e-05,0.9443917203824218,full,full,full
req_002872,injection,0.99951065,0.027813342129939498,full,quarantine,quarantine
req_002873,benign,0.0023002028,0.04604265196743459,full,full,full
req_002874,benign,1.5497208e-05,0.8701519802125558,full,full,full
req_002875,benign,2.2768974e-05,0.05478942745382215,full,full,full
req_002876,benign,3.5762787e-05,0.869765505222226,full,full,full
req_002877,benign,1.8715858e-05,0.06721959366212119,full,full,full
req_002878,benign,0.00018149614,0.8967777881191431,full,full,full
req_002879,benign,2.3841858e-05,0.8950701522828103,full,full,full
req_002880,benign,2.7894974e-05,0.0010538134460998834,full,full,full
req_002881,benign,1.0967255e-05,0.017211250819231444,full,full,full
req_002882,benign,2.0742416e-05,0.7757046772177345,full,full,full
req_002883,benign,1.5974045e-05,0.8973230701233044,full,full,full
req_002884,benign,0.00036156178,0.9102335273007844,full,full,full
req_002885,benign,1.4424324e-05,0.05437792846672907,full,full,full
req_002886,benign,9.274483e-05,0.0443973919699224,full,full,full
req_002887,benign,5.2690506e-05,0.038567375421819705,full,full,full
req_002888,benign,2.2411346e-05,0.8687342671233608,full,full,full
req_002889,benign,1.66893e-05,0.03001402361635875,full,full,full
req_002890,benign,2.7656555e-05,0.7896856943749178,full,full,full
req_002891,benign,0.00034677982,0.0661293340613422,full,full,full
req_002892,benign,4.6491623e-05,0.8282915664101894,full,full,full
req_002893,benign,0.00025373697,0.09136450926781806,full,full,full
req_002894,benign,6.020069e-05,0.8318495936669433,full,full,full
req_002895,benign,1.3828278e-05,0.7640779632841062,full,full,full
req_002896,benign,0.0006605983,0.8611227663565213,full,full,full
req_002897,benign,3.874302e-05,0.91929964103788,full,full,full
req_002898,benign,2.1100044e-05,0.017620380688382897,full,full,full
req_002899,benign,1.21593475e-05,0.0,full,full,full
req_002900,benign,1.2755394e-05,0.864004321040535,full,full,full
req_002901,benign,3.2186508e-05,0.03954561969659326,full,full,full
req_002902,benign,1.21593475e-05,0.027970113024331462,full,full,full
req_002903,benign,1.4662743e-05,0.04750691147780967,full,full,full
req_002904,benign,2.0742416e-05,0.8738852595361873,full,full,full
req_002905,benign,4.1246414e-05,0.8147062521419296,full,full,full
req_002906,benign,6.341934e-05,0.7691279596353731,full,full,full
req_002907,benign,1.335144e-05,0.04550584731827421,full,full,full
req_002908,benign,2.4795532e-05,0.8352797328528253,full,full,full
req_002909,exhaustion,0.9997884,0.04080866048255254,full,full,quarantine
req_002910,benign,3.6239624e-05,0.018631870150910612,full,full,full
req_002911,benign,1.8000603e-05,0.0,full,full,full
req_002912,benign,0.0001977086,0.7995263523818911,full,full,full
req_002913,benign,2.1219254e-05,0.0,full,full,full
req_002914,benign,9.8228455e-05,0.03414314719169378,full,full,full
req_002915,benign,8.3088875e-05,0.047627298016879344,full,full,full
req_002916,benign,1.0609627e-05,0.8315998593669588,full,full,full
req_002917,benign,3.6597252e-05,0.9362117265035057,full,full,full
req_002918,benign,0.00698328,0.8088870745937193,full,full,full
req_002919,benign,7.927418e-05,0.02798372839408308,full,full,full
req_002920,benign,1.3113022e-05,0.8589523600668968,full,full,full
req_002921,injection,0.99898887,0.02727255031678419,full,quarantine,quarantine
req_002922,benign,2.3007393e-05,0.019910829201919902,full,full,full
req_002923,benign,2.3245811e-05,0.03328489950937835,full,full,full
req_002924,benign,1.6212463e-05,0.03388798314893757,full,full,full
req_002925,benign,1.4305115e-05,0.08656365740024086,full,full,full
req_002926,benign,0.0005250573,0.8172589241800351,full,full,full
req_002927,benign,3.6120415e-05,0.9219551164783336,full,full,full
req_002928,benign,1.5735626e-05,0.009994753815188363,full,full,full
req_002929,exhaustion,0.99980617,0.027614339322137398,full,full,quarantine
req_002930,benign,2.348423e-05,0.02835161243261539,full,full,full
req_002931,benign,6.8068504e-05,0.8864879043629579,full,full,full
req_002932,benign,7.236004e-05,0.8165762453615648,full,full,full
req_002933,benign,1.21593475e-05,0.8197227871914048,full,full,full
req_002934,benign,1.1920929e-05,0.810223995811915,full,full,full
req_002935,benign,3.170967e-05,0.8769672409205846,full,full,full
req_002936,benign,1.4901161e-05,0.03883308249602713,full,full,full
req_002937,benign,6.6280365e-05,0.8532258957412798,full,full,full
req_002938,injection,0.99932307,0.06005252174682363,full,quarantine,quarantine
req_002939,benign,0.00029867887,0.013845266965419246,full,full,full
req_002940,benign,1.41859055e-05,0.04190361640780831,full,full,full
req_002941,benign,0.0015060902,0.047528309106318306,full,full,full
req_002942,benign,2.4914742e-05,0.07618439054902026,full,full,full
req_002943,benign,0.000106334686,0.9128503859152746,full,full,full
req_002944,benign,0.0008240342,0.042010964992252986,full,full,full
req_002945,benign,8.249283e-05,0.025586910180375646,full,full,full
req_002946,benign,1.347065e-05,0.851502020841493,full,full,full
req_002947,benign,1.4424324e-05,0.04201286905445199,full,full,full
req_002948,benign,9.5009804e-05,0.8046379845938607,full,full,full
req_002949,benign,0.0001270771,0.7977814013441559,full,full,full
req_002950,benign,4.172325e-05,0.8503653219098803,full,full,full
req_002951,benign,2.5749207e-05,0.028872553863574294,full,full,full
req_002952,benign,1.4424324e-05,0.7893093473908891,full,full,full
req_002953,benign,3.2663345e-05,0.03459308751033041,full,full,full
req_002954,benign,1.3232231e-05,0.029291759454985317,full,full,full
req_002955,benign,0.0003260374,0.8482392153143902,full,full,full
req_002956,benign,8.1419945e-05,0.02391094527614855,full,full,full
req_002957,benign,1.2397766e-05,0.903561706643515,full,full,full
req_002958,injection,0.9994938,0.043533314612129614,full,quarantine,quarantine
req_002959,benign,2.8252602e-05,0.05695675529790681,full,full,full
req_002960,benign,7.104874e-05,0.8735074916899904,full,full,full
req_002961,benign,3.194809e-05,0.06209879025370554,full,full,full
req_002962,benign,1.4781952e-05,0.9099008578030431,full,full,full
req_002963,benign,2.2649765e-05,0.05871318406240767,full,full,full
req_002964,benign,1.6570091e-05,0.8833492639629198,full,full,full
req_002965,benign,0.014630616,0.80151951230889,full,quarantine,full
req_002966,benign,0.00011777878,0.8381740574047756,full,full,full
req_002967,benign,0.0007060766,0.8728084495541445,full,full,full
req_002968,benign,1.0967255e-05,0.8968997143373477,full,full,full
req_002969,benign,2.9087067e-05,0.8147734723939666,full,full,full
req_002970,benign,5.018711e-05,0.8203485218875706,full,full,full
req_002971,benign,1.5735626e-05,0.7810393562094923,full,full,full
req_002972,benign,7.6293945e-05,0.7723223168945966,full,full,full
req_002973,benign,1.1205673e-05,0.02713374163005117,full,full,full
req_002974,benign,2.5510788e-05,0.07511047953840364,full,full,full
req_002975,benign,0.00016212463,0.03871321642354815,full,full,full
req_002976,benign,1.6570091e-05,0.8998297806878335,full,full,full
req_002977,benign,5.9485435e-05,0.8458386347214717,full,full,full
req_002978,benign,3.4451485e-05,0.8528638595577342,full,full,full
req_002979,benign,0.00012362003,0.7968657237655977,full,full,full
req_002980,benign,7.414818e-05,0.03154378226120648,full,full,full
req_002981,benign,1.3947487e-05,0.027149753633700997,full,full,full
req_002982,injection,0.999353,0.059984006251365574,full,quarantine,quarantine
req_002983,benign,2.3245811e-05,0.032406349078300214,full,full,full
req_002984,injection,0.9996963,0.02355879637572686,full,quarantine,quarantine
req_002985,benign,5.4001808e-05,0.8110165333065295,full,full,full
req_002986,injection,0.9994749,0.014162369926493015,full,quarantine,quarantine
req_002987,benign,5.7816505e-05,0.8722667778099567,full,full,full
req_002988,benign,9.548664e-05,0.875364971417629,full,full,full
req_002989,benign,2.5749207e-05,0.8617929816575173,full,full,full
req_002990,benign,3.838539e-05,0.9114754018295371,full,full,full
req_002991,benign,1.168251e-05,0.8630130227199595,full,full,full
req_002992,benign,2.8133392e-05,0.04299329594123603,full,full,full
req_002993,benign,2.9802322e-05,0.8763791032269878,full,full,full
req_002994,benign,0.0020077229,0.032230312868718934,full,full,full
req_002995,benign,2.2411346e-05,0.03790559138197006,full,full,full
req_002996,benign,3.373623e-05,0.05209959638668846,full,full,full
req_002997,benign,3.2901764e-05,0.89417700279525,full,full,full
req_002998,benign,2.5629997e-05,0.8593987561586944,full,full,full
req_002999,benign,1.4543533e-05,0.8035477221687444,full,full,full
req_003000,benign,2.5391579e-05,0.7605546766484518,full,full,full
req_003001,benign,0.00024801493,0.837095594614876,full,full,full
req_003002,benign,1.3828278e-05,0.011606348943761943,full,full,full
req_003003,injection,0.9995147,0.06303638496394563,full,quarantine,quarantine
req_003004,benign,3.874302e-05,0.8280955881701323,full,full,full
req_003005,benign,2.2172928e-05,0.033107386062692264,full,full,full
req_003006,benign,4.1246414e-05,0.04165809980897053,full,full,full
req_003007,injection,0.99949574,0.07846381136683198,full,quarantine,quarantine
req_003008,benign,0.00020855665,0.03850546620961707,full,full,full
req_003009,benign,1.6570091e-05,0.8651482168841494,full,full,full
req_003010,benign,4.017353e-05,0.04274597288167783,full,full,full
req_003011,benign,9.202957e-05,0.870549760960628,full,full,full
req_003012,benign,1.2755394e-05,0.8009786462464605,full,full,full
req_003013,injection,0.9994938,0.03911221537999417,full,quarantine,quarantine
req_003014,benign,1.66893e-05,0.06494136571349546,full,full,full
req_003015,benign,2.7537346e-05,0.8550543556648047,full,full,full
req_003016,benign,4.4345856e-05,0.07269127394968933,full,full,full
req_003017,benign,0.00013923645,0.8844221426480331,full,full,full
req_003018,benign,0.00066643953,0.8857909333236803,full,full,full
req_003019,exhaustion,0.99760336,0.02839281672621544,full,full,quarantine
req_003020,benign,1.4662743e-05,0.8905808070050729,full,full,full
req_003021,benign,3.4213066e-05,0.8286761195240776,full,full,full
req_003022,benign,1.8954277e-05,0.8107121001823896,full,full,full
req_003023,benign,2.1576881e-05,0.842107603225174,full,full,full
req_003024,benign,0.000103235245,0.005967410875507031,full,full,full
req_003025,benign,6.0796738e-05,0.894097979952472,full,full,full
req_003026,benign,2.670288e-05,0.043541246359995324,full,full,full
req_003027,benign,2.5629997e-05,0.8611438640366438,full,full,full
req_003028,benign,3.3140182e-05,0.000782862482016599,full,full,full
req_003029,benign,1.835823e-05,0.8269916043462637,full,full,full
req_003030,benign,1.3589859e-05,0.03561942805550087,full,full,full
req_003031,benign,3.0040741e-05,0.023650278422174018,full,full,full
req_003032,benign,1.2397766e-05,0.02556085785405142,full,full,full
req_003033,benign,2.2172928e-05,0.7766114456047174,full,full,full
req_003034,benign,0.00016200542,0.05475097357627655,full,full,full
req_003035,benign,4.6253204e-05,0.02921626373403175,full,full,full
req_003036,benign,3.1113625e-05,0.8327739845309274,full,full,full
req_003037,benign,5.2809715e-05,0.027128385208257163,full,full,full
req_003038,benign,1.9073486e-05,0.0006214192988509976,full,full,full
req_003039,benign,3.9577484e-05,0.021989027799806576,full,full,full
req_003040,benign,0.00018185377,0.03299909556868985,full,full,full
req_003041,benign,3.71933e-05,0.8700993163061918,full,full,full
req_003042,benign,2.5868416e-05,0.8513768500328742,full,full,full
req_003043,benign,0.0072410107,0.0,full,full,full
req_003044,benign,0.000121831894,0.05185104929475702,full,full,full
req_003045,benign,9.6321106e-05,0.8935700631267355,full,full,full
req_003046,benign,0.00027102232,0.7976107011379066,full,full,full
req_003047,benign,0.00028961897,0.8378382648838556,full,full,full
req_003048,exhaustion,0.99979573,0.056702443021978105,full,full,quarantine
req_003049,benign,0.00020676851,0.03882913992991682,full,full,full
req_003050,benign,1.6450882e-05,0.02704259090307598,full,full,full
req_003051,injection,0.9992226,0.8533452049684579,full,quarantine,quarantine
req_003052,benign,1.7881393e-05,0.01083046209982462,full,full,full
req_003053,benign,1.7523766e-05,0.8355379074300882,full,full,full
req_003054,exhaustion,0.9997155,0.010767138704804724,full,full,quarantine
req_003055,benign,3.504753e-05,0.8628393913859532,full,full,full
req_003056,benign,1.859665e-05,0.026106210349433685,full,full,full
req_003057,benign,2.002716e-05,0.8820214170159167,full,full,full
req_003058,benign,1.7881393e-05,0.04396400890895564,full,full,full
req_003059,benign,1.2636185e-05,0.9077903747886213,full,full,full
req_003060,benign,4.9233437e-05,0.929050804676826,full,full,full
req_003061,benign,2.2768974e-05,0.9029132011841661,full,full,full
req_003062,benign,5.173683e-05,0.011064500697663324,full,full,full
req_003063,benign,1.692772e-05,0.8780759096274291,full,full,full
req_003064,benign,1.0848045e-05,0.034398792935315545,full,full,full
req_003065,benign,0.00017261505,0.04628167290539269,full,full,full
req_003066,benign,1.8239021e-05,0.04229294638373,full,full,full
req_003067,benign,0.00013649464,0.04504717088082955,full,full,full
req_003068,benign,3.0636787e-05,0.7980896229058464,full,full,full
req_003069,benign,2.0503998e-05,0.03037037592966829,full,full,full
req_003070,benign,7.665157e-05,0.02122800938812463,full,full,full
req_003071,benign,2.9206276e-05,0.8962992881681594,full,full,full
req_003072,exhaustion,0.9996759,0.011326943979743851,full,full,quarantine
req_003073,benign,5.018711e-05,0.03948990460967727,full,full,full
req_003074,benign,7.998943e-05,0.9078157938673675,full,full,full
req_003075,benign,6.1154366e-05,0.06340554754109996,full,full,full
req_003076,benign,1.3589859e-05,0.8127865590124822,full,full,full
req_003077,benign,1.5616417e-05,0.029937005696797008,full,full,full
req_003078,benign,2.2768974e-05,0.8174659117229762,full,full,full
req_003079,benign,1.6450882e-05,0.04101958864447808,full,full,full
req_003080,benign,1.7285347e-05,0.843232444947482,full,full,full
req_003081,injection,0.9994438,0.0335867488185385,full,quarantine,quarantine
req_003082,benign,4.7564507e-05,0.022172615703103075,full,full,full
req_003083,benign,1.9550323e-05,0.88554637362385,full,full,full
req_003084,benign,1.3709068e-05,0.908151464394639,full,full,full
req_003085,benign,1.4066696e-05,0.7932019541031714,full,full,full
req_003086,benign,1.6570091e-05,0.027402734148729596,full,full,full
req_003087,benign,1.4066696e-05,0.02880534314134895,full,full,full
req_003088,benign,0.00010287762,0.01800516303963686,full,full,full
req_003089,benign,2.6583672e-05,0.013006907470931823,full,full,full
req_003090,benign,4.887581e-05,0.8222036201051969,full,full,full
req_003091,benign,3.5881996e-05,0.03805817671218664,full,full,full
req_003092,benign,3.20673e-05,0.8127149422895652,full,full,full
req_003093,benign,5.7458878e-05,0.03979919010209609,full,full,full
req_003094,benign,3.0517578e-05,0.04623894963937929,full,full,full
req_003095,injection,0.9986239,0.038337486073613855,full,quarantine,quarantine
req_003096,benign,0.00042527914,0.8461476575172046,full,full,full
req_003097,benign,0.00012135506,0.04068324613380358,full,full,full
req_003098,benign,1.66893e-05,0.8306190409088292,full,full,full
req_003099,benign,2.7179718e-05,0.7936469471579283,full,full,full
req_003100,benign,7.665157e-05,0.7821783234816491,full,full,full
req_003101,benign,3.7312508e-05,0.8176982925518795,full,full,full
req_003102,benign,0.00012302399,0.8436275807601933,full,full,full
req_003103,benign,2.0861626e-05,0.012127982395854123,full,full,full
req_003104,benign,0.00041025877,0.022338061011631445,full,full,full
req_003105,benign,0.00028032064,0.8291081712996397,full,full,full
req_003106,benign,2.6345253e-05,0.05631762068063091,full,full,full
req_003107,benign,3.2663345e-05,0.0618576310493526,full,full,full
req_003108,benign,0.00046885014,0.032914150230054964,full,full,full
req_003109,benign,8.7976456e-05,0.9233464125658976,full,full,full
req_003110,benign,3.6001205e-05,0.8698873792335738,full,full,full
req_003111,benign,3.7431717e-05,0.015651573227477837,full,full,full
req_003112,benign,5.7458878e-05,0.8130259065471249,full,full,full
req_003113,benign,7.271767e-05,0.816191461391246,full,full,full
req_003114,benign,3.2305717e-05,0.8992159575426396,full,full,full
req_003115,benign,1.4901161e-05,0.792344152645965,full,full,full
req_003116,benign,0.005556166,0.06385584347003934,full,full,full
req_003117,benign,1.835823e-05,0.03326900756015401,full,full,full
req_003118,benign,4.6133995e-05,0.8647311896089362,full,full,full
req_003119,benign,1.5377998e-05,0.05372344452649812,full,full,full
req_003120,benign,5.0783157e-05,0.027046844458681912,full,full,full
req_003121,benign,0.0017547607,0.03491444850587839,full,full,full
req_003122,benign,2.3961067e-05,0.01666005557549771,full,full,full
req_003123,benign,3.20673e-05,0.024590779609771338,full,full,full
req_003124,benign,0.0001860261,0.047692433857467374,full,full,full
req_003125,benign,2.1576881e-05,0.7793466525822972,full,full,full
req_003126,exhaustion,0.99990755,0.033164376563342535,full,full,quarantine
req_003127,benign,1.8835068e-05,0.03391005401895704,full,full,full
req_003128,benign,1.4543533e-05,0.019647123458900666,full,full,full
req_003129,exhaustion,0.99932724,0.0,full,full,quarantine
req_003130,benign,0.00015056133,0.9054248970446344,full,full,full
req_003131,benign,1.4424324e-05,0.025002490314003884,full,full,full
req_003132,exhaustion,0.9996893,0.8423181372358042,full,full,quarantine
req_003133,benign,2.3961067e-05,0.046673870373303034,full,full,full
req_003134,benign,0.00025826693,0.8543511962315361,full,full,full
req_003135,injection,0.99933314,0.016585345032804427,full,quarantine,quarantine
req_003136,benign,0.00052565336,0.8645071464720815,full,full,full
req_003137,benign,6.0081482e-05,0.8552381294086151,full,full,full
req_003138,benign,4.6253204e-05,0.9458878614130518,full,full,full
req_003139,benign,0.0004582405,0.013841864715008895,full,full,full
req_003140,benign,5.3286552e-05,0.8284430409617624,full,full,full
req_003141,benign,0.001926899,0.8741115934060697,full,full,full
req_003142,benign,2.527237e-05,0.8517117488031223,full,full,full
req_003143,benign,0.00017082691,0.8949720415052307,full,full,full
req_003144,benign,1.513958e-05,0.91132743721037,full,full,full
req_003145,benign,0.017855287,9.662495988824876e-05,full,quarantine,full
req_003146,benign,0.00044053793,0.8574560226441814,full,full,full
req_003147,benign,1.8715858e-05,0.009311752640657932,full,full,full
req_003148,benign,1.50203705e-05,0.03005139606972831,full,full,full
req_003149,benign,4.2319298e-05,0.9611602824737288,full,full,full
req_003150,benign,6.723404e-05,0.8668834725314591,full,full,full
req_003151,benign,0.0022821426,0.04739578586783268,full,full,full
req_003152,benign,1.1444092e-05,0.7779400397046384,full,full,full
req_003153,benign,1.9431114e-05,0.8188591617368994,full,full,full
req_003154,benign,7.9631805e-05,0.02727654575110343,full,full,full
req_003155,exhaustion,0.0001527071,0.007086981380007344,full,full,full
req_003156,exhaustion,0.99706984,0.006669486738559029,full,full,quarantine
req_003157,benign,1.8715858e-05,0.8548805720108134,full,full,full
req_003158,benign,0.00021117926,0.8695788800954628,full,full,full
req_003159,benign,4.506111e-05,0.02203010041362219,full,full,full
req_003160,benign,0.01719731,0.8308759328447541,full,full,full
req_003161,benign,0.00037169456,0.8870905855270526,full,full,full
req_003162,benign,7.843971e-05,0.7958424149905392,full,full,full
req_003163,benign,0.000119924545,0.758667135659524,full,full,full
req_003164,benign,0.00022953749,0.7778397322287485,full,full,full
req_003165,benign,3.2544136e-05,0.8865916424781728,full,full,full
req_003166,benign,1.50203705e-05,0.03282142812288953,full,full,full
req_003167,benign,4.8279762e-05,0.03385953424542604,full,full,full
req_003168,benign,1.013279e-05,0.8223159754239546,full,full,full
req_003169,benign,1.180172e-05,0.8685419105550523,full,full,full
req_003170,benign,7.581711e-05,0.7830535122950485,full,full,full
req_003171,benign,1.5854836e-05,0.8237221261177998,full,full,full
req_003172,benign,1.8715858e-05,0.016026187348118302,full,full,full
req_003173,benign,1.7404556e-05,0.06079727202776803,full,full,full
req_003174,benign,3.0875206e-05,0.015014933886979104,full,full,full
req_003175,exhaustion,0.9963695,0.022372382413026054,full,full,quarantine
req_003176,benign,3.6001205e-05,0.7611119957380972,full,full,full
req_003177,benign,0.00022953749,0.04064998883557343,full,full,full
req_003178,benign,7.7843666e-05,0.8700351332697314,full,full,full
req_003179,benign,2.1100044e-05,0.844423917169633,full,full,full
req_003180,benign,5.9843063e-05,0.025199798901970754,full,full,full
req_003181,benign,0.0001052618,0.8480930921922043,full,full,full
req_003182,benign,3.5762787e-05,0.7989988678923678,full,full,full
req_003183,benign,0.00014197826,0.8234029427908551,full,full,full
req_003184,benign,0.029087842,0.050788569714777534,full,full,full
req_003185,benign,4.684925e-05,0.8687234484413145,full,full,full
req_003186,benign,2.527237e-05,0.9522747088270975,full,full,full
req_003187,benign,1.6570091e-05,0.05107762799568811,full,full,full
req_003188,benign,4.1246414e-05,0.8003922081809334,full,full,full
req_003189,benign,0.0001911521,0.792672829110747,full,full,full
req_003190,benign,3.7312508e-05,0.05654501649479199,full,full,full
req_003191,benign,5.2690506e-05,0.0041557089226243495,full,full,full
req_003192,benign,2.2888184e-05,0.011208868809368052,full,full,full
req_003193,benign,1.8715858e-05,0.8881012870323477,full,full,full
req_003194,benign,0.00024813414,0.8245842936156085,full,full,full
req_003195,benign,8.881092e-05,0.8585876328810957,full,full,full
req_003196,benign,0.07831675,0.02031643055497096,full,full,full
req_003197,benign,7.1167946e-05,0.042216859711747046,full,full,full
req_003198,benign,6.866455e-05,0.04318487933861874,full,full,full
req_003199,injection,0.99913925,0.03701181788604962,full,quarantine,quarantine
req_003200,benign,4.005432e-05,0.016955482373115942,full,full,full
req_003201,benign,2.9325485e-05,0.7885303368624995,full,full,full
req_003202,benign,1.7404556e-05,0.0403808794609089,full,full,full
req_003203,benign,3.2901764e-05,0.93498443626084,full,full,full
req_003204,benign,1.6093254e-05,0.8985189609370454,full,full,full
req_003205,benign,1.3709068e-05,0.02857708323295054,full,full,full
req_003206,benign,2.1338463e-05,0.9013516948768238,full,full,full
req_003207,benign,8.606911e-05,0.825989548492493,full,full,full
req_003208,benign,1.3947487e-05,0.8215809215270452,full,full,full
req_003209,benign,2.682209e-05,0.7874067439988937,full,full,full
req_003210,benign,9.357929e-05,0.9496681022498904,full,full,full
req_003211,benign,1.5735626e-05,0.7793477249191717,full,full,full
req_003212,benign,5.4121017e-05,0.7912832224682156,full,full,full
req_003213,benign,0.00010430813,0.8819171705892626,full,full,full
req_003214,benign,4.529953e-05,0.8885046776345837,full,full,full
req_003215,injection,0.9993194,0.03228739491641705,full,quarantine,quarantine
req_003216,benign,2.7298927e-05,0.7964836001952911,full,full,full
req_003217,benign,0.00010073185,0.04382789679653211,full,full,full
req_003218,benign,1.7285347e-05,0.01791610485786168,full,full,full
req_003219,benign,0.0048009753,0.031323038009660874,full,full,full
req_003220,benign,0.00015509129,0.9376081811192727,full,full,full
req_003221,benign,0.004351318,0.8617696989748668,full,full,full
req_003222,benign,2.7060509e-05,0.02686805777382522,full,full,full
req_003223,benign,6.663799e-05,0.034848564043027074,full,full,full
req_003224,benign,1.5616417e-05,0.032315595961457826,full,full,full
req_003225,benign,4.4822693e-05,0.8705435510574314,full,full,full
req_003226,benign,0.00010180473,0.9082472882705868,full,full,full
req_003227,benign,1.5497208e-05,0.8406071374795435,full,full,full
req_003228,benign,0.00011014938,0.061242652225206515,full,full,full
req_003229,benign,3.0398369e-05,0.01812538717535113,full,full,full
req_003230,injection,0.99956095,0.7595222989718857,full,quarantine,quarantine
req_003231,benign,0.00022131205,0.8490749246228618,full,full,full
req_003232,benign,8.499622e-05,0.032357962786613306,full,full,full
req_003233,benign,0.027569115,0.05410572996292866,full,full,full
req_003234,benign,1.9669533e-05,0.0,full,full,full
req_003235,benign,4.2676926e-05,0.8546912728166034,full,full,full
req_003236,benign,4.196167e-05,0.0785532231701699,full,full,full
req_003237,injection,0.99912953,0.007701902199908392,full,quarantine,quarantine
req_003238,benign,1.168251e-05,0.02911985450656683,full,full,full
req_003239,benign,3.7550926e-05,0.0,full,full,full
req_003240,benign,8.678436e-05,0.053313009452463436,full,full,full
req_003241,exhaustion,0.9970101,0.013510790661878685,full,full,quarantine
req_003242,benign,3.159046e-05,0.041769176127827636,full,full,full
req_003243,benign,1.335144e-05,0.839658742605157,full,full,full
req_003244,benign,2.2053719e-05,0.0010704336119515719,full,full,full
req_003245,benign,1.5854836e-05,0.04261171946223779,full,full,full
req_003246,benign,0.00013017654,0.039108819166926594,full,full,full
req_003247,benign,1.8835068e-05,0.8950772779128298,full,full,full
req_003248,benign,0.00017338991,0.7996599648885008,full,full,full
req_003249,benign,0.000195086,0.0,full,full,full
req_003250,benign,4.3988228e-05,0.028534683418702227,full,full,full
req_003251,benign,0.00010883808,0.014851113085612542,full,full,full
req_003252,benign,2.0384789e-05,0.8771918319726836,full,full,full
req_003253,benign,4.708767e-05,0.8833900344716928,full,full,full
req_003254,benign,2.4437904e-05,0.0,full,full,full
req_003255,injection,0.9890444,0.021803805632426322,full,full,quarantine
req_003256,benign,4.9591064e-05,0.8472166901725687,full,full,full
req_003257,benign,0.0030155778,0.9550076625971617,full,full,full
req_003258,benign,1.2993813e-05,0.7737202883239681,full,full,full
req_003259,benign,3.4570694e-05,0.023285170450987294,full,full,full
req_003260,benign,1.347065e-05,0.02496398194165352,full,full,full
req_003261,benign,1.5974045e-05,0.05126241207550925,full,full,full
req_003262,injection,0.99941015,0.025986711013868055,full,quarantine,quarantine
req_003263,benign,0.00012218952,0.9093078128011938,full,full,full
req_003264,benign,2.4199486e-05,0.02604495066932675,full,full,full
req_003265,benign,0.000121712685,0.023382001800902566,full,full,full
req_003266,benign,1.9788742e-05,0.8206143436179953,full,full,full
req_003267,benign,4.887581e-05,0.05125946315963518,full,full,full
req_003268,exhaustion,0.99948674,0.043988629541345865,full,full,quarantine
req_003269,benign,2.5987625e-05,0.04660490625265996,full,full,full
req_003270,benign,0.0006366372,0.9219943484122143,full,full,full
req_003271,benign,5.3167343e-05,0.03505635394357933,full,full,full
req_003272,benign,0.00015473366,0.005754286566276492,full,full,full
req_003273,injection,0.999533,0.032267419632957796,full,quarantine,quarantine
req_003274,benign,1.9907951e-05,0.8357472218019621,full,full,full
req_003275,benign,0.00015068054,0.8404734886261211,full,full,full
req_003276,benign,0.000104784966,0.8688927350186428,full,full,full
req_003277,benign,2.002716e-05,0.04302743148467207,full,full,full
req_003278,benign,0.00034713745,0.03123149375775945,full,full,full
req_003279,benign,7.271767e-05,0.8878017606758356,full,full,full
req_003280,benign,1.4305115e-05,0.9109375980258051,full,full,full
req_003281,benign,1.4424324e-05,0.013783706621459654,full,full,full
req_003282,benign,0.00010418892,0.037336549839655085,full,full,full
req_003283,benign,1.6093254e-05,0.0,full,full,full
req_003284,injection,0.99943835,0.9106393576087664,full,quarantine,quarantine
req_003285,benign,5.9843063e-05,0.8402574595669844,full,full,full
req_003286,benign,1.2993813e-05,0.8180760122915712,full,full,full
req_003287,exhaustion,0.9184271,0.029485316606575503,full,full,quarantine
req_003288,benign,0.00012290478,0.8860797837204716,full,full,full
req_003289,benign,1.8715858e-05,0.056340753294029544,full,full,full
req_003290,benign,2.0503998e-05,0.030093644445313057,full,full,full
req_003291,benign,2.7775764e-05,0.056430249128677265,full,full,full
req_003292,benign,3.361702e-05,0.8441348214530041,full,full,full
req_003293,benign,4.4584274e-05,0.04444793814653776,full,full,full
req_003294,benign,4.0650368e-05,0.022751975114518427,full,full,full
req_003295,benign,5.888939e-05,0.911253524005375,full,full,full
req_003296,benign,1.4424324e-05,0.8415910574805877,full,full,full
req_003297,benign,2.7060509e-05,0.06523705220639735,full,full,full
req_003298,injection,0.9997007,0.018218357931878374,full,quarantine,quarantine
req_003299,benign,7.164478e-05,0.033215049620148214,full,full,full
req_003300,exhaustion,0.0064481497,0.01958250755639103,full,full,full
req_003301,benign,3.8146973e-05,0.8144059705141211,full,full,full
req_003302,benign,2.6106834e-05,0.043977837213413855,full,full,full
req_003303,benign,2.0384789e-05,0.8905574039220943,full,full,full
req_003304,benign,0.00056546926,0.8530174748046624,full,full,full
req_003305,benign,1.0967255e-05,0.8202880020027087,full,full,full
req_003306,benign,1.2993813e-05,0.046520534182287104,full,full,full
req_003307,benign,1.4424324e-05,0.06177263983541221,full,full,full
req_003308,benign,5.5789948e-05,0.0462442776814639,full,full,full
req_003309,benign,1.7881393e-05,0.8255203376254043,full,full,full
req_003310,injection,0.99942404,0.03200670177816799,full,quarantine,quarantine
req_003311,benign,8.940697e-05,0.7915202786624275,full,full,full
req_003312,benign,1.7404556e-05,0.8289214980285283,full,full,full
req_003313,benign,1.8239021e-05,0.007834211393343886,full,full,full
req_003314,benign,0.001113236,0.8080592865180389,full,full,full
req_003315,benign,3.7312508e-05,0.8216097931038473,full,full,full
req_003316,benign,5.9843063e-05,0.8850095090598132,full,full,full
req_003317,benign,5.3167343e-05,0.8249034673773763,full,full,full
req_003318,benign,3.1352043e-05,0.02539667955224175,full,full,full
req_003319,benign,2.026558e-05,0.03574548295765608,full,full,full
req_003320,benign,7.772446e-05,0.010675411363053111,full,full,full
req_003321,benign,3.182888e-05,0.005359334887488035,full,full,full
req_003322,benign,4.196167e-05,0.9242943848740885,full,full,full
req_003323,benign,0.0002232194,0.9224266605110816,full,full,full
req_003324,benign,0.0007828474,0.03226007288074738,full,full,full
req_003325,benign,5.221367e-05,0.04174002893589849,full,full,full
req_003326,benign,2.2530556e-05,0.017127921335598432,full,full,full
req_003327,injection,0.9994467,0.8293588169014174,full,quarantine,quarantine
req_003328,benign,5.4717064e-05,0.8375453875682843,full,full,full
req_003329,benign,0.00012123585,0.870165622867245,full,full,full
req_003330,benign,0.00031411648,0.019378224473030593,full,full,full
req_003331,injection,0.999483,0.020239735014642775,full,quarantine,quarantine
req_003332,benign,2.4080276e-05,0.02658324850236642,full,full,full
req_003333,benign,0.00028663874,0.03276724100178789,full,full,full
req_003334,benign,3.0875206e-05,0.06601342202720992,full,full,full
req_003335,benign,8.690357e-05,0.02001812028119488,full,full,full
req_003336,benign,0.00068581104,0.7775884337475936,full,full,full
req_003337,benign,1.13248825e-05,0.04713290339421937,full,full,full
req_003338,benign,7.843971e-05,0.009029346613714948,full,full,full
req_003339,benign,2.3007393e-05,0.05591935927353689,full,full,full
req_003340,benign,6.1035156e-05,0.8386998463705784,full,full,full
req_003341,injection,0.9991049,0.030962532914185287,full,quarantine,quarantine
req_003342,benign,0.11989319,0.011076585538724874,full,full,full
req_003343,benign,1.8000603e-05,0.8467178563597277,full,full,full
req_003344,benign,2.4080276e-05,0.01964663456379756,full,full,full
req_003345,benign,1.66893e-05,0.016728085222258087,full,full,full
req_003346,benign,5.030632e-05,0.006830229825222477,full,full,full
req_003347,benign,5.888939e-05,0.043069455981437826,full,full,full
req_003348,benign,1.180172e-05,0.9071203019062669,full,full,full
req_003349,benign,3.385544e-05,0.030539141500798932,full,full,full
req_003350,exhaustion,0.9992971,0.025160519491293873,full,full,quarantine
req_003351,benign,0.00034928322,0.810984949432949,full,full,full
req_003352,benign,1.9788742e-05,0.8180267086558948,full,full,full
req_003353,benign,8.690357e-05,0.8294170942054538,full,full,full
req_003354,benign,6.556511e-05,0.9152455168188954,full,full,full
req_003355,injection,0.9995159,0.03941781936654236,full,quarantine,quarantine
req_003356,benign,2.1338463e-05,0.8584111835040119,full,full,full
req_003357,benign,2.336502e-05,0.8547124073491452,full,full,full
req_003358,benign,2.5391579e-05,0.04785299067878093,full,full,full
req_003359,benign,0.0002554059,0.8189588957295694,full,full,full
req_003360,benign,4.1484833e-05,0.8295252236621943,full,full,full
req_003361,benign,2.503395e-05,0.0,full,full,full
req_003362,benign,1.2516975e-05,0.018361108224262346,full,full,full
req_003363,benign,1.347065e-05,0.028037617942437157,full,full,full
req_003364,injection,0.999418,0.9080197336325803,full,quarantine,quarantine
req_003365,benign,1.2040138e-05,0.010185642572144053,full,full,full
req_003366,benign,1.7881393e-05,0.0599890318434798,full,full,full
req_003367,benign,2.0980835e-05,0.8956729644146264,full,full,full
req_003368,benign,2.360344e-05,0.0008852993497824833,full,full,full
req_003369,benign,4.3988228e-05,0.8303891678605946,full,full,full
req_003370,injection,0.99949604,0.039647307787476466,full,quarantine,quarantine
req_003371,benign,2.682209e-05,0.7331875349377065,full,full,full
req_003372,injection,0.9994212,0.041922020847936406,full,quarantine,quarantine
req_003373,benign,9.9658966e-05,0.8235886452022895,full,full,full
req_003374,benign,4.386902e-05,0.058501820647932315,full,full,full
req_003375,benign,0.0002606511,0.8008031585422769,full,full,full
req_003376,exhaustion,0.9902408,0.046210056860747056,full,full,quarantine
req_003377,benign,1.847744e-05,0.040135282285728824,full,full,full
req_003378,benign,5.8412552e-05,0.0,full,full,full
req_003379,exhaustion,0.80211425,0.07906179065924253,full,full,quarantine
req_003380,benign,3.9339066e-05,0.8239108300656656,full,full,full
req_003381,benign,6.532669e-05,0.7899806807679818,full,full,full
req_003382,benign,1.6212463e-05,0.8798744824891217,full,full,full
req_003383,benign,7.7962875e-05,0.8090841157495644,full,full,full
req_003384,benign,2.1219254e-05,0.052423199442557133,full,full,full
req_003385,exhaustion,0.97590935,0.04543152257678058,full,full,quarantine
req_003386,benign,0.00020498037,0.06116104375666878,full,full,full
req_003387,benign,1.8835068e-05,0.7915983999861415,full,full,full
req_003388,benign,2.7298927e-05,0.05129075156524706,full,full,full
req_003389,benign,0.00017035007,0.052634060917380904,full,full,full
req_003390,benign,3.2782555e-05,0.9086735222310633,full,full,full
req_003391,benign,8.058548e-05,0.04496617391122415,full,full,full
req_003392,exhaustion,0.9793991,0.03595876652846749,full,full,quarantine
req_003393,benign,1.3947487e-05,0.0,full,full,full
req_003394,injection,0.9992581,0.032669034811292255,full,quarantine,quarantine
req_003395,benign,1.6450882e-05,0.047246712426370116,full,full,full
req_003396,benign,3.838539e-05,0.9037967281061974,full,full,full
req_003397,benign,1.6093254e-05,0.02425493681975653,full,full,full
req_003398,benign,1.4305115e-05,0.8451788561290685,full,full,full
req_003399,injection,0.9994812,0.05775232983709661,full,quarantine,quarantine
req_003400,benign,3.504753e-05,0.9047102593394893,full,full,full
req_003401,benign,1.4066696e-05,0.02027396165258436,full,full,full
req_003402,benign,0.0003606081,0.023833960030686576,full,full,full
req_003403,exhaustion,0.99979,0.037131635582858286,full,full,quarantine
req_003404,benign,2.2172928e-05,0.802245700502869,full,full,full
req_003405,benign,0.0001193285,0.061278042064402995,full,full,full
req_003406,benign,0.0001026392,0.8809116767766286,full,full,full
req_003407,benign,1.335144e-05,0.8607314266215876,full,full,full
req_003408,benign,2.002716e-05,0.8225290310415148,full,full,full
req_003409,injection,0.9993376,0.02371633582432566,full,quarantine,quarantine
req_003410,benign,8.499622e-05,0.8782374060719608,full,full,full
req_003411,benign,0.00010859966,0.04700647075055116,full,full,full
req_003412,benign,1.7166138e-05,0.8250471024878412,full,full,full
req_003413,benign,0.00019103289,0.058582688069420866,full,full,full
req_003414,exhaustion,0.18042517,0.06291212034009389,full,full,full
req_003415,benign,3.4570694e-05,0.04102467966557434,full,full,full
req_003416,benign,4.7326088e-05,0.782868808828002,full,full,full
req_003417,benign,4.4226646e-05,0.03720732279881979,full,full,full
req_003418,benign,6.0915947e-05,0.04236775727846905,full,full,full
req_003419,benign,2.2768974e-05,0.8743903335713794,full,full,full
req_003420,benign,2.002716e-05,0.0,full,full,full
req_003421,benign,4.053116e-05,0.020495060042969082,full,full,full
req_003422,benign,2.3961067e-05,0.04487480873323592,full,full,full
req_003423,benign,0.00015354156,0.016787268850957514,full,full,full
req_003424,benign,1.5258789e-05,0.84641517226915,full,full,full
req_003425,benign,4.7445297e-05,0.036619238527195834,full,full,full
req_003426,benign,1.2755394e-05,0.855457724978472,full,full,full
req_003427,injection,0.99909204,0.043158293712092635,full,quarantine,quarantine
req_003428,benign,3.0636787e-05,0.03614363214155353,full,full,full
req_003429,benign,1.4901161e-05,0.8412461594370892,full,full,full
req_003430,benign,0.00052565336,0.0,full,full,full
req_003431,benign,4.2915344e-05,0.061087603217609886,full,full,full
req_003432,benign,4.9233437e-05,0.8408978754261949,full,full,full
req_003433,benign,1.3232231e-05,0.7492008866094798,full,full,full
req_003434,benign,0.00012910366,0.04935908984301132,full,full,full
req_003435,benign,0.0007416606,0.0188930243818689,full,full,full
req_003436,benign,3.8981438e-05,0.7873913537679165,full,full,full
req_003437,benign,1.5616417e-05,0.046701990405472654,full,full,full
req_003438,benign,4.3034554e-05,0.7852813877476095,full,full,full
req_003439,benign,0.0009689331,0.8761317133048787,full,full,full
req_003440,benign,1.4305115e-05,0.8120382293563815,full,full,full
req_003441,benign,0.00018185377,0.03533074951916047,full,full,full
req_003442,benign,2.7656555e-05,0.93411066491341,full,full,full
req_003443,benign,1.1563301e-05,0.8805778506328192,full,full,full
req_003444,benign,0.00017011166,0.05008001923902046,full,full,full
req_003445,benign,4.4822693e-05,0.02078958467009879,full,full,full
req_003446,benign,2.6583672e-05,0.0,full,full,full
req_003447,exhaustion,0.975553,0.00400157306322195,full,full,quarantine
req_003448,benign,3.5881996e-05,0.8668525375687925,full,full,full
req_003449,benign,0.00020223856,0.8531744318847343,full,full,full
req_003450,benign,5.8174133e-05,0.8322298960734662,full,full,full
req_003451,benign,1.7285347e-05,0.7952220823973036,full,full,full
req_003452,benign,2.9683113e-05,0.8809423961892353,full,full,full
req_003453,benign,0.0008480549,0.03835860713282618,full,full,full
req_003454,benign,0.10720414,0.03097187265513957,full,full,full
req_003455,benign,6.604195e-05,0.8490170404427737,full,full,full
req_003456,benign,0.00061142445,0.03708516080829282,full,full,full
req_003457,benign,3.2901764e-05,0.04087985889057418,full,full,full
req_003458,benign,1.335144e-05,0.867395420960738,full,full,full
req_003459,benign,2.0384789e-05,0.9056527828366866,full,full,full
req_003460,benign,5.51939e-05,0.06603719442533411,full,full,full
req_003461,benign,1.7642975e-05,0.07579295067567127,full,full,full
req_003462,benign,0.00023192167,0.8104436746010228,full,full,full
req_003463,benign,0.00016713142,0.03163278463082565,full,full,full
req_003464,benign,5.7697296e-05,0.9184058383260105,full,full,full
req_003465,benign,4.2319298e-05,0.8259710666738848,full,full,full
req_003466,benign,1.6450882e-05,0.07408356739462388,full,full,full
req_003467,benign,0.0088300705,0.023876079603233968,full,full,full
req_003468,benign,7.677078e-05,0.01960859328669926,full,full,full
req_003469,benign,5.8174133e-05,0.8665379833236169,full,full,full
req_003470,benign,6.7949295e-05,0.05469836361336124,full,full,full
req_003471,benign,3.5881996e-05,0.021525568254682662,full,full,full
req_003472,benign,6.0081482e-05,0.8404049490076717,full,full,full
req_003473,benign,0.00016796589,0.06222539078523711,full,full,full
req_003474,benign,0.0029358268,0.044465688349778515,full,full,full
req_003475,benign,8.6426735e-05,0.7877023321260508,full,full,full
req_003476,benign,0.00010895729,0.7088970128373169,full,full,full
req_003477,benign,1.4781952e-05,0.8935847939633506,full,full,full
req_003478,benign,1.5735626e-05,0.019360284898132133,full,full,full
req_003479,exhaustion,0.9290941,0.011779484988801412,full,full,quarantine
req_003480,benign,5.51939e-05,0.9011217186706337,full,full,full
req_003481,benign,9.6559525e-05,0.05136111411894162,full,full,full
req_003482,benign,6.604195e-05,0.05245171170431734,full,full,full
req_003483,benign,1.9431114e-05,0.03022847114096764,full,full,full
req_003484,benign,4.1484833e-05,0.857445663904779,full,full,full
req_003485,exhaustion,0.99641097,0.035602796660209456,full,full,quarantine
req_003486,benign,1.9550323e-05,0.028615836041214843,full,full,full
req_003487,benign,1.50203705e-05,0.920587771652897,full,full,full
req_003488,benign,2.18153e-05,0.0,full,full,full
req_003489,benign,3.325939e-05,0.07114507305784093,full,full,full
req_003490,benign,0.0050100684,0.01612732296424868,full,full,full
req_003491,benign,1.9788742e-05,0.7911513030404357,full,full,full
req_003492,benign,6.6280365e-05,0.017176190546321503,full,full,full
req_003493,benign,9.6559525e-05,0.8857683094345072,full,full,full
req_003494,benign,1.4781952e-05,0.851624220719888,full,full,full
req_003495,benign,4.1484833e-05,0.024826708627941115,full,full,full
req_003496,benign,1.4424324e-05,0.9001443430761605,full,full,full
req_003497,benign,2.2768974e-05,0.03583924292692909,full,full,full
req_003498,exhaustion,0.999739,0.025137536817496385,full,full,quarantine
req_003499,benign,0.0003566742,0.037823068381946975,full,full,full
req_003500,benign,0.00015544891,0.7862545572496266,full,full,full
req_003501,benign,9.429455e-05,0.8375402793834054,full,full,full
req_003502,benign,1.4305115e-05,0.8819912288126378,full,full,full
req_003503,benign,1.7881393e-05,0.7902427526185475,full,full,full
req_003504,benign,2.9563904e-05,0.9325948973896303,full,full,full
req_003505,benign,1.66893e-05,0.024261293647395737,full,full,full
req_003506,benign,1.9073486e-05,0.8567788830968016,full,full,full
req_003507,benign,3.862381e-05,0.0576870875011339,full,full,full
req_003508,exhaustion,0.99828935,0.05182629348547707,full,full,quarantine
req_003509,benign,0.00014841557,0.03567275409444448,full,full,full
req_003510,benign,1.5854836e-05,0.0189932429729911,full,full,full
req_003511,exhaustion,0.9922479,0.04127032081102022,full,full,quarantine
req_003512,exhaustion,0.9967768,0.006386360990737777,full,full,quarantine
req_003513,benign,4.2796135e-05,0.7848793140963735,full,full,full
req_003514,benign,2.3245811e-05,0.7820910287200593,full,full,full
req_003515,benign,1.001358e-05,0.028668515620241225,full,full,full
req_003516,injection,0.99959034,0.026023428068770824,full,quarantine,quarantine
req_003517,benign,0.0021561384,0.842150833107924,full,full,full
req_003518,benign,2.6464462e-05,0.857101665896157,full,full,full
req_003519,benign,0.00065010786,0.7699121441855507,full,full,full
req_003520,benign,1.9192696e-05,0.8430114659734981,full,full,full
req_003521,benign,1.4305115e-05,0.8195727743822145,full,full,full
req_003522,benign,0.00018566847,0.8171531754628736,full,full,full
req_003523,benign,2.348423e-05,0.0,full,full,full
req_003524,benign,0.00060772896,0.8322665255920407,full,full,full
req_003525,injection,0.9995404,0.8488545800346101,full,quarantine,quarantine
req_003526,injection,0.99940217,0.035639307827826594,full,quarantine,quarantine
req_003527,benign,7.534027e-05,0.8250474889573964,full,full,full
req_003528,benign,3.7431717e-05,0.8442208387584343,full,full,full
req_003529,benign,1.8119812e-05,0.8516155016347632,full,full,full
req_003530,benign,0.0009532571,0.8386005230554049,full,full,full
req_003531,benign,2.026558e-05,0.049495298088688494,full,full,full
req_003532,benign,1.4662743e-05,0.838551503598986,full,full,full
req_003533,benign,2.2768974e-05,0.84652485684443,full,full,full
req_003534,benign,0.0005455613,0.04145199636984127,full,full,full
req_003535,benign,8.559227e-05,0.04474166236825469,full,full,full
req_003536,benign,3.7550926e-05,0.041331547498462115,full,full,full
req_003537,benign,1.3709068e-05,0.01296521910152855,full,full,full
req_003538,benign,0.00016248226,0.012508347999810862,full,full,full
req_003539,benign,1.692772e-05,0.9169453838623294,full,full,full
req_003540,benign,0.0001937747,0.03682400275685726,full,full,full
req_003541,benign,1.9669533e-05,0.041114948776019525,full,full,full
req_003542,benign,1.4901161e-05,0.0705426319600878,full,full,full
req_003543,benign,1.2874603e-05,0.8725671023742937,full,full,full
req_003544,benign,1.5377998e-05,0.8943873580572769,full,full,full
req_003545,benign,1.1563301e-05,0.7487977010337935,full,full,full
req_003546,benign,0.00041800737,0.9205803733436775,full,full,full
req_003547,benign,0.00014197826,0.7522986092769922,full,full,full
req_003548,benign,7.927418e-05,0.009846340397970822,full,full,full
req_003549,benign,5.7458878e-05,0.04878384595193301,full,full,full
req_003550,benign,5.209446e-05,0.8437857805750417,full,full,full
req_003551,benign,0.00041860342,0.8861693996093757,full,full,full
req_003552,injection,0.9993751,0.0046331867666674735,full,quarantine,quarantine
req_003553,benign,1.7523766e-05,0.038657165658366126,full,full,full
req_003554,benign,1.5258789e-05,0.8806372332364174,full,full,full
req_003555,benign,0.00012135506,0.8110845399182045,full,full,full
req_003556,benign,1.2993813e-05,0.01965735255090038,full,full,full
req_003557,benign,5.722046e-05,0.05280868100788526,full,full,full
req_003558,benign,5.888939e-05,0.8767783568688913,full,full,full
req_003559,benign,3.159046e-05,0.017786117152287655,full,full,full
req_003560,benign,2.3245811e-05,0.8346523904402355,full,full,full
req_003561,benign,1.3709068e-05,0.0291468756280509,full,full,full
req_003562,benign,0.00047326088,0.9238910611063129,full,full,full
req_003563,benign,1.4901161e-05,0.041380347067542275,full,full,full
req_003564,benign,2.0623207e-05,0.857469566215825,full,full,full
req_003565,benign,1.7046928e-05,0.7979942320750958,full,full,full
req_003566,benign,0.00012075901,0.8046079881906815,full,full,full
req_003567,injection,0.9997486,0.025711457341656682,full,quarantine,quarantine
req_003568,benign,1.3947487e-05,0.9336953698196104,full,full,full
req_003569,benign,1.347065e-05,0.8793380424634131,full,full,full
req_003570,benign,4.386902e-05,0.9002441083167803,full,full,full
req_003571,benign,1.6450882e-05,0.8470058703260513,full,full,full
req_003572,benign,0.0034085512,0.9070089423752988,full,full,full
req_003573,benign,1.50203705e-05,0.03664470221775663,full,full,full
req_003574,benign,0.00050735474,0.00916805253831942,full,full,full
req_003575,benign,3.2901764e-05,0.7809712376140829,full,full,full
req_003576,benign,2.4080276e-05,0.8105895414652186,full,full,full
req_003577,benign,1.3828278e-05,0.8880421170642744,full,full,full
req_003578,exhaustion,0.999801,0.016577958120737132,full,full,quarantine
req_003579,benign,3.0875206e-05,0.04301017600788072,full,full,full
req_003580,benign,1.9669533e-05,0.8041505645159897,full,full,full
req_003581,benign,0.00014305115,0.05296535700287946,full,full,full
req_003582,benign,4.351139e-05,0.0013866840405546768,full,full,full
req_003583,benign,1.5974045e-05,0.9821559703656482,full,full,full
req_003584,benign,0.00027936697,0.0013784294796128846,full,full,full
req_003585,benign,1.9788742e-05,0.8654160935813595,full,full,full
req_003586,benign,2.5868416e-05,0.9141778949523475,full,full,full
req_003587,benign,0.00061130524,0.05058744027110118,full,full,full
req_003588,benign,4.374981e-05,0.791349455611031,full,full,full
req_003589,benign,3.385544e-05,0.034367026094243434,full,full,full
req_003590,benign,3.3974648e-05,0.034721522902225604,full,full,full
req_003591,exhaustion,0.9993825,0.03565101858785218,full,full,quarantine
req_003592,exhaustion,0.9982726,0.027904724473432282,full,full,quarantine
req_003593,benign,2.4318695e-05,0.781763458971204,full,full,full
req_003594,exhaustion,0.9940732,0.8337836320454914,full,full,quarantine
req_003595,benign,0.00020247698,0.043572502301804136,full,full,full
req_003596,benign,5.9723854e-05,0.7938367150732112,full,full,full
req_003597,benign,2.1338463e-05,0.025806612453995976,full,full,full
req_003598,benign,0.00025206804,0.0,full,full,full
req_003599,benign,0.0006802082,0.8598130585022721,full,full,full
req_003600,benign,1.3828278e-05,0.7419318329072799,full,full,full
req_003601,benign,7.2956085e-05,0.01226938251531156,full,full,full
req_003602,benign,2.1100044e-05,0.016267840529406278,full,full,full
req_003603,benign,1.3232231e-05,0.025201491850810203,full,full,full
req_003604,benign,0.00010085106,0.907512221798633,full,full,full
req_003605,exhaustion,0.99753565,0.03727255296779592,full,full,quarantine
req_003606,benign,2.9206276e-05,0.8206869468729948,full,full,full
req_003607,benign,5.507469e-05,0.06074637144765542,full,full,full
req_003608,benign,3.015995e-05,0.888890560290356,full,full,full
req_003609,benign,1.5974045e-05,0.0483269470915329,full,full,full
req_003610,benign,5.00679e-05,0.835783045399169,full,full,full
req_003611,benign,3.4213066e-05,0.057159747251860855,full,full,full
req_003612,benign,0.012417674,0.004807752373359175,full,full,full
req_003613,benign,4.9114227e-05,0.003851683346804996,full,full,full
req_003614,benign,0.00033783913,0.03094672048579116,full,full,full
req_003615,injection,0.9994283,0.04449275035460305,full,quarantine,quarantine
req_003616,benign,1.3947487e-05,0.02309184938465469,full,full,full
req_003617,benign,2.2292137e-05,0.7864114942253871,full,full,full
req_003618,benign,1.680851e-05,0.8231813892266292,full,full,full
req_003619,benign,2.169609e-05,0.8666090914327099,full,full,full
req_003620,benign,1.7404556e-05,0.8596473030176908,full,full,full
req_003621,benign,2.9563904e-05,0.037348699928945205,full,full,full
req_003622,benign,7.271767e-05,0.8041645102757824,full,full,full
req_003623,benign,6.711483e-05,0.050538908151275416,full,full,full
req_003624,benign,3.1352043e-05,0.8066837531039115,full,full,full
req_003625,benign,1.50203705e-05,0.88313330787325,full,full,full
req_003626,benign,2.1338463e-05,0.8953767400177677,full,full,full
req_003627,benign,1.2755394e-05,0.9285691675488189,full,full,full
req_003628,benign,0.00011956692,0.8776024439280611,full,full,full
req_003629,benign,1.8715858e-05,0.9220612637630006,full,full,full
req_003630,benign,1.2874603e-05,0.8487776713478051,full,full,full
req_003631,benign,6.186962e-05,0.8733454968387349,full,full,full
req_003632,benign,9.787083e-05,0.07671241341864954,full,full,full
req_003633,benign,3.528595e-05,0.06734160335594422,full,full,full
req_003634,benign,0.0002734065,0.8243223020702454,full,full,full
req_003635,benign,0.0001540184,0.9119249697025111,full,full,full
req_003636,benign,0.0006790161,0.02492333497986134,full,full,full
req_003637,exhaustion,0.9940974,0.02320304864208218,full,full,quarantine
req_003638,benign,0.00021153688,0.9184718513995744,full,full,full
req_003639,benign,1.2874603e-05,0.8139898307280006,full,full,full
req_003640,benign,3.2186508e-05,0.8171012784406058,full,full,full
req_003641,benign,0.00023645163,0.9040434486451578,full,full,full
req_003642,exhaustion,0.99968654,0.018959090705512188,full,full,quarantine
req_003643,benign,1.2874603e-05,0.04686962256545461,full,full,full
req_003644,benign,0.00070261955,0.9248244571387143,full,full,full
req_003645,benign,4.541874e-05,0.03749912898293609,full,full,full
req_003646,benign,1.5735626e-05,0.7238341031376655,full,full,full
req_003647,benign,1.50203705e-05,0.8672030373649386,full,full,full
req_003648,benign,3.0398369e-05,0.8885929991371728,full,full,full
req_003649,benign,0.00023633242,0.01108503309079345,full,full,full
req_003650,benign,3.516674e-05,0.04103427708506558,full,full,full
req_003651,benign,3.5643578e-05,0.8651369020689498,full,full,full
req_003652,benign,0.00013267994,0.864371525114349,full,full,full
req_003653,benign,3.6239624e-05,0.02408782112297242,full,full,full
req_003654,benign,0.00074762106,0.8460594695862013,full,full,full
req_003655,benign,1.847744e-05,0.7978502903804646,full,full,full
req_003656,benign,1.8835068e-05,0.8574262175113864,full,full,full
req_003657,injection,0.9995061,0.01660784585182255,full,quarantine,quarantine
req_003658,benign,2.0861626e-05,0.031290680348878046,full,full,full
req_003659,injection,0.9997261,0.019044528063783574,full,quarantine,quarantine
req_003660,benign,1.859665e-05,0.8313523489460419,full,full,full
req_003661,benign,7.736683e-05,0.08030574679284874,full,full,full
req_003662,injection,0.9991949,0.0,full,quarantine,quarantine
req_003663,benign,1.6212463e-05,0.8783035476159092,full,full,full
req_003664,benign,8.511543e-05,0.0008893378180785741,full,full,full
req_003665,benign,5.1617622e-05,0.026536901016401073,full,full,full
req_003666,benign,2.8729439e-05,0.031917001183049076,full,full,full
req_003667,benign,0.000115036964,0.8382321413501275,full,full,full
req_003668,benign,2.4437904e-05,0.012212813580684802,full,full,full
req_003669,benign,0.00012111664,0.8657468810644454,full,full,full
req_003670,benign,1.50203705e-05,0.7514593284219029,full,full,full
req_003671,benign,1.2397766e-05,0.8987314438633623,full,full,full
req_003672,benign,0.00043052435,0.8794825925752894,full,full,full
req_003673,benign,1.7404556e-05,0.0169296562817259,full,full,full
req_003674,benign,1.4066696e-05,0.6904907737364392,full,full,full
req_003675,benign,2.8848648e-05,0.6544778107636273,full,full,full
req_003676,benign,5.185604e-05,0.7561477953261713,full,full,full
req_003677,benign,0.00010764599,0.028452648935437974,full,full,full
req_003678,benign,0.00019282103,0.8955839422274339,full,full,full
req_003679,benign,1.5377998e-05,0.8528451287614668,full,full,full
req_003680,benign,1.2278557e-05,0.845060320519025,full,full,full
req_003681,injection,0.9997083,0.01644969054146079,full,quarantine,quarantine
req_003682,benign,0.00031220913,0.0,full,full,full
req_003683,injection,0.99950045,0.023419411061659793,full,quarantine,quarantine
req_003684,benign,0.00010895729,0.8376546598514311,full,full,full
req_003685,benign,4.041195e-05,0.04703505088245751,full,full,full
req_003686,benign,0.002100587,0.041982494561958225,full,full,full
req_003687,benign,2.3961067e-05,0.8310190695945141,full,full,full
req_003688,benign,1.9907951e-05,0.864769456050241,full,full,full
req_003689,exhaustion,0.9997981,0.03144272584248637,full,full,quarantine
req_003690,benign,2.169609e-05,0.8107057673391801,full,full,full
req_003691,benign,2.1100044e-05,0.77083981415015,full,full,full
req_003692,benign,4.4226646e-05,0.7828099231984712,full,full,full
req_003693,benign,2.026558e-05,0.021444980994720034,full,full,full
req_003694,benign,9.1433525e-05,0.01594567846189974,full,full,full
req_003695,benign,2.0503998e-05,0.9480140968758513,full,full,full
req_003696,benign,1.2993813e-05,0.8673362138146697,full,full,full
req_003697,benign,1.4066696e-05,0.07222789028732403,full,full,full
req_003698,benign,3.838539e-05,0.038783402680104676,full,full,full
req_003699,benign,3.8266182e-05,0.79125311249902,full,full,full
req_003700,injection,0.99942064,0.007821881285598197,full,quarantine,quarantine
req_003701,exhaustion,0.9997674,0.07343754204217795,full,full,quarantine
req_003702,benign,5.030632e-05,0.006811200334072554,full,full,full
req_003703,injection,0.9988396,0.0170354962197682,full,quarantine,quarantine
req_003704,benign,1.847744e-05,0.8182625227779218,full,full,full
req_003705,injection,0.9994704,0.03494727829759875,full,quarantine,quarantine
req_003706,benign,0.0002040267,0.8342352823112336,full,full,full
req_003707,benign,0.00025373697,0.8545650301602064,full,full,full
req_003708,benign,2.6226044e-05,0.8086131633517393,full,full,full
req_003709,benign,1.3232231e-05,0.016644395257621014,full,full,full
req_003710,benign,0.00021666288,0.8973927647762658,full,full,full
req_003711,benign,0.000104665756,0.05348693699617774,full,full,full
req_003712,benign,0.0004900694,0.8598520144536569,full,full,full
req_003713,benign,1.7642975e-05,0.03642816736021107,full,full,full
req_003714,benign,1.8715858e-05,0.9130178060216608,full,full,full
req_003715,benign,0.00010108948,0.8088641783722295,full,full,full
req_003716,benign,3.0398369e-05,0.06308840090088991,full,full,full
req_003717,benign,1.2874603e-05,0.8388884910312332,full,full,full
req_003718,benign,3.4689903e-05,0.7762859886393544,full,full,full
req_003719,injection,0.9994957,0.012878336244421973,full,quarantine,quarantine
req_003720,benign,1.2636185e-05,0.8621921153751101,full,full,full
req_003721,benign,0.00011861324,0.7863500787788505,full,full,full
req_003722,benign,0.00050854683,0.04948632755001061,full,full,full
req_003723,benign,4.9829483e-05,0.8974528741098604,full,full,full
req_003724,exhaustion,0.9957461,0.010321698282469143,full,full,quarantine
req_003725,benign,3.5762787e-05,0.8358360882964873,full,full,full
req_003726,benign,2.0503998e-05,0.8335254320767946,full,full,full
req_003727,benign,1.5735626e-05,0.8372958904033974,full,full,full
req_003728,benign,6.663799e-05,0.04385696842381397,full,full,full
req_003729,benign,2.2172928e-05,0.826118348571927,full,full,full
req_003730,benign,1.9669533e-05,0.7587491159606062,full,full,full
req_003731,benign,4.005432e-05,0.8490187405707686,full,full,full
req_003732,benign,0.00012671947,0.017345496735600624,full,full,full
req_003733,injection,0.99902284,0.016722373902827582,full,quarantine,quarantine
req_003734,benign,2.2768974e-05,0.8730692825845625,full,full,full
req_003735,benign,2.7775764e-05,0.9421182004720692,full,full,full
req_003736,benign,2.193451e-05,0.9183628715979077,full,full,full
req_003737,benign,2.4795532e-05,0.034731283442737085,full,full,full
req_003738,benign,1.2516975e-05,0.8392456174566022,full,full,full
req_003739,benign,4.7445297e-05,0.020897894955349196,full,full,full
req_003740,exhaustion,0.0019002557,0.04763210511460861,full,full,full
req_003741,benign,1.5854836e-05,0.8956188903268877,full,full,full
req_003742,benign,0.0002283454,0.011791889624366201,full,full,full
req_003743,benign,0.0026840568,0.031734093378045836,full,full,full
req_003744,benign,2.8967857e-05,0.02610602245512057,full,full,full
req_003745,benign,0.00015604496,0.9229037159503353,full,full,full
req_003746,benign,2.9683113e-05,0.006501392620135906,full,full,full
req_003747,benign,0.00031149387,0.03321850446774888,full,full,full
req_003748,benign,0.0073170066,0.9260010623358245,full,full,full
req_003749,benign,0.00077307224,0.06300540643417503,full,full,full
req_003750,benign,4.6253204e-05,0.03519391035044324,full,full,full
req_003751,benign,7.83205e-05,0.02702049865267136,full,full,full
req_003752,benign,0.00013279915,0.8664809101366493,full,full,full
req_003753,benign,5.8054924e-05,0.8836442427700127,full,full,full
req_003754,benign,2.8729439e-05,0.9403583177136369,full,full,full
req_003755,benign,1.692772e-05,0.03075376851114371,full,full,full
req_003756,benign,0.0002824664,0.8922880454622226,full,full,full
req_003757,benign,4.339218e-05,0.8061423155343401,full,full,full
req_003758,benign,4.7326088e-05,0.038349544231802354,full,full,full
req_003759,exhaustion,0.69904584,0.08653447847959714,full,full,sandbox
req_003760,benign,3.504753e-05,0.044559589830817224,full,full,full
req_003761,benign,7.6532364e-05,0.03236855434701882,full,full,full
req_003762,benign,0.00030100346,0.8394410696688894,full,full,full
req_003763,benign,2.336502e-05,0.8520965359571746,full,full,full
req_003764,benign,5.8174133e-05,0.845861105486382,full,full,full
req_003765,benign,1.41859055e-05,0.019899025293489338,full,full,full
req_003766,benign,1.5616417e-05,0.025477961062600297,full,full,full
req_003767,benign,1.7642975e-05,0.026974899544059537,full,full,full
req_003768,benign,1.9192696e-05,0.8395396056272293,full,full,full
req_003769,injection,0.99809676,0.03392545254334992,full,quarantine,quarantine
req_003770,benign,5.7935715e-05,0.008363777393982221,full,full,full
req_003771,benign,0.00047123432,0.021147265110067315,full,full,full
req_003772,benign,4.4584274e-05,0.023306291818187205,full,full,full
req_003773,benign,1.2874603e-05,0.872066883275046,full,full,full
req_003774,benign,0.00015318394,0.0383667665152156,full,full,full
req_003775,benign,0.00092482567,0.01864340644286628,full,full,full
req_003776,benign,1.2755394e-05,0.019526882568947364,full,full,full
req_003777,benign,6.604195e-05,0.046246842329566155,full,full,full
req_003778,benign,2.3245811e-05,0.029050917845309825,full,full,full
req_003779,benign,0.0007022619,0.01393553283010731,full,full,full
req_003780,benign,0.0007182956,0.0007451818823042411,full,full,full
req_003781,benign,5.1498413e-05,0.7867881846049436,full,full,full
req_003782,benign,0.0015224814,0.0573881545856612,full,full,full
req_003783,benign,7.092953e-05,0.7177332708459412,full,full,full
req_003784,benign,2.4795532e-05,0.02547265150956749,full,full,full
req_003785,benign,1.7523766e-05,0.004312657014890475,full,full,full
req_003786,benign,3.0398369e-05,0.0,full,full,full
req_003787,benign,1.2993813e-05,0.0574218975350691,full,full,full
req_003788,benign,8.785725e-05,0.06529262923877771,full,full,full
req_003789,benign,7.843971e-05,0.9369748282222293,full,full,full
req_003790,benign,5.5789948e-05,0.011958924466076281,full,full,full
req_003791,benign,0.00017601252,0.8950263906454297,full,full,full
req_003792,exhaustion,0.99965703,0.003624817794530156,full,full,quarantine
req_003793,benign,0.0005886555,0.8987716424812485,full,full,full
req_003794,benign,1.21593475e-05,0.058220000864876,full,full,full
req_003795,benign,1.2874603e-05,0.019744277941536367,full,full,full
req_003796,injection,0.99963456,0.017442823635159664,full,quarantine,quarantine
req_003797,benign,5.4717064e-05,0.058623360677606776,full,full,full
req_003798,benign,1.4424324e-05,0.031191022648794354,full,full,full
req_003799,benign,4.506111e-05,0.031984969977827855,full,full,full
req_003800,benign,2.1338463e-05,0.016146789331077892,full,full,full
req_003801,benign,6.914139e-05,0.8617955579887512,full,full,full
req_003802,benign,0.002068162,0.022481849440157582,full,full,full
req_003803,benign,4.1007996e-05,0.7986838017847463,full,full,full
req_003804,benign,6.651878e-05,0.887846642990359,full,full,full
req_003805,injection,0.99914414,0.0318763391191472,full,quarantine,quarantine
req_003806,benign,1.1920929e-05,0.03881227833266854,full,full,full
req_003807,benign,1.7046928e-05,0.8741415954028259,full,full,full
req_003808,injection,0.99979216,0.024595808079400913,full,quarantine,quarantine
req_003809,benign,0.00010573864,0.010365989306180733,full,full,full
req_003810,benign,0.00020605326,0.8360633906253796,full,full,full
req_003811,benign,3.886223e-05,0.062325517763555605,full,full,full
req_003812,benign,0.00016367435,0.07021675117253903,full,full,full
req_003813,benign,1.2874603e-05,0.06800804393473653,full,full,full
req_003814,benign,5.543232e-05,0.8420207421696446,full,full,full
req_003815,benign,6.318092e-05,0.799964668171947,full,full,full
req_003816,benign,2.0503998e-05,0.01795163488466809,full,full,full
req_003817,exhaustion,0.9998616,0.044678908035889565,full,full,quarantine
req_003818,benign,0.00018948317,0.7498208740719432,full,full,full
req_003819,benign,6.67572e-05,0.8301167367239146,full,full,full
req_003820,benign,3.2424927e-05,0.8387610346767014,full,full,full
req_003821,benign,2.7060509e-05,0.040408094902069834,full,full,full
req_003822,benign,2.7656555e-05,0.0033794282779208047,full,full,full
req_003823,benign,1.5377998e-05,0.8510600869050732,full,full,full
req_003824,benign,9.942055e-05,0.8582554265846324,full,full,full
req_003825,exhaustion,0.9979756,0.06528077633097093,full,full,quarantine
req_003826,benign,2.515316e-05,0.8418952559864649,full,full,full
req_003827,benign,0.04770422,0.7631704496209504,full,full,full
req_003828,benign,5.6743622e-05,0.024738910867804016,full,full,full
req_003829,benign,1.7404556e-05,0.8961338425331111,full,full,full
req_003830,injection,0.99963164,0.06183742190311627,full,quarantine,quarantine
req_003831,benign,2.6583672e-05,0.02045243473810951,full,full,full
req_003832,benign,6.520748e-05,0.02265441901468907,full,full,full
req_003833,benign,1.335144e-05,0.05053893395937269,full,full,full
req_003834,benign,1.5258789e-05,0.8573863021635777,full,full,full
req_003835,benign,1.1563301e-05,0.002491055802794212,full,full,full
req_003836,injection,0.99953085,0.06719003249177587,full,quarantine,quarantine
req_003837,benign,1.8000603e-05,0.05918591298738647,full,full,full
req_003838,benign,2.014637e-05,0.045223382765719126,full,full,full
req_003839,benign,0.00010550022,0.6846397154138419,full,full,full
req_003840,benign,3.707409e-05,0.0,full,full,full
req_003841,benign,5.555153e-05,0.8122048853035305,full,full,full
req_003842,benign,1.7762184e-05,0.8845637949710606,full,full,full
req_003843,benign,3.6239624e-05,0.8707871500534893,full,full,full
req_003844,benign,0.00017338991,0.005056480648210349,full,full,full
req_003845,benign,0.00015771389,0.03796361796527511,full,full,full
req_003846,benign,1.5974045e-05,0.044917570145717615,full,full,full
req_003847,benign,1.5616417e-05,0.06698529720381129,full,full,full
req_003848,benign,3.1232834e-05,0.8902352060895501,full,full,full
req_003849,benign,1.7046928e-05,0.026039565828296883,full,full,full
req_003850,benign,2.18153e-05,0.8046631240798112,full,full,full
req_003851,benign,4.7922134e-05,0.0031235819712692042,full,full,full
req_003852,benign,2.5391579e-05,0.8832263794185203,full,full,full
req_003853,benign,2.69413e-05,0.8010917333854088,full,full,full
req_003854,injection,0.9997921,0.0480163887236925,full,quarantine,quarantine
req_003855,benign,4.1007996e-05,0.01816914679428783,full,full,full
req_003856,benign,5.2690506e-05,0.8854249017107461,full,full,full
req_003857,benign,6.1035156e-05,0.04027588580198899,full,full,full
req_003858,benign,0.0013452768,0.01622440064654591,full,full,full
req_003859,benign,2.18153e-05,0.039020468392913385,full,full,full
req_003860,benign,6.4611435e-05,0.0,full,full,full
req_003861,benign,1.7881393e-05,0.018180352685572037,full,full,full
req_003862,benign,5.4240227e-05,0.05054463981392032,full,full,full
req_003863,benign,0.016398847,0.018693980612116266,full,full,full
req_003864,benign,2.169609e-05,0.06559042927163117,full,full,full
req_003865,benign,1.835823e-05,0.04514309487606456,full,full,full
req_003866,benign,0.00047898293,0.017209948877216545,full,full,full
req_003867,benign,4.4703484e-05,0.023925611934020832,full,full,full
req_003868,benign,2.3841858e-05,0.9479130232911732,full,full,full
req_003869,benign,0.00020760298,0.8691531919927569,full,full,full
req_003870,benign,1.6331673e-05,0.9401222980539319,full,full,full
req_003871,exhaustion,0.9319969,0.0,full,full,quarantine
req_003872,benign,6.7949295e-05,0.02700953638408531,full,full,full
req_003873,benign,0.00011730194,0.8967490118626852,full,full,full
req_003874,benign,0.00010049343,0.022303371417900574,full,full,full
req_003875,benign,0.00052827597,0.017780546498238563,full,full,full
req_003876,benign,0.0010272264,0.8972867420531984,full,full,full
req_003877,benign,8.904934e-05,0.8892936001163356,full,full,full
req_003878,exhaustion,0.9904746,0.007757806907047617,full,full,quarantine
req_003879,benign,1.2874603e-05,0.01962270073260177,full,full,full
req_003880,benign,2.002716e-05,0.8396442500525528,full,full,full
req_003881,benign,9.548664e-05,0.7848825370115391,full,full,full
req_003882,benign,0.00012397766,0.9086379046025183,full,full,full
req_003883,benign,5.722046e-05,0.7855438996824033,full,full,full
req_003884,benign,1.5497208e-05,0.843941045241574,full,full,full
req_003885,benign,3.7431717e-05,0.8481624081708544,full,full,full
req_003886,benign,3.5881996e-05,0.8534143048382746,full,full,full
req_003887,benign,2.1338463e-05,0.689013904154133,full,full,full
req_003888,benign,3.4093857e-05,0.8574667911297073,full,full,full
req_003889,benign,1.347065e-05,0.8174358894206477,full,full,full
req_003890,exhaustion,0.9968685,0.025760864013421564,full,full,quarantine
req_003891,exhaustion,0.99968016,0.020561806535041693,full,full,quarantine
req_003892,benign,6.592274e-05,0.0,full,full,full
req_003893,benign,1.8119812e-05,0.8775421625458772,full,full,full
req_003894,benign,6.151199e-05,0.009045707797900489,full,full,full
req_003895,benign,4.6014786e-05,0.014249149367412683,full,full,full
req_003896,benign,0.00494349,0.010576371513401264,full,full,full
req_003897,benign,0.00034964085,0.7828358899120846,full,full,full
req_003898,benign,2.7060509e-05,0.7588703542157438,full,full,full
req_003899,benign,2.4795532e-05,0.831073240661692,full,full,full
req_003900,benign,3.015995e-05,0.8830385842220299,full,full,full
req_003901,benign,1.8715858e-05,0.04378525508990664,full,full,full
req_003902,benign,2.026558e-05,0.8541605209313549,full,full,full
req_003903,benign,3.0636787e-05,0.819612764131105,full,full,full
req_003904,benign,3.886223e-05,0.02913250383534817,full,full,full
req_003905,benign,3.2186508e-05,0.004820995649711099,full,full,full
req_003906,benign,0.00012505054,0.8774272044282283,full,full,full
req_003907,benign,2.2292137e-05,0.9365391828171685,full,full,full
req_003908,benign,2.0861626e-05,0.8846808280086935,full,full,full
req_003909,benign,3.182888e-05,0.01973441861334668,full,full,full
req_003910,injection,0.99944097,0.03157318649079567,full,quarantine,quarantine
req_003911,benign,2.3841858e-05,0.01809610461734739,full,full,full
req_003912,benign,2.8014183e-05,0.028298354531460453,full,full,full
req_003913,benign,3.6001205e-05,0.014052078400838865,full,full,full
req_003914,benign,1.347065e-05,0.8370177950372615,full,full,full
req_003915,benign,1.7046928e-05,0.0,full,full,full
req_003916,benign,1.335144e-05,0.05994948145579625,full,full,full
req_003917,benign,5.7697296e-05,0.922386353708577,full,full,full
req_003918,benign,4.374981e-05,0.014441560023649163,full,full,full
req_003919,benign,4.4822693e-05,0.9652328598107031,full,full,full
req_003920,benign,2.169609e-05,0.8578498399427525,full,full,full
req_003921,benign,5.4597855e-05,0.866193963881284,full,full,full
req_003922,benign,1.3947487e-05,0.8691689780475057,full,full,full
req_003923,benign,2.4795532e-05,0.9255593348476328,full,full,full
req_003924,benign,0.70815396,0.9021076876542465,full,full,sandbox
req_003925,benign,5.710125e-05,0.8657914630962938,full,full,full
req_003926,benign,0.00022524595,0.8022650765359479,full,full,full
req_003927,benign,2.5749207e-05,0.05326071395958217,full,full,full
req_003928,benign,3.194809e-05,0.8691868489696166,full,full,full
req_003929,benign,1.4424324e-05,0.014949836521071706,full,full,full
req_003930,benign,2.4437904e-05,0.846973659776367,full,full,full
req_003931,benign,1.1444092e-05,0.8659483315712513,full,full,full
req_003932,benign,2.7656555e-05,0.8184222056042955,full,full,full
req_003933,benign,2.3722649e-05,0.866737727928185,full,full,full
req_003934,benign,1.5735626e-05,0.014957083873759276,full,full,full
req_003935,benign,3.7908554e-05,0.04536506753448201,full,full,full
req_003936,benign,9.083748e-05,0.041124340606316645,full,full,full
req_003937,benign,0.00036919117,0.02093333535570041,full,full,full
req_003938,benign,2.7537346e-05,0.9037111789210744,full,full,full
req_003939,exhaustion,0.9998788,0.04620616939442171,full,full,quarantine
req_003940,benign,0.00012767315,0.029383086457450643,full,full,full
req_003941,benign,0.0001411438,0.8142479175908445,full,full,full
req_003942,benign,2.9921532e-05,0.7640394104877729,full,full,full
req_003943,benign,0.00037777424,0.9191735996573953,full,full,full
req_003944,exhaustion,0.9996069,0.0525225260066995,full,full,quarantine
req_003945,benign,1.9550323e-05,0.8129648756207284,full,full,full
req_003946,benign,3.3140182e-05,0.027634994181707437,full,full,full
req_003947,benign,2.193451e-05,0.815829867348168,full,full,full
req_003948,benign,2.4557114e-05,0.06416596792228008,full,full,full
req_003949,benign,2.9921532e-05,0.05548191595279235,full,full,full
req_003950,benign,6.7949295e-05,0.018320178621339687,full,full,full
req_003951,benign,2.4914742e-05,0.8786269698859188,full,full,full
req_003952,benign,4.172325e-05,0.012898233865367429,full,full,full
req_003953,benign,3.6478043e-05,0.8862337805173677,full,full,full
req_003954,benign,0.007889569,0.9702863880728863,full,full,full
req_003955,benign,4.339218e-05,0.042340418372277436,full,full,full
req_003956,benign,2.503395e-05,0.03009283560965311,full,full,full
req_003957,injection,0.9993401,0.07217350399372395,full,quarantine,quarantine
req_003958,benign,0.00062674284,0.04096123917134215,full,full,full
req_003959,exhaustion,0.99994254,0.04362503970841048,full,full,quarantine
req_003960,benign,2.9444695e-05,0.034812260628151744,full,full,full
req_003961,benign,6.3061714e-05,0.9011149573622613,full,full,full
req_003962,benign,1.5854836e-05,0.023963621598933886,full,full,full
req_003963,benign,8.6307526e-05,0.03913915548509538,full,full,full
req_003964,benign,1.66893e-05,0.04333689063341016,full,full,full
req_003965,benign,2.336502e-05,0.008321741335150585,full,full,full
req_003966,benign,0.000374794,0.0513692092928895,full,full,full
req_003967,benign,2.8729439e-05,0.020257214722570235,full,full,full
req_003968,benign,3.361702e-05,0.0,full,full,full
req_003969,benign,0.015538156,0.039387451530880364,full,full,full
req_003970,exhaustion,0.9974376,0.03082102525632961,full,full,quarantine
req_003971,benign,2.6106834e-05,0.9097902458275529,full,full,full
req_003972,exhaustion,0.74622923,0.0,full,full,sandbox
req_003973,benign,3.7312508e-05,0.0787236269786947,full,full,full
req_003974,injection,0.9992504,0.935234077850679,full,quarantine,quarantine
req_003975,benign,2.0742416e-05,0.8344962548190256,full,full,full
req_003976,benign,7.498264e-05,0.8584578661686494,full,full,full
req_003977,benign,1.6212463e-05,0.8204764649298841,full,full,full
req_003978,benign,1.2874603e-05,0.017061784873374064,full,full,full
req_003979,benign,5.90086e-05,0.7809085216816262,full,full,full
req_003980,benign,3.182888e-05,0.916293852013268,full,full,full
req_003981,benign,2.5510788e-05,0.033265794963548145,full,full,full
req_003982,benign,2.336502e-05,0.07028834483489865,full,full,full
req_003983,benign,0.0009756088,0.010500193539275973,full,full,full
req_003984,benign,8.201599e-05,0.02750601111483874,full,full,full
req_003985,benign,3.695488e-05,0.9639183698639898,full,full,full
req_003986,benign,1.5258789e-05,0.8814605808889839,full,full,full
req_003987,injection,0.9993751,0.0026073906556011404,full,quarantine,quarantine
req_003988,benign,1.4901161e-05,0.8687599086360539,full,full,full
req_003989,benign,1.3947487e-05,0.8072328259323165,full,full,full
req_003990,benign,1.680851e-05,0.0,full,full,full
req_003991,benign,0.00010287762,0.022182131530682724,full,full,full
req_003992,benign,0.0033620596,0.0699666773002082,full,full,full
req_003993,benign,4.6491623e-05,0.8206047754167681,full,full,full
req_003994,exhaustion,0.9965947,0.0021078096589381874,full,full,quarantine
req_003995,benign,3.707409e-05,0.8554956959781334,full,full,full
req_003996,benign,0.0070464015,0.8859397900556985,full,full,full
req_003997,benign,2.348423e-05,0.8595878292153943,full,full,full
req_003998,benign,2.1457672e-05,0.04800946280316117,full,full,full
req_003999,benign,1.1563301e-05,0.8494249689283044,full,full,full
req_004000,benign,2.6106834e-05,0.784813536544314,full,full,full
req_004001,benign,1.3947487e-05,0.026702543854237176,full,full,full
req_004002,benign,1.859665e-05,0.029895558977699823,full,full,full
req_004003,benign,2.169609e-05,0.875343865700742,full,full,full
req_004004,benign,1.6212463e-05,0.7638645233143757,full,full,full
req_004005,benign,1.859665e-05,0.04193847971100405,full,full,full
req_004006,benign,3.9339066e-05,0.8578975442450519,full,full,full
req_004007,benign,0.00025695562,0.05068610422083305,full,full,full
req_004008,benign,4.2438507e-05,0.8853142979151074,full,full,full
req_004009,benign,1.3589859e-05,0.7744199183476927,full,full,full
req_004010,benign,0.00029677153,0.8785399640876578,full,full,full
req_004011,benign,2.1219254e-05,0.07673176838428161,full,full,full
req_004012,benign,0.00026685,0.041909715850646345,full,full,full
req_004013,benign,1.1563301e-05,0.8225407232420205,full,full,full
req_004014,benign,0.0049161315,0.04395324063689114,full,full,full
req_004015,benign,0.00019961596,0.877210537836794,full,full,full
req_004016,benign,0.0001500845,0.8403108018169995,full,full,full
req_004017,benign,1.7166138e-05,0.8481548828538944,full,full,full
req_004018,injection,0.99952507,0.03343676707434342,full,quarantine,quarantine
req_004019,benign,3.552437e-05,0.8746578274546627,full,full,full
req_004020,benign,1.2993813e-05,0.8509412247536583,full,full,full
req_004021,benign,0.0002914071,0.8403158319363141,full,full,full
req_004022,benign,0.0013634562,0.8297723116327773,full,full,full
req_004023,benign,2.014637e-05,0.8675743359953747,full,full,full
req_004024,benign,2.3841858e-05,0.8280640973659226,full,full,full
req_004025,benign,3.325939e-05,0.8148574923342632,full,full,full
req_004026,benign,2.6106834e-05,0.8231114639184804,full,full,full
req_004027,benign,4.1127205e-05,0.8225812613578918,full,full,full
req_004028,benign,1.7762184e-05,0.7897732012413653,full,full,full
req_004029,benign,2.0503998e-05,0.9381059026433749,full,full,full
req_004030,benign,1.1444092e-05,0.02701400204573151,full,full,full
req_004031,benign,8.4519386e-05,0.765914481259548,full,full,full
req_004032,benign,2.8014183e-05,0.8125573113552931,full,full,full
req_004033,benign,1.8000603e-05,0.008253379202838203,full,full,full
req_004034,benign,2.2292137e-05,0.9276249722245813,full,full,full
req_004035,exhaustion,0.9819251,0.04897935212865273,full,full,quarantine
req_004036,benign,2.2768974e-05,0.027165628896672445,full,full,full
req_004037,benign,5.197525e-05,0.062067238424200005,full,full,full
req_004038,benign,2.3961067e-05,0.040177119953567764,full,full,full
req_004039,benign,1.4901161e-05,0.8923294360384354,full,full,full
req_004040,benign,4.9233437e-05,0.03148656456774524,full,full,full
req_004041,benign,3.6120415e-05,0.035505733463603195,full,full,full
req_004042,benign,2.1100044e-05,0.9221503648077779,full,full,full
req_004043,injection,0.99972934,0.04355298867010907,full,quarantine,quarantine
req_004044,benign,0.0009638071,0.03367366113266146,full,full,full
req_004045,benign,2.1100044e-05,0.006945633961120256,full,full,full
req_004046,benign,2.4557114e-05,0.8158372537267022,full,full,full
req_004047,benign,1.8715858e-05,0.05021965516183323,full,full,full
req_004048,benign,0.0002693534,0.8622343475563223,full,full,full
req_004049,benign,2.9325485e-05,0.753716928545735,full,full,full
req_004050,benign,7.1167946e-05,0.8827738311588567,full,full,full
req_004051,benign,4.1365623e-05,0.8563772535063527,full,full,full
req_004052,benign,1.7404556e-05,0.8125816403477787,full,full,full
req_004053,benign,0.0019185543,0.8870533062171259,full,full,full
req_004054,benign,0.00019305944,0.04699488145008224,full,full,full
req_004055,benign,1.513958e-05,0.8310386626748071,full,full,full
req_004056,benign,6.711483e-05,0.82555454535832,full,full,full
req_004057,benign,1.8715858e-05,0.9227426224795239,full,full,full
req_004058,benign,3.5881996e-05,0.05056198290555285,full,full,full
req_004059,exhaustion,0.9842939,0.008624274862861367,full,full,quarantine
req_004060,benign,0.00037837029,0.047592259355652713,full,full,full
req_004061,benign,0.00034487247,0.9201889422462238,full,full,full
req_004062,benign,1.5258789e-05,0.8620244039379589,full,full,full
req_004063,benign,6.222725e-05,0.8593637107397022,full,full,full
req_004064,benign,2.8371811e-05,0.8646961802580879,full,full,full
req_004065,benign,2.3961067e-05,0.031946894264031654,full,full,full
req_004066,benign,1.2755394e-05,0.02639008953436222,full,full,full
req_004067,benign,2.0384789e-05,0.01564373377375286,full,full,full
req_004068,benign,0.00025624037,0.8019395766730938,full,full,full
req_004069,benign,8.249283e-05,0.9103169656035566,full,full,full
req_004070,benign,0.00012910366,0.9312698704969791,full,full,full
req_004071,benign,0.00011241436,0.8920617890605367,full,full,full
req_004072,benign,1.8954277e-05,0.88714344681852,full,full,full
req_004073,benign,0.00016617775,0.0,full,full,full
req_004074,benign,0.0003965497,0.8285570367470773,full,full,full
req_004075,benign,3.0875206e-05,0.8031714427877238,full,full,full
req_004076,benign,0.0030944943,0.011724318510410382,full,full,full
req_004077,benign,0.00024682283,0.03578873175797828,full,full,full
req_004078,benign,1.6570091e-05,0.07163081706627389,full,full,full
req_004079,benign,2.4080276e-05,0.04243441894173481,full,full,full
req_004080,benign,7.6174736e-05,0.04206127572993503,full,full,full
req_004081,benign,0.00023370981,0.048061539625183045,full,full,full
req_004082,benign,1.3828278e-05,0.8060263498372923,full,full,full
req_004083,benign,9.1314316e-05,0.7943873900756087,full,full,full
req_004084,benign,0.0005660653,0.9270599984611199,full,full,full
req_004085,benign,5.8412552e-05,0.0,full,full,full
req_004086,benign,8.749962e-05,0.04235508810436984,full,full,full
req_004087,benign,0.00014650822,0.8046523206112531,full,full,full
req_004088,exhaustion,0.0043172836,0.0,full,full,full
req_004089,benign,0.00059998035,0.0123888389553782,full,full,full
req_004090,benign,9.8109245e-05,0.0204073608266257,full,full,full
req_004091,benign,1.3828278e-05,0.06333830690270129,full,full,full
req_004092,benign,1.835823e-05,0.03334363052970172,full,full,full
req_004093,benign,2.5510788e-05,0.804483519546378,full,full,full
req_004094,benign,3.3974648e-05,0.7513390052524438,full,full,full
req_004095,benign,2.2053719e-05,0.886589632086762,full,full,full
req_004096,benign,1.6570091e-05,0.841604213802243,full,full,full
req_004097,exhaustion,0.011982083,0.04121664694642617,full,full,full
req_004098,benign,4.2438507e-05,0.8966209388100357,full,full,full
req_004099,exhaustion,0.7768628,0.010402381470204884,full,full,quarantine
req_004100,benign,0.00030851364,0.04396762308487723,full,full,full
req_004101,injection,0.99935716,0.022478170942007956,full,quarantine,quarantine
req_004102,exhaustion,0.9993162,0.031398711518171994,full,full,quarantine
req_004103,benign,0.00013327599,0.8625017504693703,full,full,full
req_004104,benign,2.1100044e-05,0.8592428911913899,full,full,full
req_004105,benign,1.8239021e-05,0.021687499243651997,full,full,full
req_004106,benign,2.0503998e-05,0.03912305666027511,full,full,full
req_004107,benign,0.00041621923,0.7956613025797956,full,full,full
req_004108,benign,5.1259995e-05,0.8613007205794131,full,full,full
req_004109,injection,0.9993313,0.04142499259741833,full,quarantine,quarantine
req_004110,benign,2.5868416e-05,0.8111045133534261,full,full,full
req_004111,benign,1.2278557e-05,0.8508070758235066,full,full,full
req_004112,benign,1.1920929e-05,0.053846248871296014,full,full,full
req_004113,exhaustion,0.99981743,0.05089380504865639,full,full,quarantine
req_004114,benign,0.0006849766,0.030680232313597386,full,full,full
req_004115,benign,1.859665e-05,0.0,full,full,full
req_004116,benign,2.7656555e-05,0.8844747285554103,full,full,full
req_004117,injection,0.9991822,0.030564005260552307,full,quarantine,quarantine
req_004118,benign,1.3113022e-05,0.0433883141354558,full,full,full
req_004119,benign,1.8954277e-05,0.8129728432731029,full,full,full
req_004120,benign,5.1379204e-05,0.9234830138492601,full,full,full
req_004121,benign,2.670288e-05,0.7795271183046515,full,full,full
req_004122,benign,5.054474e-05,0.002531802939783178,full,full,full
req_004123,benign,3.0755997e-05,0.814923354180779,full,full,full
req_004124,benign,0.00022786856,0.8902351105084683,full,full,full
req_004125,benign,2.1338463e-05,0.8420149455508857,full,full,full
req_004126,benign,1.6570091e-05,0.056263492427793826,full,full,full
req_004127,benign,4.1007996e-05,0.873770772799901,full,full,full
req_004128,benign,1.3232231e-05,0.8348782382165922,full,full,full
req_004129,benign,0.00013148785,0.04790399889003383,full,full,full
req_004130,benign,2.3007393e-05,0.8820939210076683,full,full,full
req_004131,benign,2.0623207e-05,0.8478347127915018,full,full,full
req_004132,benign,2.7060509e-05,0.05408906142147987,full,full,full
req_004133,benign,1.3828278e-05,0.7879826016570862,full,full,full
req_004134,benign,1.5377998e-05,0.015813154213272486,full,full,full
req_004135,benign,0.001548171,0.0,full,full,full
req_004136,exhaustion,0.99989355,0.0,full,full,quarantine
req_004137,injection,0.9990254,0.01242461144891012,full,quarantine,quarantine
req_004138,benign,1.8835068e-05,0.032931015947003865,full,full,full
req_004139,benign,7.843971e-05,0.8399284014907628,full,full,full
req_004140,exhaustion,0.9998385,0.017658576921433626,full,full,quarantine
req_004141,injection,0.99869823,0.014812311717313176,full,quarantine,quarantine
req_004142,benign,1.3828278e-05,0.8815666231187692,full,full,full
req_004143,benign,3.516674e-05,0.8200741772361981,full,full,full
req_004144,benign,2.3007393e-05,0.8689938509808148,full,full,full
req_004145,benign,2.5987625e-05,0.8481117839421319,full,full,full
req_004146,benign,0.0003350973,0.755260394773097,full,full,full
req_004147,benign,6.210804e-05,0.778637740853159,full,full,full
req_004148,injection,0.9993681,0.01109119669792839,full,quarantine,quarantine
req_004149,benign,5.4717064e-05,0.03383141980129473,full,full,full
req_004150,benign,1.5377998e-05,0.8240857768174804,full,full,full
req_004151,exhaustion,0.997835,0.04674860964756243,full,full,quarantine
req_004152,benign,2.3961067e-05,0.8317440830681424,full,full,full
req_004153,exhaustion,0.6831348,0.030543859914004726,full,full,sandbox
req_004154,exhaustion,0.9104557,0.0256461731234542,full,full,quarantine
req_004155,benign,1.513958e-05,0.007468359145851089,full,full,full
req_004156,benign,0.000102996826,0.04703095631373686,full,full,full
req_004157,benign,2.1219254e-05,0.012593593384563402,full,full,full
req_004158,benign,1.692772e-05,0.8593583284473423,full,full,full
req_004159,benign,1.7404556e-05,0.018550144532533473,full,full,full
req_004160,benign,0.00036215782,0.0,full,full,full
req_004161,benign,3.2424927e-05,0.7924722121035077,full,full,full
req_004162,benign,9.3340874e-05,0.01019007211509225,full,full,full
req_004163,benign,2.3841858e-05,0.007397057732126615,full,full,full
req_004164,benign,0.0001077652,0.9430862179109262,full,full,full
req_004165,benign,2.4318695e-05,0.8832057618160261,full,full,full
req_004166,benign,6.9618225e-05,0.03628926160034887,full,full,full
req_004167,exhaustion,0.9648329,0.052202395886868924,full,full,quarantine
req_004168,benign,3.9458275e-05,0.820464684925752,full,full,full
req_004169,benign,4.7802925e-05,0.7989247452759035,full,full,full
req_004170,benign,1.7523766e-05,0.8901095792356363,full,full,full
req_004171,benign,1.692772e-05,0.025834843775804403,full,full,full
req_004172,benign,2.7418137e-05,0.8539231082841885,full,full,full
req_004173,benign,2.9802322e-05,0.7799245356212522,full,full,full
req_004174,benign,3.1232834e-05,0.8577385460663859,full,full,full
req_004175,exhaustion,0.99984646,0.006003936931704132,full,full,quarantine
req_004176,benign,3.4451485e-05,0.008577927997645462,full,full,full
req_004177,benign,0.00027805567,0.9401663268394912,full,full,full
req_004178,exhaustion,0.9982203,0.019821798706965946,full,full,quarantine
req_004179,benign,1.4901161e-05,0.030515341380202038,full,full,full
req_004180,benign,1.7404556e-05,0.032704198458922265,full,full,full
req_004181,injection,0.9993294,0.0469416574524089,full,quarantine,quarantine
req_004182,benign,2.1338463e-05,0.017038682821705845,full,full,full
req_004183,exhaustion,0.9991387,0.02368788443546929,full,full,quarantine
req_004184,exhaustion,0.99898136,0.044760122899683036,full,full,quarantine
req_004185,benign,1.7404556e-05,0.04628956477691276,full,full,full
req_004186,injection,0.99948084,0.86701630212084,full,quarantine,quarantine
req_004187,benign,0.0012275577,0.018423468238270825,full,full,full
req_004188,benign,6.2823296e-05,0.016029585193513638,full,full,full
req_004189,injection,0.9996044,0.05530582190417483,full,quarantine,quarantine
req_004190,benign,2.2530556e-05,0.040787020616160116,full,full,full
req_004191,benign,2.193451e-05,0.04670304576255613,full,full,full
req_004192,exhaustion,0.8461298,0.0944142083868209,full,full,quarantine
req_004193,benign,4.684925e-05,0.055624677054238666,full,full,full
req_004194,benign,3.3140182e-05,0.020289997119802602,full,full,full
req_004195,injection,0.99975413,0.034370247496053066,full,quarantine,quarantine
req_004196,benign,0.0001757741,0.9484799535228137,full,full,full
req_004197,benign,1.3113022e-05,0.8535022701000108,full,full,full
req_004198,benign,6.735325e-05,0.9071631610573542,full,full,full
req_004199,benign,2.3722649e-05,0.805312332877549,full,full,full
req_004200,exhaustion,0.999837,0.03464726813232952,full,full,quarantine
req_004201,benign,0.002008915,0.03113580236365626,full,full,full
req_004202,benign,1.9431114e-05,0.8836806998214729,full,full,full
req_004203,benign,3.528595e-05,0.03900837296371393,full,full,full
req_004204,benign,0.00017660856,0.8441847751817582,full,full,full
req_004205,benign,0.00020462275,0.018803451778496252,full,full,full
req_004206,benign,0.0075033903,0.8532706738786484,full,full,full
req_004207,benign,0.00011909008,0.8440583262988641,full,full,full
req_004208,benign,0.0014320612,0.8620404491344221,full,full,full
req_004209,benign,2.2292137e-05,0.843573155951297,full,full,full
req_004210,benign,1.2040138e-05,0.06747564129958797,full,full,full
req_004211,benign,3.6358833e-05,0.0175415446049767,full,full,full
req_004212,benign,0.00012266636,0.8070560159188546,full,full,full
req_004213,exhaustion,0.9998962,0.0,full,full,quarantine
req_004214,benign,0.000102996826,0.765481205789899,full,full,full
req_004215,benign,0.0011372566,0.8046846873051766,full,full,full
req_004216,benign,1.5258789e-05,0.8500380993539975,full,full,full
req_004217,benign,0.00040858984,0.9154959016497053,full,full,full
req_004218,benign,8.225441e-05,0.8698802618697583,full,full,full
req_004219,benign,4.8041344e-05,0.016675621032187393,full,full,full
req_004220,benign,2.6345253e-05,0.8172548889216948,full,full,full
req_004221,benign,2.193451e-05,0.9172217114329911,full,full,full
req_004222,benign,1.7523766e-05,0.8800607751279643,full,full,full
req_004223,benign,5.8412552e-05,0.8257756935015278,full,full,full
req_004224,benign,1.6212463e-05,0.8297087278960684,full,full,full
req_004225,benign,1.8715858e-05,0.0347659340629483,full,full,full
req_004226,benign,1.8715858e-05,0.06218848448671176,full,full,full
req_004227,benign,9.059906e-05,0.7772091013308189,full,full,full
req_004228,benign,1.8119812e-05,0.05641572883746078,full,full,full
req_004229,benign,8.261204e-05,0.8637987028052277,full,full,full
req_004230,benign,4.4465065e-05,0.8452392931222633,full,full,full
req_004231,benign,1.4424324e-05,0.9346016904782961,full,full,full
req_004232,injection,0.9998371,0.05194030731583058,full,quarantine,quarantine
req_004233,benign,8.773804e-05,0.8331043706707973,full,full,full
req_004234,benign,1.9192696e-05,0.9088786081750468,full,full,full
req_004235,benign,0.011961579,0.05248635505641619,full,full,full
req_004236,benign,1.4901161e-05,0.8401417551313718,full,full,full
req_004237,benign,0.0010361671,0.879641077181441,full,full,full
req_004238,benign,3.4809113e-05,0.009596616057818651,full,full,full
req_004239,benign,3.695488e-05,0.04111207300735359,full,full,full
req_004240,benign,9.191036e-05,0.03783672559055979,full,full,full
req_004241,benign,0.00044602156,0.030177482805955915,full,full,full
req_004242,benign,5.3286552e-05,0.03844326144624755,full,full,full
req_004243,benign,0.000121831894,0.9172170784298022,full,full,full
req_004244,benign,1.9788742e-05,0.8901746703263911,full,full,full
req_004245,injection,0.99947345,0.012008599368808569,full,quarantine,quarantine
req_004246,benign,4.5776367e-05,0.07140461382382154,full,full,full
req_004247,benign,0.00010871887,0.7757885406488907,full,full,full
req_004248,benign,1.335144e-05,0.8584468372795229,full,full,full
req_004249,benign,7.998943e-05,0.8587481752833355,full,full,full
req_004250,injection,0.9995084,0.031104989061136516,full,quarantine,quarantine
req_004251,benign,1.347065e-05,0.03931782082276324,full,full,full
req_004252,benign,8.606911e-05,0.8726559296103522,full,full,full
req_004253,benign,1.692772e-05,0.8837935177299855,full,full,full
req_004254,benign,5.7458878e-05,0.8225863675398148,full,full,full
req_004255,benign,1.2516975e-05,0.8665594654565905,full,full,full
req_004256,benign,3.0040741e-05,0.9088603895134267,full,full,full
req_004257,benign,0.002456665,0.8492691677644099,full,full,full
req_004258,benign,7.891655e-05,0.7996226189432786,full,full,full
req_004259,injection,0.99951804,0.058650090637580456,full,quarantine,quarantine
req_004260,benign,1.8835068e-05,0.9079133493436745,full,full,full
req_004261,benign,6.222725e-05,0.03304608002150025,full,full,full
req_004262,exhaustion,0.9998459,0.03983244554689486,full,full,quarantine
req_004263,benign,2.2530556e-05,0.022813072972038297,full,full,full
req_004264,benign,0.019386888,0.01612690708831422,full,full,full
req_004265,benign,0.00013816357,0.030937425053632086,full,full,full
req_004266,benign,0.000101327896,0.8531006064940572,full,full,full
req_004267,benign,2.1457672e-05,0.8120065337852942,full,full,full
req_004268,benign,1.9669533e-05,0.022360327088215816,full,full,full
req_004269,benign,1.3589859e-05,0.9038579244296359,full,full,full
req_004270,injection,0.9992434,0.899540373889472,full,quarantine,quarantine
req_004271,benign,1.7046928e-05,0.030703212238290013,full,full,full
req_004272,benign,1.0251999e-05,0.9092139799353193,full,full,full
req_004273,benign,1.3709068e-05,0.8841384252514668,full,full,full
req_004274,benign,1.4066696e-05,0.014907033884245205,full,full,full
req_004275,injection,0.999423,0.9015456315196666,full,quarantine,quarantine
req_004276,benign,1.3828278e-05,0.04201791466943414,full,full,full
req_004277,benign,3.862381e-05,0.01569991720747379,full,full,full
req_004278,benign,2.9444695e-05,0.041626589910383614,full,full,full
req_004279,benign,1.859665e-05,0.9253697005405488,full,full,full
req_004280,benign,2.2768974e-05,0.8308300459204142,full,full,full
req_004281,benign,5.3286552e-05,0.8829872475818915,full,full,full
req_004282,benign,3.6001205e-05,0.8518757692783455,full,full,full
req_004283,benign,1.4305115e-05,0.8282185226863821,full,full,full
req_004284,benign,1.5616417e-05,0.7751542830976414,full,full,full
req_004285,benign,4.196167e-05,0.8890796568826744,full,full,full
req_004286,benign,1.6093254e-05,0.8290954377657839,full,full,full
req_004287,benign,4.696846e-05,0.835258248445175,full,full,full
req_004288,benign,0.0017236471,0.8493639528092614,full,full,full
req_004289,benign,3.838539e-05,0.011465821480015292,full,full,full
req_004290,benign,0.0002734065,0.7729824864567475,full,full,full
req_004291,benign,3.0875206e-05,0.9321555058404559,full,full,full
req_004292,benign,3.9815903e-05,0.02226836714820833,full,full,full
req_004293,benign,0.00011074543,0.08440085336493616,full,full,full
req_004294,benign,2.3961067e-05,0.060698679883102964,full,full,full
req_004295,benign,2.18153e-05,0.8501397380304169,full,full,full
req_004296,injection,0.9992628,0.08156444337436924,full,quarantine,quarantine
req_004297,benign,2.336502e-05,0.04778789809021122,full,full,full
req_004298,benign,2.1219254e-05,0.8768778199666055,full,full,full
req_004299,benign,3.4451485e-05,0.026269286799525157,full,full,full
req_004300,benign,0.00025600195,0.8034693765054473,full,full,full
req_004301,benign,1.3589859e-05,0.7851465666219933,full,full,full
req_004302,benign,1.2516975e-05,0.8304758704275487,full,full,full
req_004303,benign,1.6331673e-05,0.029039313180120607,full,full,full
req_004304,benign,1.6450882e-05,0.862690449274125,full,full,full
req_004305,benign,0.0006842613,0.033770385030311455,full,full,full
req_004306,benign,3.015995e-05,0.0429551341775925,full,full,full
req_004307,benign,1.7523766e-05,0.9241034550557274,full,full,full
req_004308,benign,0.00011122227,0.8389963430212485,full,full,full
req_004309,injection,0.99951476,0.04403916448076699,full,quarantine,quarantine
req_004310,benign,1.8000603e-05,0.03135857172897097,full,full,full
req_004311,benign,4.5895576e-05,0.03412744819675757,full,full,full
req_004312,benign,6.520748e-05,0.021393923663940884,full,full,full
req_004313,benign,4.851818e-05,0.8518979431970873,full,full,full
req_004314,injection,0.99936277,0.032293064735500476,full,quarantine,quarantine
req_004315,benign,0.0007252097,0.03312174986869414,full,full,full
req_004316,benign,0.00012290478,0.025294375687684258,full,full,full
req_004317,benign,2.2411346e-05,0.05616145961094908,full,full,full
req_004318,benign,0.00021356344,0.06090844194239132,full,full,full
req_004319,benign,0.05147952,0.02098844011233504,full,full,full
req_004320,benign,7.069111e-05,0.7529635145573792,full,full,full
req_004321,injection,0.9993525,0.0,full,quarantine,quarantine
req_004322,benign,2.2172928e-05,0.9124471963339709,full,full,full
req_004323,benign,0.0022498965,0.7793473655398316,full,full,full
req_004324,benign,7.712841e-05,0.8669696823092832,full,full,full
req_004325,injection,0.9994735,0.04129115061923723,full,quarantine,quarantine
req_004326,benign,0.00024789572,0.7568289683833052,full,full,full
req_004327,benign,1.0848045e-05,0.028889256732903518,full,full,full
req_004328,injection,0.99612194,0.02800969200745359,full,quarantine,quarantine
req_004329,benign,1.5377998e-05,0.8486098936627643,full,full,full
req_004330,benign,2.0861626e-05,0.8497888405533414,full,full,full
req_004331,benign,2.0861626e-05,0.042112344662342274,full,full,full
req_004332,benign,4.017353e-05,0.0,full,full,full
req_004333,benign,4.0769577e-05,0.8925753972068818,full,full,full
req_004334,benign,4.0888786e-05,0.020532451786501208,full,full,full
req_004335,benign,0.00039499998,0.8736105711309035,full,full,full
req_004336,benign,3.0755997e-05,0.025949694391174814,full,full,full
req_004337,benign,2.682209e-05,0.023508361623818665,full,full,full
req_004338,benign,9.9658966e-05,0.844915438772338,full,full,full
req_004339,injection,0.99968064,0.028672543539657955,full,quarantine,quarantine
req_004340,benign,0.0053176284,0.05214719789913691,full,full,full
req_004341,benign,1.4066696e-05,0.8919906658520494,full,full,full
req_004342,benign,4.6372414e-05,0.05923964265080929,full,full,full
req_004343,benign,1.9192696e-05,0.015226046531655074,full,full,full
req_004344,benign,0.0003027916,0.018364733436912653,full,full,full
req_004345,benign,0.0002670884,0.008812470728975962,full,full,full
req_004346,benign,5.185604e-05,0.012501300591527792,full,full,full
req_004347,exhaustion,0.99989486,0.011581686880035278,full,full,quarantine
req_004348,benign,1.7762184e-05,0.021904898583617844,full,full,full
req_004349,benign,0.00016367435,0.025341598342248438,full,full,full
req_004350,benign,2.9563904e-05,0.018127578072117123,full,full,full
req_004351,benign,0.0001795888,0.7829478123857168,full,full,full
req_004352,benign,6.830692e-05,0.037708871293708854,full,full,full
req_004353,exhaustion,0.9997541,0.04894650998024694,full,full,quarantine
req_004354,benign,4.3988228e-05,0.8389010756688258,full,full,full
req_004355,benign,0.00016927719,0.7814706592148364,full,full,full
req_004356,benign,0.0007816553,0.8558576460488142,full,full,full
req_004357,benign,0.00010716915,0.8352492530711427,full,full,full
req_004358,benign,4.7326088e-05,0.023382359812750966,full,full,full
req_004359,benign,2.8133392e-05,0.041752607167366645,full,full,full
req_004360,benign,0.00024849176,0.031145539037538385,full,full,full
req_004361,exhaustion,0.99980646,0.04072408469057104,full,full,quarantine
req_004362,benign,0.00019603968,0.024839458333661652,full,full,full
req_004363,injection,0.9993183,0.03820897785110976,full,quarantine,quarantine
req_004364,exhaustion,0.99953824,0.05257376028400676,full,full,quarantine
req_004365,benign,7.343292e-05,0.8340461496983665,full,full,full
req_004366,benign,2.6345253e-05,0.04387800689129,full,full,full
req_004367,benign,2.0861626e-05,0.013432789834602207,full,full,full
req_004368,benign,4.887581e-05,0.8799751408394797,full,full,full
req_004369,benign,1.859665e-05,0.8911449013426322,full,full,full
req_004370,benign,3.170967e-05,0.8782198647735019,full,full,full
req_004371,benign,3.349781e-05,0.02525698381563633,full,full,full
req_004372,injection,0.99931127,0.7517334664032509,full,quarantine,quarantine
req_004373,exhaustion,0.9936416,0.044052241013070245,full,full,quarantine
req_004374,benign,0.0031263828,0.8419157714400096,full,full,full
req_004375,benign,3.7431717e-05,0.873117733825724,full,full,full
req_004376,benign,2.9802322e-05,0.8818730988559418,full,full,full
req_004377,benign,4.6253204e-05,0.0015465667453009799,full,full,full
req_004378,benign,2.0980835e-05,0.7809340417030699,full,full,full
req_004379,benign,0.0002824664,0.8817044378226226,full,full,full
req_004380,benign,2.9325485e-05,0.04450258247566144,full,full,full
req_004381,injection,0.99962366,0.05940879436340804,full,quarantine,quarantine
req_004382,benign,4.172325e-05,0.04163763578434014,full,full,full
req_004383,benign,2.7656555e-05,0.04135111905445592,full,full,full
req_004384,benign,9.453297e-05,0.038285716557095506,full,full,full
req_004385,benign,0.00030064583,0.050030346623385166,full,full,full
req_004386,benign,0.00012612343,0.03438504787857133,full,full,full
req_004387,benign,0.00021463633,0.9142831235173187,full,full,full
req_004388,benign,1.8000603e-05,0.02545584212231132,full,full,full
req_004389,benign,2.3126602e-05,0.8378901550301615,full,full,full
req_004390,benign,5.5909157e-05,0.8264395009323595,full,full,full
req_004391,benign,7.915497e-05,0.028954682798504022,full,full,full
req_004392,benign,3.0875206e-05,0.8718749783675376,full,full,full
req_004393,benign,3.862381e-05,0.7896447553187227,full,full,full
req_004394,benign,3.838539e-05,0.8823675020638239,full,full,full
req_004395,benign,0.00060498714,0.8110528362929273,full,full,full
req_004396,benign,2.9087067e-05,0.023110190271242337,full,full,full
req_004397,benign,2.8848648e-05,0.8257491180334747,full,full,full
req_004398,benign,1.5974045e-05,0.8985995279743914,full,full,full
req_004399,exhaustion,0.99963224,0.013239496237876656,full,full,quarantine
req_004400,benign,3.6478043e-05,0.8310928271260879,full,full,full
req_004401,benign,0.00012278557,0.8780368386974686,full,full,full
req_004402,benign,0.13559002,0.8723358353957827,full,full,full
req_004403,benign,0.00012779236,0.02845118589089212,full,full,full
req_004404,benign,0.00013422966,0.8424801077084586,full,full,full
req_004405,benign,0.00010049343,0.04427417396820845,full,full,full
req_004406,benign,0.56228065,0.8749714445526152,full,full,sandbox
req_004407,benign,9.4771385e-05,0.03421264045439965,full,full,full
req_004408,benign,1.4901161e-05,0.026045820204609816,full,full,full
req_004409,benign,8.261204e-05,0.019931035633854698,full,full,full
req_004410,benign,1.6093254e-05,0.0,full,full,full
req_004411,benign,1.2278557e-05,0.8343025039233419,full,full,full
req_004412,benign,3.2424927e-05,0.7838198186864757,full,full,full
req_004413,benign,2.014637e-05,0.8089311690297782,full,full,full
req_004414,benign,1.7642975e-05,0.8160122851375883,full,full,full
req_004415,benign,4.5657158e-05,0.7555767954014726,full,full,full
req_004416,benign,2.0623207e-05,0.8889576247914585,full,full,full
req_004417,exhaustion,0.9784464,0.0,full,full,quarantine
req_004418,benign,0.00083458424,0.949167126610497,full,full,full
req_004419,benign,3.540516e-05,0.7563895036120218,full,full,full
req_004420,benign,8.7976456e-05,0.05889465966801238,full,full,full
req_004421,benign,1.5735626e-05,0.03155977463017968,full,full,full
req_004422,benign,0.00010597706,0.026882860355731793,full,full,full
req_004423,benign,4.1484833e-05,0.8985389581361537,full,full,full
req_004424,benign,2.8967857e-05,0.813766595820647,full,full,full
req_004425,benign,2.1457672e-05,0.0,full,full,full
req_004426,benign,7.390976e-05,0.8969617442992577,full,full,full
req_004427,benign,3.373623e-05,0.044028484649748144,full,full,full
req_004428,benign,1.8000603e-05,0.8654238054706088,full,full,full
req_004429,benign,0.00034105778,0.0,full,full,full
req_004430,exhaustion,0.9999051,0.06964756248231174,full,full,quarantine
req_004431,benign,0.00017815828,0.7466695580764549,full,full,full
req_004432,benign,0.00074082613,0.013835046119999243,full,full,full
req_004433,benign,1.7881393e-05,0.7785361465081161,full,full,full
req_004434,benign,5.376339e-05,0.8134441329387142,full,full,full
req_004435,benign,8.511543e-05,0.7990931733439796,full,full,full
req_004436,benign,0.00032377243,0.9284626948605752,full,full,full
req_004437,benign,5.6624413e-05,0.8607353966737672,full,full,full
req_004438,benign,0.00017660856,0.8065545780110464,full,full,full
req_004439,benign,2.3961067e-05,0.8978157276232064,full,full,full
req_004440,benign,2.0742416e-05,0.03177705997624142,full,full,full
req_004441,benign,1.5854836e-05,0.021760301743767314,full,full,full
req_004442,benign,1.6450882e-05,0.8245111227672934,full,full,full
req_004443,benign,2.002716e-05,0.8778939900076489,full,full,full
req_004444,benign,1.5497208e-05,0.011225370058173322,full,full,full
req_004445,benign,1.5854836e-05,0.0391596852453795,full,full,full
req_004446,benign,3.1113625e-05,0.047607521928606414,full,full,full
req_004447,benign,5.6266785e-05,0.8790991641851083,full,full,full
req_004448,benign,0.0006952286,0.8746814451183071,full,full,full
req_004449,benign,5.853176e-05,0.010822901323716778,full,full,full
req_004450,benign,1.9550323e-05,0.056698212421679876,full,full,full
req_004451,benign,1.3589859e-05,0.020679286701171917,full,full,full
req_004452,benign,0.00015735626,0.027675763626222843,full,full,full
req_004453,benign,4.1484833e-05,0.038849061238045414,full,full,full
req_004454,exhaustion,0.9993279,0.052224710974536015,full,full,quarantine
req_004455,benign,7.1167946e-05,0.8157001439743297,full,full,full
req_004456,benign,1.347065e-05,0.06643757087803562,full,full,full
req_004457,benign,0.0006399751,0.9188510552197764,full,full,full
req_004458,benign,0.00021070242,0.8026380538585729,full,full,full
req_004459,benign,7.43866e-05,0.8299676148678844,full,full,full
req_004460,benign,1.168251e-05,0.02383737120023392,full,full,full
req_004461,benign,1.13248825e-05,0.8074217657156351,full,full,full
req_004462,benign,0.0025234818,0.9105375727120321,full,full,full
req_004463,benign,6.3061714e-05,0.8076574487040471,full,full,full
req_004464,benign,2.1576881e-05,0.8042025731290341,full,full,full
req_004465,benign,2.360344e-05,0.8296411772685189,full,full,full
req_004466,benign,1.2636185e-05,0.8349975166856197,full,full,full
req_004467,benign,0.0002847314,0.024322407943030578,full,full,full
req_004468,benign,0.00017249584,0.9029960026529583,full,full,full
req_004469,benign,3.1232834e-05,0.06288549544977663,full,full,full
req_004470,benign,2.670288e-05,0.8987711663149311,full,full,full
req_004471,benign,0.00073856115,0.8093180745716252,full,full,full
req_004472,benign,8.547306e-05,0.8769240437652578,full,full,full
req_004473,benign,1.5258789e-05,0.02754832106737388,full,full,full
req_004474,benign,3.695488e-05,0.04256913810517056,full,full,full
req_004475,benign,2.2768974e-05,0.9214098056492686,full,full,full
req_004476,benign,1.5377998e-05,0.022497536867719405,full,full,full
req_004477,benign,2.0861626e-05,0.02353527680402534,full,full,full
req_004478,benign,2.169609e-05,0.7764678730066944,full,full,full
req_004479,benign,7.379055e-05,0.8432136643517654,full,full,full
req_004480,benign,8.6188316e-05,0.8684429853831613,full,full,full
req_004481,benign,0.00017303228,0.7440526179944869,full,full,full
req_004482,exhaustion,0.9996977,0.06207286047662465,full,full,quarantine
req_004483,benign,2.336502e-05,0.8442962055323759,full,full,full
req_004484,benign,6.520748e-05,0.01206137816871956,full,full,full
req_004485,benign,2.3841858e-05,0.799870243781504,full,full,full
req_004486,benign,1.835823e-05,0.021566977871124902,full,full,full
req_004487,benign,7.212162e-05,0.8314494830156903,full,full,full
req_004488,benign,5.698204e-05,0.8324319988823458,full,full,full
req_004489,benign,3.2544136e-05,0.03620656755351389,full,full,full
req_004490,benign,0.00031161308,0.9520968947861089,full,full,full
req_004491,benign,1.1205673e-05,0.03840310748664662,full,full,full
req_004492,benign,3.2663345e-05,0.9492161055813159,full,full,full
req_004493,benign,0.00020033121,0.829170415296435,full,full,full
req_004494,benign,2.348423e-05,0.05257584310513114,full,full,full
req_004495,benign,5.888939e-05,0.8216133223995371,full,full,full
req_004496,benign,7.998943e-05,0.03788797614541244,full,full,full
req_004497,benign,0.08947909,0.0,full,full,full
req_004498,benign,7.534027e-05,0.8853780650437948,full,full,full
req_004499,benign,0.00029343367,0.7827505803470737,full,full,full
req_004500,benign,3.528595e-05,0.03600963543389911,full,full,full
req_004501,benign,0.006899357,0.9065935071248445,full,full,full
req_004502,benign,0.00015544891,0.8736535254211404,full,full,full
req_004503,benign,0.0004556775,0.8162045163167928,full,full,full
req_004504,benign,6.9618225e-05,0.8403887161614969,full,full,full
req_004505,benign,2.1100044e-05,0.02401937997906681,full,full,full
req_004506,benign,2.2053719e-05,0.8619268550607585,full,full,full
req_004507,benign,0.00013947487,0.011320454722051232,full,full,full
req_004508,benign,2.193451e-05,0.7954785990686081,full,full,full
req_004509,benign,0.031584382,0.940752580714157,full,full,full
req_004510,benign,2.3126602e-05,0.026295466647295346,full,full,full
req_004511,benign,0.00011384487,0.05362617673511741,full,full,full
req_004512,benign,6.7830086e-05,0.7783682741465556,full,full,full
req_004513,benign,2.3961067e-05,0.895319665438274,full,full,full
req_004514,benign,1.9907951e-05,0.8461829777589495,full,full,full
req_004515,exhaustion,0.0016925335,0.03642407324187976,full,full,full
req_004516,benign,1.21593475e-05,0.8607022117351385,full,full,full
req_004517,benign,5.3167343e-05,0.8647518536983744,full,full,full
req_004518,benign,3.4570694e-05,0.019718624127790838,full,full,full
req_004519,benign,3.6597252e-05,0.809501865094745,full,full,full
req_004520,injection,0.9993116,0.036999996253815226,full,quarantine,quarantine
req_004521,benign,8.916855e-05,0.7964567196807097,full,full,full
req_004522,benign,5.698204e-05,0.07414103254601516,full,full,full
req_004523,benign,2.4080276e-05,0.7476250241795375,full,full,full
req_004524,benign,1.7523766e-05,0.8546029222410277,full,full,full
req_004525,benign,3.170967e-05,0.027439849140645168,full,full,full
req_004526,benign,6.186962e-05,0.04265772461068565,full,full,full
req_004527,benign,1.7762184e-05,0.7778684612188177,full,full,full
req_004528,benign,3.385544e-05,0.055786478486879856,full,full,full
req_004529,benign,3.6597252e-05,0.8946778250532631,full,full,full
req_004530,benign,8.904934e-05,0.03020653277346433,full,full,full
req_004531,benign,6.484985e-05,0.8716729628104876,full,full,full
req_004532,benign,0.0018022656,0.0,full,full,full
req_004533,benign,0.0013444424,0.00020136808303363243,full,full,full
req_004534,benign,0.001213491,0.8106723143539959,full,full,full
req_004535,benign,9.763241e-05,0.02608441731801436,full,full,full
req_004536,benign,1.5616417e-05,0.038876725148255284,full,full,full
req_004537,benign,2.515316e-05,0.020739049857231306,full,full,full
req_004538,benign,0.0001810193,0.8537494707960799,full,full,full
req_004539,injection,0.99956226,0.04460201925915527,full,quarantine,quarantine
req_004540,benign,0.00014412403,0.8674540587788944,full,full,full
req_004541,benign,3.4928322e-05,0.9138013336517028,full,full,full
req_004542,injection,0.99935496,0.03017535358533268,full,quarantine,quarantine
req_004543,injection,0.9994973,0.03351044826252711,full,quarantine,quarantine
req_004544,benign,1.5377998e-05,0.8050967242384978,full,full,full
req_004545,benign,3.6001205e-05,0.0400494254787059,full,full,full
req_004546,benign,0.00024193525,0.8652967169908609,full,full,full
req_004547,benign,1.7762184e-05,0.8977242950298743,full,full,full
req_004548,benign,1.9788742e-05,0.0,full,full,full
req_004549,benign,1.4662743e-05,0.9153666219160658,full,full,full
req_004550,benign,5.6624413e-05,0.03598309351652527,full,full,full
req_004551,benign,4.029274e-05,0.008923032087008464,full,full,full
req_004552,benign,1.7166138e-05,0.06210474490200823,full,full,full
req_004553,benign,2.0503998e-05,0.8439902548732213,full,full,full
req_004554,benign,1.6570091e-05,0.03089128272433348,full,full,full
req_004555,benign,2.0861626e-05,0.014791673087152873,full,full,full
req_004556,benign,1.7762184e-05,0.03913910424558281,full,full,full
req_004557,benign,1.6450882e-05,0.8763853815838739,full,full,full
req_004558,benign,3.159046e-05,0.89613733996893,full,full,full
req_004559,benign,1.9073486e-05,0.8032788261545595,full,full,full
req_004560,benign,0.00011181831,0.054622146229134166,full,full,full
req_004561,benign,6.234646e-05,0.9189690104933386,full,full,full
req_004562,benign,1.335144e-05,0.018099528472058445,full,full,full
req_004563,injection,0.9990379,0.016213713333410075,full,quarantine,quarantine
req_004564,benign,2.3722649e-05,0.8719095959648259,full,full,full
req_004565,benign,3.4928322e-05,0.8194389235285491,full,full,full
req_004566,injection,0.99915195,0.023205446951147263,full,quarantine,quarantine
req_004567,benign,1.180172e-05,0.8219813758475304,full,full,full
req_004568,benign,1.9073486e-05,0.7918372266736432,full,full,full
req_004569,benign,0.00040346384,0.8436248808071781,full,full,full
req_004570,benign,1.7762184e-05,0.9373583333991865,full,full,full
req_004571,benign,0.01826036,0.8432913180878916,full,full,full
req_004572,exhaustion,0.9997853,0.04378381494917295,full,full,quarantine
req_004573,benign,0.0003824234,0.016747566437576467,full,full,full
req_004574,benign,1.180172e-05,0.021002559944055893,full,full,full
req_004575,benign,0.021228611,0.01683952971034657,full,full,full
req_004576,benign,2.002716e-05,0.8682648328367496,full,full,full
req_004577,injection,0.9994306,0.8391339661115056,full,quarantine,quarantine
req_004578,exhaustion,0.9995872,0.014723837708043093,full,full,quarantine
req_004579,benign,5.376339e-05,0.029941791127369565,full,full,full
req_004580,benign,8.249283e-05,0.8980941867332496,full,full,full
req_004581,exhaustion,0.9994023,0.030264766742858457,full,full,quarantine
req_004582,benign,8.034706e-05,0.9706064402359996,full,full,full
req_004583,benign,3.2782555e-05,0.008530085005641622,full,full,full
req_004584,exhaustion,0.9996604,0.03899069404416118,full,full,quarantine
req_004585,benign,8.1419945e-05,0.8078312098971814,full,full,full
req_004586,benign,2.6345253e-05,0.013117255343111981,full,full,full
req_004587,benign,4.6014786e-05,0.04527463003167024,full,full,full
req_004588,injection,0.99945676,0.03224348190591769,full,quarantine,quarantine
req_004589,benign,3.71933e-05,0.048106489014899806,full,full,full
req_004590,benign,1.7285347e-05,0.8526476517863265,full,full,full
req_004591,benign,7.379055e-05,0.7728050674678911,full,full,full
req_004592,benign,3.504753e-05,0.042413944411083586,full,full,full
req_004593,benign,0.00068831444,0.02765110860176413,full,full,full
req_004594,benign,1.5854836e-05,0.03171011103630593,full,full,full
req_004595,injection,0.9995873,0.01275439840541812,full,quarantine,quarantine
req_004596,benign,1.0967255e-05,0.021555989210497343,full,full,full
req_004597,benign,3.0875206e-05,0.04748690443656563,full,full,full
req_004598,benign,0.006033659,0.06022578155398116,full,full,full
req_004599,benign,2.515316e-05,0.8639907787645463,full,full,full
req_004600,benign,1.4662743e-05,0.8166194904419575,full,full,full
req_004601,injection,0.9996759,0.01950020864809461,full,quarantine,quarantine
req_004602,benign,2.1576881e-05,0.8720345053389756,full,full,full
req_004603,benign,1.180172e-05,0.8446403910162974,full,full,full
req_004604,benign,0.00018900633,0.7942393392900329,full,full,full
req_004605,benign,1.335144e-05,0.7831594864185126,full,full,full
req_004606,injection,0.99951446,0.026690496143243092,full,quarantine,quarantine
req_004607,exhaustion,0.9987529,0.005321589890249875,full,full,quarantine
req_004608,benign,4.708767e-05,0.005376853933081637,full,full,full
req_004609,injection,0.99906766,0.8255166840199558,full,quarantine,quarantine
req_004610,benign,0.00017946959,0.9221779263039943,full,full,full
req_004611,benign,5.686283e-05,0.8455833680200054,full,full,full
req_004612,benign,6.4373016e-05,0.012424555742431401,full,full,full
req_004613,benign,2.1219254e-05,0.8492164527962259,full,full,full
req_004614,benign,4.9471855e-05,0.9190091622091212,full,full,full
req_004615,benign,6.520748e-05,0.8039850726726803,full,full,full
req_004616,benign,1.7523766e-05,0.8528667007897872,full,full,full
req_004617,benign,0.00015354156,0.0,full,full,full
req_004618,benign,7.9512596e-05,0.04359495710582243,full,full,full
req_004619,benign,4.3272972e-05,0.8399033183701615,full,full,full
req_004620,benign,2.2888184e-05,0.0,full,full,full
req_004621,benign,3.504753e-05,0.8000513710349321,full,full,full
req_004622,benign,0.00059759617,0.0655552445913413,full,full,full
req_004623,benign,2.2172928e-05,0.00892154198889818,full,full,full
req_004624,benign,0.0004554391,0.8014009205558211,full,full,full
req_004625,benign,0.00031280518,0.017973884083435178,full,full,full
req_004626,injection,0.9995611,0.020120269243293715,full,quarantine,quarantine
req_004627,injection,0.9993603,0.008996607037693824,full,quarantine,quarantine
req_004628,benign,0.00010848045,0.8677178588018722,full,full,full
req_004629,benign,5.340576e-05,0.8022278123279125,full,full,full
req_004630,benign,1.7762184e-05,0.03847698227752927,full,full,full
req_004631,benign,3.5881996e-05,0.0,full,full,full
req_004632,benign,2.2649765e-05,0.0,full,full,full
req_004633,benign,0.00333637,0.9155272959795702,full,full,full
req_004634,benign,3.373623e-05,0.8687011903507773,full,full,full
req_004635,injection,0.99957144,0.8635738936072802,full,quarantine,quarantine
req_004636,benign,0.0047700405,0.8635013120803696,full,full,full
req_004637,benign,5.054474e-05,0.9161759942910523,full,full,full
req_004638,benign,2.3245811e-05,0.8646775761301269,full,full,full
req_004639,benign,2.348423e-05,0.791790250660426,full,full,full
req_004640,benign,1.347065e-05,0.06256269540326458,full,full,full
req_004641,benign,1.5377998e-05,1.0,full,full,full
req_004642,benign,0.00054472685,0.020818758147018952,full,full,full
req_004643,benign,1.5377998e-05,0.05217457673642098,full,full,full
req_004644,benign,3.4689903e-05,0.02164922118006858,full,full,full
req_004645,benign,1.6450882e-05,0.9185499145799243,full,full,full
req_004646,benign,3.2544136e-05,0.9173038831135722,full,full,full
req_004647,benign,3.1352043e-05,0.8400485505766186,full,full,full
req_004648,benign,3.33786e-05,0.029841053409417544,full,full,full
req_004649,exhaustion,0.9734011,0.005952414587647288,full,full,quarantine
req_004650,benign,4.005432e-05,0.028555624768019188,full,full,full
req_004651,benign,9.775162e-05,0.02179281947008726,full,full,full
req_004652,benign,0.000449121,0.9033331224892411,full,full,full
req_004653,benign,3.7908554e-05,0.054330769291436064,full,full,full
req_004654,injection,0.9986476,0.013406008358350915,full,quarantine,quarantine
req_004655,benign,1.9073486e-05,0.06847638280943438,full,full,full
req_004656,injection,0.99960506,0.06858775468310088,full,quarantine,quarantine
req_004657,benign,6.699562e-05,0.8511623185402425,full,full,full
req_004658,benign,0.00056165457,0.007028835545903531,full,full,full
req_004659,benign,5.9366226e-05,0.8679066611111346,full,full,full
req_004660,benign,1.335144e-05,0.00820850709102363,full,full,full
req_004661,benign,8.368492e-05,0.8154415864051461,full,full,full
req_004662,benign,3.874302e-05,0.8244944171228548,full,full,full
req_004663,exhaustion,0.9992894,0.039281907675588604,full,full,quarantine
req_004664,benign,3.33786e-05,0.807486172782011,full,full,full
req_004665,benign,1.7166138e-05,0.8743898334865101,full,full,full
req_004666,benign,5.1140785e-05,0.043440116605163365,full,full,full
req_004667,benign,2.861023e-05,0.8337066487785888,full,full,full
req_004668,benign,1.41859055e-05,0.875128657669312,full,full,full
req_004669,benign,4.2438507e-05,0.0075023028633376294,full,full,full
req_004670,injection,0.99949825,0.021121692545967217,full,quarantine,quarantine
req_004671,benign,3.9815903e-05,0.07177598474524913,full,full,full
req_004672,benign,4.4703484e-05,0.8936762770667653,full,full,full
req_004673,benign,1.692772e-05,0.026074777288555166,full,full,full
req_004674,benign,1.41859055e-05,0.9654831309383739,full,full,full
req_004675,benign,2.2888184e-05,0.829094012667902,full,full,full
req_004676,benign,0.00010037422,0.8892528408772075,full,full,full
req_004677,benign,0.00022822618,0.028288422032276855,full,full,full
req_004678,benign,4.172325e-05,0.8870127991472789,full,full,full
req_004679,injection,0.99954337,0.039727397241196186,full,quarantine,quarantine
req_004680,benign,2.1219254e-05,0.008407908088644136,full,full,full
req_004681,injection,0.99958986,0.01936600721035034,full,quarantine,quarantine
req_004682,benign,3.0875206e-05,0.8565193398111627,full,full,full
req_004683,benign,6.54459e-05,0.05193989034802187,full,full,full
req_004684,benign,1.5616417e-05,0.77942571269635,full,full,full
req_004685,benign,6.902218e-05,0.022886265846296057,full,full,full
req_004686,exhaustion,0.99832183,0.021771059533503258,full,full,quarantine
req_004687,injection,0.9990888,0.022333157657988278,full,quarantine,quarantine
req_004688,benign,0.0002643466,0.8343518101377576,full,full,full
req_004689,benign,1.8000603e-05,0.0,full,full,full
req_004690,benign,1.5616417e-05,0.8230745995079781,full,full,full
req_004691,benign,1.8835068e-05,0.045046824814164034,full,full,full
req_004692,benign,0.00080519915,0.9390951393430786,full,full,full
req_004693,benign,1.7881393e-05,0.0,full,full,full
req_004694,benign,0.0001283884,0.0,full,full,full
req_004695,benign,0.00026518106,0.8626987574302146,full,full,full
req_004696,benign,4.684925e-05,0.03988297843235054,full,full,full
req_004697,benign,2.360344e-05,0.7435409870168695,full,full,full
req_004698,benign,3.4809113e-05,0.8784827218219912,full,full,full
req_004699,benign,1.2040138e-05,0.009410884002113085,full,full,full
req_004700,benign,3.0755997e-05,0.7705684483591327,full,full,full
req_004701,benign,2.026558e-05,0.8920285622691374,full,full,full
req_004702,benign,5.197525e-05,0.02961789181908089,full,full,full
req_004703,injection,0.9997189,0.02888656302990029,full,quarantine,quarantine
req_004704,benign,1.41859055e-05,0.03290493286936185,full,full,full
req_004705,benign,6.842613e-05,0.8413618063407456,full,full,full
req_004706,benign,2.0623207e-05,0.8458211578707068,full,full,full
req_004707,benign,4.4703484e-05,0.76637511967527,full,full,full
req_004708,benign,0.00033009052,0.03903654439909715,full,full,full
req_004709,benign,0.0003578663,0.9463750832069622,full,full,full
req_004710,benign,0.00015568733,0.0,full,full,full
req_004711,benign,2.0742416e-05,0.016032860934977973,full,full,full
req_004712,benign,5.2332878e-05,0.8927379189047373,full,full,full
req_004713,benign,2.026558e-05,0.8816453836742116,full,full,full
req_004714,benign,1.2874603e-05,0.8854330674577157,full,full,full
req_004715,benign,4.1604042e-05,0.8887284361472451,full,full,full
req_004716,exhaustion,0.9909116,0.029989474862404338,full,full,quarantine
req_004717,benign,3.7431717e-05,0.777361345635752,full,full,full
req_004718,benign,3.349781e-05,0.03979918100727405,full,full,full
req_004719,injection,0.9994909,0.0,full,quarantine,quarantine
req_004720,benign,2.682209e-05,0.0,full,full,full
req_004721,benign,0.00020211935,0.8843611740150038,full,full,full
req_004722,benign,1.9431114e-05,0.8034630026504093,full,full,full
req_004723,benign,1.66893e-05,0.03073471172832634,full,full,full
req_004724,benign,2.7418137e-05,0.015932040469457343,full,full,full
req_004725,benign,3.182888e-05,0.9672693756755619,full,full,full
req_004726,benign,1.4543533e-05,0.05480754265822534,full,full,full
req_004727,benign,4.208088e-05,0.7774472110221708,full,full,full
req_004728,benign,1.6450882e-05,0.8480096251014773,full,full,full
req_004729,benign,1.4543533e-05,0.8794850117945232,full,full,full
req_004730,benign,3.4213066e-05,0.8781667670159353,full,full,full
req_004731,benign,3.6478043e-05,0.8277668425043724,full,full,full
req_004732,benign,0.0018883944,0.02015911611182648,full,full,full
req_004733,benign,1.6570091e-05,0.020594185986532135,full,full,full
req_004734,benign,1.6450882e-05,0.06902675254013427,full,full,full
req_004735,benign,1.7166138e-05,0.8420901044849427,full,full,full
req_004736,benign,2.0861626e-05,0.8182527503308414,full,full,full
req_004737,exhaustion,0.99887747,0.036935371313988774,full,full,quarantine
req_004738,benign,0.00021976233,0.029871740576100633,full,full,full
req_004739,benign,3.4451485e-05,0.8770596493636805,full,full,full
req_004740,benign,3.2782555e-05,0.04169996397448698,full,full,full
req_004741,exhaustion,0.91540605,0.0,full,full,quarantine
req_004742,benign,3.4570694e-05,0.885921976638062,full,full,full
req_004743,benign,8.21352e-05,0.0388218882486808,full,full,full
req_004744,injection,0.9994028,0.03432465327878826,full,quarantine,quarantine
req_004745,benign,4.36306e-05,0.776285134434264,full,full,full
req_004746,benign,1.1205673e-05,0.8374150082167207,full,full,full
req_004747,benign,1.9907951e-05,0.8388477902662257,full,full,full
req_004748,injection,0.9996814,0.031067191392613682,full,quarantine,quarantine
req_004749,benign,0.003417313,0.8498704102156647,full,full,full
req_004750,benign,2.4795532e-05,0.012285967931964684,full,full,full
req_004751,benign,1.680851e-05,0.8582550986282912,full,full,full
req_004752,benign,4.3988228e-05,0.795241452379758,full,full,full
req_004753,exhaustion,0.9975103,0.015337457318162087,full,full,quarantine
req_004754,benign,0.0051952004,0.8169817957073803,full,full,full
req_004755,benign,0.00034725666,0.9494076233081072,full,full,full
req_004756,benign,6.9856644e-05,0.9174089457721515,full,full,full
req_004757,benign,4.4226646e-05,0.03919563053547617,full,full,full
req_004758,benign,2.2888184e-05,0.032209244825504496,full,full,full
req_004759,benign,3.2901764e-05,0.9010816182770978,full,full,full
req_004760,benign,0.00043076277,0.031247443311495444,full,full,full
req_004761,benign,2.5510788e-05,0.8485204357363806,full,full,full
req_004762,benign,2.3126602e-05,0.8532550425508559,full,full,full
req_004763,benign,3.7908554e-05,0.844704959022312,full,full,full
req_004764,benign,5.8293343e-05,0.00649603614401572,full,full,full
req_004765,exhaustion,0.99986345,0.025818255278469912,full,full,quarantine
req_004766,benign,1.347065e-05,0.01697446532667201,full,full,full
req_004767,benign,2.0623207e-05,0.017033436867951317,full,full,full
req_004768,benign,1.8835068e-05,0.05327982610971091,full,full,full
req_004769,benign,1.3828278e-05,0.9517565924042461,full,full,full
req_004770,benign,3.0517578e-05,0.8637273399605462,full,full,full
req_004771,benign,2.1338463e-05,0.0,full,full,full
req_004772,benign,3.4928322e-05,0.9072947026346981,full,full,full
req_004773,benign,0.000108122826,0.02678606249676024,full,full,full
req_004774,benign,2.4437904e-05,0.06563911256340321,full,full,full
req_004775,injection,0.9995468,0.04495214592421504,full,quarantine,quarantine
req_004776,benign,3.1232834e-05,0.01738256200601366,full,full,full
req_004777,benign,2.8252602e-05,0.7875454741880866,full,full,full
req_004778,benign,0.0003248453,0.04787066144487654,full,full,full
req_004779,exhaustion,0.97637695,0.0637921561432899,full,full,quarantine
req_004780,benign,1.8119812e-05,0.853273105889739,full,full,full
req_004781,benign,0.000883162,0.8635279600049411,full,full,full
req_004782,benign,1.0609627e-05,0.8079547099212884,full,full,full
req_004783,benign,0.0025840998,0.8489571706741329,full,full,full
req_004784,benign,1.9550323e-05,0.8271725278641682,full,full,full
req_004785,benign,3.4213066e-05,0.8019594510509692,full,full,full
req_004786,benign,1.2874603e-05,0.8304167476345508,full,full,full
req_004787,benign,9.715557e-05,0.7960777553120412,full,full,full
req_004788,benign,0.000116825104,0.8418897213443112,full,full,full
req_004789,benign,3.1471252e-05,0.837801168189977,full,full,full
req_004790,benign,1.5377998e-05,0.06748483160298975,full,full,full
req_004791,benign,7.2836876e-05,0.9252118633384857,full,full,full
req_004792,benign,9.3102455e-05,0.015019424191452852,full,full,full
req_004793,benign,0.0010620952,0.9133307759421424,full,full,full
req_004794,exhaustion,0.9762363,0.02716708224896338,full,full,quarantine
req_004795,benign,0.0021187663,0.03615198797431319,full,full,full
req_004796,benign,1.4305115e-05,0.011056015139788187,full,full,full
req_004797,injection,0.9992783,0.012646869169328771,full,quarantine,quarantine
req_004798,benign,7.9512596e-05,0.007337962685192226,full,full,full
req_004799,benign,5.042553e-05,0.053346902406700675,full,full,full
req_004800,benign,7.6413155e-05,0.025427350243536675,full,full,full
req_004801,benign,1.4781952e-05,0.8810825125297582,full,full,full
req_004802,benign,2.1219254e-05,0.8757450507290371,full,full,full
req_004803,benign,2.4676323e-05,0.02790364139578544,full,full,full
req_004804,benign,1.3828278e-05,0.7621843849593928,full,full,full
req_004805,benign,2.2172928e-05,0.8413030666545712,full,full,full
req_004806,benign,7.8201294e-05,0.7871416748503081,full,full,full
req_004807,exhaustion,0.99766624,0.0725249898525627,full,full,quarantine
req_004808,benign,1.8000603e-05,0.8545262816265765,full,full,full
req_004809,benign,5.7578087e-05,0.8616495757554554,full,full,full
req_004810,benign,0.00012481213,0.7972065054014449,full,full,full
req_004811,benign,2.3961067e-05,0.8597169497266104,full,full,full
req_004812,benign,0.000109910965,0.02027190906598716,full,full,full
req_004813,benign,2.3841858e-05,0.8396448468600363,full,full,full
req_004814,benign,1.6212463e-05,0.8684727643122357,full,full,full
req_004815,benign,0.00021713972,0.06224621342730936,full,full,full
req_004816,exhaustion,0.9992291,0.01913875883121674,full,full,quarantine
req_004817,benign,1.2516975e-05,0.861520785140422,full,full,full
req_004818,benign,0.0013177991,0.8425521633684676,full,full,full
req_004819,benign,6.520748e-05,0.006291504346071019,full,full,full
req_004820,benign,3.0517578e-05,0.04412875468043391,full,full,full
req_004821,benign,2.1457672e-05,0.8900835217310733,full,full,full
req_004822,benign,4.3153763e-05,0.010742864294379012,full,full,full
req_004823,benign,7.9751015e-05,0.011838979421316936,full,full,full
req_004824,benign,4.220009e-05,0.038230655666293877,full,full,full
req_004825,benign,1.8835068e-05,0.04666634798781009,full,full,full
req_004826,benign,1.9907951e-05,0.009308425493370222,full,full,full
req_004827,benign,0.00017553568,0.9168071858297232,full,full,full
req_004828,benign,2.2649765e-05,0.7856657336393299,full,full,full
req_004829,benign,0.00025099516,0.8477651907551582,full,full,full
req_004830,benign,0.0014874339,0.03498727615348898,full,full,full
req_004831,benign,2.503395e-05,0.0,full,full,full
req_004832,exhaustion,0.9961077,0.021182871998370226,full,full,quarantine
req_004833,benign,3.6478043e-05,0.8728842309614387,full,full,full
req_004834,injection,0.999078,0.049045702678611774,full,quarantine,quarantine
req_004835,benign,7.522106e-05,0.8114583221001069,full,full,full
req_004836,benign,8.928776e-05,0.8732807574387603,full,full,full
req_004837,benign,2.8252602e-05,0.021388263138387452,full,full,full
req_004838,benign,7.164478e-05,0.9426649585085345,full,full,full
req_004839,benign,5.555153e-05,0.8488483369399245,full,full,full
req_004840,injection,0.99961126,0.03971386824543494,full,quarantine,quarantine
req_004841,benign,8.678436e-05,0.8559528959399337,full,full,full
req_004842,benign,1.859665e-05,0.9568987943952534,full,full,full
req_004843,benign,6.592274e-05,0.044573731130255555,full,full,full
req_004844,injection,0.99920714,0.009760377620921381,full,quarantine,quarantine
req_004845,exhaustion,0.9996245,0.033445549212787924,full,full,quarantine
req_004846,benign,2.5749207e-05,0.05963394148203362,full,full,full
req_004847,benign,2.8967857e-05,0.060402856027352486,full,full,full
req_004848,injection,0.99955493,0.030613336815710712,full,quarantine,quarantine
req_004849,benign,7.414818e-05,0.8417396825078494,full,full,full
req_004850,benign,1.2993813e-05,0.8549895020535362,full,full,full
req_004851,benign,1.9907951e-05,0.028755956283282064,full,full,full
req_004852,benign,3.695488e-05,0.005373440727867586,full,full,full
req_004853,benign,1.5377998e-05,0.04726548051776448,full,full,full
req_004854,benign,1.835823e-05,0.8541673679538777,full,full,full
req_004855,benign,0.00019031763,0.9274372691111858,full,full,full
req_004856,benign,1.7762184e-05,0.8945529321151907,full,full,full
req_004857,benign,1.1920929e-05,0.8970460549300175,full,full,full
req_004858,benign,0.03674549,0.9389801365321588,full,full,full
req_004859,benign,5.888939e-05,0.7617247575284978,full,full,full
req_004860,benign,8.368492e-05,0.002316995603984816,full,full,full
req_004861,benign,1.66893e-05,0.8021454978669239,full,full,full
req_004862,benign,0.000516057,0.9083503212497277,full,full,full
req_004863,benign,2.4914742e-05,0.8478969839850204,full,full,full
req_004864,benign,2.3245811e-05,0.8844269133600824,full,full,full
req_004865,exhaustion,0.99523103,0.02618483934416737,full,full,quarantine
req_004866,benign,2.1100044e-05,0.8039029555360937,full,full,full
req_004867,benign,1.9550323e-05,0.848776302719238,full,full,full
req_004868,benign,1.2040138e-05,0.0292856246503469,full,full,full
req_004869,benign,1.5854836e-05,0.8088435641374713,full,full,full
req_004870,benign,0.00013625622,0.0039210826474343485,full,full,full
req_004871,benign,1.9669533e-05,0.05227121187272331,full,full,full
req_004872,benign,2.4914742e-05,0.8085480657413215,full,full,full
req_004873,benign,0.00012874603,0.021940542158819548,full,full,full
req_004874,benign,0.00011742115,0.039060252465369934,full,full,full
req_004875,benign,0.00030338764,0.9020798077713377,full,full,full
req_004876,benign,2.3245811e-05,0.8508991919162515,full,full,full
req_004877,benign,0.026589334,0.8491292619840455,full,full,full
req_004878,benign,2.193451e-05,0.8686662577668856,full,full,full
req_004879,injection,0.9770906,0.017294916068315486,full,full,quarantine
req_004880,benign,2.7418137e-05,0.8649010735317838,full,full,full
req_004881,benign,2.8371811e-05,0.8312529949499625,full,full,full
req_004882,benign,1.1205673e-05,0.8317824711989688,full,full,full
req_004883,benign,5.340576e-05,0.8505081617820035,full,full,full
req_004884,benign,7.915497e-05,0.04539885653071719,full,full,full
req_004885,benign,1.66893e-05,0.8159284600076926,full,full,full
req_004886,injection,0.99907255,0.028329151179651707,full,quarantine,quarantine
req_004887,benign,4.0650368e-05,0.030420787705864243,full,full,full
req_004888,benign,3.6239624e-05,0.01105225334613347,full,full,full
req_004889,benign,6.556511e-05,0.8445024249237754,full,full,full
req_004890,benign,3.9577484e-05,0.03435336525473071,full,full,full
req_004891,benign,0.0001282692,0.0,full,full,full
req_004892,benign,1.3589859e-05,0.045963851923805275,full,full,full
req_004893,benign,1.8835068e-05,0.04354764765163734,full,full,full
req_004894,injection,0.9994888,0.031864665147103434,full,quarantine,quarantine
req_004895,benign,0.0052568913,0.8713828156861273,full,full,full
req_004896,benign,1.2040138e-05,0.026347929943800013,full,full,full
req_004897,benign,4.529953e-05,0.9146603975862801,full,full,full
req_004898,benign,1.7166138e-05,0.005887663639187114,full,full,full
req_004899,benign,0.0005134344,0.03731834051576162,full,full,full
req_004900,benign,2.1100044e-05,0.8290881683230474,full,full,full
req_004901,injection,0.9994159,0.03411289435041711,full,quarantine,quarantine
req_004902,benign,2.503395e-05,0.80377903075147,full,full,full
req_004903,benign,3.3140182e-05,0.8251857148852889,full,full,full
req_004904,benign,0.00013184547,0.0,full,full,full
req_004905,benign,1.347065e-05,0.9062079507507015,full,full,full
req_004906,benign,2.5987625e-05,0.013700371502415275,full,full,full
req_004907,benign,1.4662743e-05,0.026070037325715813,full,full,full
req_004908,benign,9.274483e-05,0.03902176011531722,full,full,full
req_004909,benign,0.00012433529,0.030490570720659672,full,full,full
req_004910,benign,4.4822693e-05,0.88598925665347,full,full,full
req_004911,benign,2.3126602e-05,0.0,full,full,full
req_004912,benign,7.593632e-05,0.9011853393371512,full,full,full
req_004913,benign,0.00028532743,0.7694440266174226,full,full,full
req_004914,benign,1.6450882e-05,0.03776923368955666,full,full,full
req_004915,injection,0.99935764,0.0283080593661774,full,quarantine,quarantine
req_004916,benign,0.00039809942,0.8962769435827027,full,full,full
req_004917,benign,7.069111e-05,0.055346785749119526,full,full,full
req_004918,benign,1.13248825e-05,0.8752169703132132,full,full,full
req_004919,benign,0.0020537972,0.03529152047677263,full,full,full
req_004920,benign,3.6239624e-05,0.9048746540229805,full,full,full
req_004921,benign,1.3232231e-05,0.8408460135824237,full,full,full
req_004922,benign,0.00017166138,0.0018559791661783044,full,full,full
req_004923,benign,8.702278e-05,0.7674450216327597,full,full,full
req_004924,benign,4.041195e-05,0.049854497751173774,full,full,full
req_004925,benign,3.159046e-05,0.0322170550051951,full,full,full
req_004926,benign,3.6001205e-05,0.007873642327743912,full,full,full
req_004927,benign,0.00012850761,0.03873546729754294,full,full,full
req_004928,benign,0.0001462698,0.8219886840846196,full,full,full
req_004929,benign,3.1352043e-05,0.871314818807472,full,full,full
req_004930,benign,8.416176e-05,0.8798687544623636,full,full,full
req_004931,benign,1.5735626e-05,0.04344815693349267,full,full,full
req_004932,benign,4.863739e-05,0.0,full,full,full
req_004933,benign,0.00014925003,0.9488710534526701,full,full,full
req_004934,benign,2.0980835e-05,0.03432004277376506,full,full,full
req_004935,benign,1.7762184e-05,0.9245831066442624,full,full,full
req_004936,benign,4.4703484e-05,0.004592815161375833,full,full,full
req_004937,benign,4.541874e-05,0.0465935825752552,full,full,full
req_004938,benign,0.00018209219,0.8114855897639766,full,full,full
req_004939,benign,3.0517578e-05,0.7904177968396144,full,full,full
req_004940,benign,0.00056010485,0.8105351128647124,full,full,full
req_004941,benign,1.859665e-05,0.049583469360612954,full,full,full
req_004942,benign,1.4901161e-05,0.8714791045400049,full,full,full
req_004943,benign,2.2172928e-05,0.7768620171965397,full,full,full
req_004944,benign,2.5987625e-05,0.9172737318453681,full,full,full
req_004945,benign,1.513958e-05,0.0294062497894555,full,full,full
req_004946,benign,0.00012779236,0.8837913384386886,full,full,full
req_004947,benign,2.1219254e-05,0.040434310965557926,full,full,full
req_004948,benign,4.696846e-05,0.8665934481972367,full,full,full
req_004949,benign,2.3245811e-05,0.8320157306935843,full,full,full
req_004950,benign,9.417534e-05,0.879577178487607,full,full,full
req_004951,benign,2.7179718e-05,0.007603925571433176,full,full,full
req_004952,benign,0.0011193156,0.03228735393477168,full,full,full
req_004953,injection,0.99412686,8.409635260858694e-05,full,quarantine,quarantine
req_004954,benign,2.014637e-05,0.041860120141312115,full,full,full
req_004955,benign,0.001995504,0.8510925473718112,full,full,full
req_004956,benign,1.335144e-05,0.04344128162030669,full,full,full
req_004957,benign,6.03199e-05,0.0136478782289534,full,full,full
req_004958,benign,2.6464462e-05,0.03327139281002456,full,full,full
req_004959,benign,2.2530556e-05,0.023604660409903364,full,full,full
req_004960,benign,3.6239624e-05,0.04852297323829079,full,full,full
req_004961,benign,5.340576e-05,0.7677066734157922,full,full,full
req_004962,benign,1.4305115e-05,0.03088580028368894,full,full,full
req_004963,benign,1.21593475e-05,0.8468612598834397,full,full,full
req_004964,benign,1.9788742e-05,0.8350204483394345,full,full,full
req_004965,benign,2.1219254e-05,0.8848413508799954,full,full,full
req_004966,benign,1.5377998e-05,0.8393311901849695,full,full,full
req_004967,benign,1.3709068e-05,0.8408703601119714,full,full,full
req_004968,benign,0.00015175343,0.852674000164975,full,full,full
req_004969,benign,6.330013e-05,0.8111250439941204,full,full,full
req_004970,benign,6.3061714e-05,0.03118004960591606,full,full,full
req_004971,benign,0.00039750338,0.009281424301290569,full,full,full
req_004972,benign,3.6001205e-05,0.8555094590735687,full,full,full
req_004973,benign,3.373623e-05,0.9387580878669024,full,full,full
req_004974,benign,3.0517578e-05,0.01987262608611465,full,full,full
req_004975,benign,7.43866e-05,0.04049808549141117,full,full,full
req_004976,benign,4.029274e-05,0.8756156438541852,full,full,full
req_004977,benign,1.3232231e-05,0.7963129225680396,full,full,full
req_004978,benign,3.516674e-05,0.021068185706044643,full,full,full
req_004979,benign,2.3961067e-05,0.8525327894442589,full,full,full
req_004980,injection,0.99967384,0.03446582733247486,full,quarantine,quarantine
req_004981,benign,1.9073486e-05,0.80688187133682,full,full,full
req_004982,benign,1.680851e-05,0.8297193558972805,full,full,full
req_004983,exhaustion,0.6801152,0.0723613617537642,full,full,sandbox
req_004984,benign,4.3272972e-05,0.04952247488235404,full,full,full
req_004985,injection,0.9996132,0.06743427655430963,full,quarantine,quarantine
req_004986,benign,3.8027763e-05,0.017866035168419732,full,full,full
req_004987,benign,4.6491623e-05,0.026038314539897564,full,full,full
req_004988,benign,1.2636185e-05,0.8202636253200785,full,full,full
req_004989,benign,7.736683e-05,0.7398525837360632,full,full,full
req_004990,benign,1.8000603e-05,0.8398012033097514,full,full,full
req_004991,benign,6.2942505e-05,0.7734768275115664,full,full,full
req_004992,benign,8.261204e-05,0.8870414108204718,full,full,full
req_004993,injection,0.9997623,0.04526697912849541,full,quarantine,quarantine
req_004994,benign,0.00010895729,0.027973431402590655,full,full,full
req_004995,benign,6.711483e-05,0.9526740702949443,full,full,full
req_004996,benign,5.042553e-05,0.02413723062383559,full,full,full
req_004997,benign,1.1563301e-05,0.018363983682772422,full,full,full
req_004998,benign,1.3232231e-05,0.8085732455461089,full,full,full
req_004999,benign,1.2993813e-05,0.056022501650175055,full,full,full
